2026-09-15 09:12:25.654  INFO 2232 --- [NA] [  restartedMain] c.backend.dealspot.DealspotApplication   : Starting DealspotApplication using Java 26.0.1 with PID 2232 (C:\Users\User\Desktop\DEVELOPMENT PROJECTS\DEALSPOT\SPRINGBOOT\target\classes started by User in C:\Users\User\Desktop\DEVELOPMENT PROJECTS\DEALSPOT\SPRINGBOOT)
2026-09-15 09:12:25.662 DEBUG 2232 --- [NA] [  restartedMain] c.backend.dealspot.DealspotApplication   : Running with Spring Boot v4.0.6, Spring v7.0.7
2026-09-15 09:12:25.664  INFO 2232 --- [NA] [  restartedMain] c.backend.dealspot.DealspotApplication   : No active profile set, falling back to 1 default profile: "default"
2026-09-15 09:12:25.736  INFO 2232 --- [NA] [  restartedMain] .e.DevToolsPropertyDefaultsPostProcessor : Devtools property defaults active! Set 'spring.devtools.add-properties' to 'false' to disable
2026-09-15 09:12:25.736  INFO 2232 --- [NA] [  restartedMain] .e.DevToolsPropertyDefaultsPostProcessor : For additional web related logging consider setting the 'logging.level.web' property to 'DEBUG'
2026-09-15 09:12:26.776  INFO 2232 --- [NA] [  restartedMain] .s.d.r.c.RepositoryConfigurationDelegate : Bootstrapping Spring Data JPA repositories in DEFAULT mode.
2026-09-15 09:12:26.933  INFO 2232 --- [NA] [  restartedMain] .s.d.r.c.RepositoryConfigurationDelegate : Finished Spring Data repository scanning in 145 ms. Found 22 JPA repository interfaces.
2026-09-15 09:12:27.641  INFO 2232 --- [NA] [  restartedMain] o.s.boot.tomcat.TomcatWebServer          : Tomcat initialized with port 8080 (http)
2026-09-15 09:12:27.655  INFO 2232 --- [NA] [  restartedMain] o.apache.catalina.core.StandardService   : Starting service [Tomcat]
2026-09-15 09:12:27.655  INFO 2232 --- [NA] [  restartedMain] o.apache.catalina.core.StandardEngine    : Starting Servlet engine: [Apache Tomcat/11.0.21]
2026-09-15 09:12:27.726  INFO 2232 --- [NA] [  restartedMain] b.w.c.s.WebApplicationContextInitializer : Root WebApplicationContext: initialization completed in 1988 ms
2026-09-15 09:12:27.898  INFO 2232 --- [NA] [  restartedMain] org.hibernate.orm.jpa                    : HHH008540: Processing PersistenceUnitInfo [name: default]
2026-09-15 09:12:27.968  INFO 2232 --- [NA] [  restartedMain] org.hibernate.orm.core                   : HHH000001: Hibernate ORM core version 7.2.12.Final
2026-09-15 09:12:28.465  INFO 2232 --- [NA] [  restartedMain] o.s.o.j.p.SpringPersistenceUnitInfo      : No LoadTimeWeaver setup: ignoring JPA class transformer
2026-09-15 09:12:28.503  INFO 2232 --- [NA] [  restartedMain] com.zaxxer.hikari.HikariDataSource       : HikariPool-1 - Starting...
2026-09-15 09:12:33.638  INFO 2232 --- [NA] [  restartedMain] com.zaxxer.hikari.pool.HikariPool        : HikariPool-1 - Added connection com.mysql.cj.jdbc.ConnectionImpl@1379df52
2026-09-15 09:12:33.640  INFO 2232 --- [NA] [  restartedMain] com.zaxxer.hikari.HikariDataSource       : HikariPool-1 - Start completed.
2026-09-15 09:12:33.737  INFO 2232 --- [NA] [  restartedMain] org.hibernate.orm.connections.pooling    : HHH10001005: Database info:
	Database JDBC URL [jdbc:mysql://192.168.1.110:3306/dealspot_test?useSSL=false&serverTimezone=UTC]
	Database driver: MySQL Connector/J
	Database dialect: MySQLDialect
	Database version: 8.0.46
	Default catalog/schema: dealspot_test/undefined
	Autocommit mode: undefined/unknown
	Isolation level: REPEATABLE_READ [default REPEATABLE_READ]
	JDBC fetch size: none
	Pool: DataSourceConnectionProvider
	Minimum pool size: undefined/unknown
	Maximum pool size: undefined/unknown
2026-09-15 09:12:35.203  INFO 2232 --- [NA] [  restartedMain] org.hibernate.orm.core                   : HHH000489: No JTA platform available (set 'hibernate.transaction.jta.platform' to enable JTA platform integration)
2026-09-15 09:12:35.207  INFO 2232 --- [NA] [  restartedMain] org.hibernate.orm.jdbc.batch             : HHH100501: Automatic JDBC statement batching enabled (maximum batch size 500)
2026-09-15 09:12:35.746  INFO 2232 --- [NA] [  restartedMain] j.LocalContainerEntityManagerFactoryBean : Initialized JPA EntityManagerFactory for persistence unit 'default'
2026-09-15 09:12:35.834  INFO 2232 --- [NA] [  restartedMain] o.s.d.j.r.query.QueryEnhancerFactories   : Hibernate is in classpath; If applicable, HQL parser will be used.
2026-09-15 09:12:36.535 DEBUG 2232 --- [NA] [  restartedMain] c.b.d.security.JwtAuthenticationFilter   : Filter 'jwtAuthenticationFilter' configured for use
2026-09-15 09:12:38.966  WARN 2232 --- [NA] [  restartedMain] JpaBaseConfiguration$JpaWebConfiguration : spring.jpa.open-in-view is enabled by default. Therefore, database queries may be performed during view rendering. Explicitly configure spring.jpa.open-in-view to disable this warning
2026-09-15 09:12:39.947  INFO 2232 --- [NA] [  restartedMain] o.s.boot.tomcat.TomcatWebServer          : Tomcat started on port 8080 (http) with context path '/'
2026-09-15 09:12:39.955  INFO 2232 --- [NA] [  restartedMain] c.backend.dealspot.DealspotApplication   : Started DealspotApplication in 14.778 seconds (process running for 15.451)
2026-09-15 09:13:06.875  INFO 2232 --- [NA] [0.0-8080-exec-2] o.a.c.c.C.[Tomcat].[localhost].[/]       : Initializing Spring DispatcherServlet 'dispatcherServlet'
2026-09-15 09:13:06.876  INFO 2232 --- [NA] [0.0-8080-exec-2] o.s.web.servlet.DispatcherServlet        : Initializing Servlet 'dispatcherServlet'
2026-09-15 09:13:06.878  INFO 2232 --- [NA] [0.0-8080-exec-2] o.s.web.servlet.DispatcherServlet        : Completed initialization in 2 ms
2026-09-15 09:13:07.241 DEBUG 2232 --- [1e95016a] [0.0-8080-exec-5] c.b.d.security.JwtAuthenticationFilter   : Authenticated user [lulu@1.com] with role(s) [[ROLE_STORE_MANAGER]] for URI [/api/dealspot/notifications/my]
2026-09-15 09:13:07.241 DEBUG 2232 --- [18f2305b] [0.0-8080-exec-9] c.b.d.security.JwtAuthenticationFilter   : Authenticated user [lulu@1.com] with role(s) [[ROLE_STORE_MANAGER]] for URI [/api/dealspot/categories/fetch-categories]
2026-09-15 09:13:07.241 DEBUG 2232 --- [6a065932] [0.0-8080-exec-4] c.b.d.security.JwtAuthenticationFilter   : Authenticated user [lulu@1.com] with role(s) [[ROLE_STORE_MANAGER]] for URI [/api/dealspot/offers/my-saved]
2026-09-15 09:13:07.241 DEBUG 2232 --- [f18e05cf] [0.0-8080-exec-8] c.b.d.security.JwtAuthenticationFilter   : Authenticated user [lulu@1.com] with role(s) [[ROLE_STORE_MANAGER]] for URI [/api/dealspot/notifications/unread-count]
2026-09-15 09:13:07.241 DEBUG 2232 --- [d566ecd9] [.0-8080-exec-10] c.b.d.security.JwtAuthenticationFilter   : Authenticated user [lulu@1.com] with role(s) [[ROLE_STORE_MANAGER]] for URI [/api/dealspot/cities/fetch-all]
2026-09-15 09:13:07.242 DEBUG 2232 --- [2b90c4f1] [0.0-8080-exec-6] c.b.d.security.JwtAuthenticationFilter   : Authenticated user [lulu@1.com] with role(s) [[ROLE_STORE_MANAGER]] for URI [/api/dealspot/stores/fetch-all-stores]
2026-09-15 09:13:07.352 DEBUG 2232 --- [d911bb60] [0.0-8080-exec-7] c.b.d.security.JwtAuthenticationFilter   : Authenticated user [lulu@1.com] with role(s) [[ROLE_STORE_MANAGER]] for URI [/api/dealspot/offers/fetch-all-offers]
2026-09-15 09:13:07.357 DEBUG 2232 --- [607477c9] [0.0-8080-exec-1] c.b.d.security.JwtAuthenticationFilter   : Authenticated user [lulu@1.com] with role(s) [[ROLE_STORE_MANAGER]] for URI [/api/dealspot/brands/search]
2026-09-15 09:13:07.373  WARN 2232 --- [607477c9] [0.0-8080-exec-1] ration$PageModule$WarningLoggingModifier : Serializing PageImpl instances as-is is not supported, meaning that there is no guarantee about the stability of the resulting JSON structure!
	For a stable JSON structure, please use Spring Data's PagedModel (globally via @EnableSpringDataWebSupport(pageSerializationMode = VIA_DTO))
	or Spring HATEOAS and Spring Data's PagedResourcesAssembler as documented in https://docs.spring.io/spring-data/commons/reference/repositories/core-extensions.html#core.web.pageables.

2026-09-15 09:13:07.401 DEBUG 2232 --- [a5615d53] [0.0-8080-exec-3] c.b.d.security.JwtAuthenticationFilter   : Authenticated user [lulu@1.com] with role(s) [[ROLE_STORE_MANAGER]] for URI [/api/dealspot/offers/my-saved]
2026-09-15 09:13:07.404 DEBUG 2232 --- [2b3fc55f] [0.0-8080-exec-9] c.b.d.security.JwtAuthenticationFilter   : Authenticated user [lulu@1.com] with role(s) [[ROLE_STORE_MANAGER]] for URI [/api/flyers/fetch-all-flyers]
2026-09-15 09:13:07.425 DEBUG 2232 --- [29aa834e] [0.0-8080-exec-4] c.b.d.security.JwtAuthenticationFilter   : Authenticated user [lulu@1.com] with role(s) [[ROLE_STORE_MANAGER]] for URI [/api/dealspot/stores/fetch-all-stores]
2026-09-15 09:13:10.094 DEBUG 2232 --- [16f7425f] [.0-8080-exec-10] c.b.d.security.JwtAuthenticationFilter   : Authenticated user [lulu@1.com] with role(s) [[ROLE_STORE_MANAGER]] for URI [/api/dealspot/notifications/my]
2026-09-15 09:13:10.093 DEBUG 2232 --- [2422bc0a] [0.0-8080-exec-8] c.b.d.security.JwtAuthenticationFilter   : Authenticated user [lulu@1.com] with role(s) [[ROLE_STORE_MANAGER]] for URI [/api/dealspot/notifications/unread-count]
2026-09-15 09:13:10.114 DEBUG 2232 --- [b2133c71] [0.0-8080-exec-3] c.b.d.security.JwtAuthenticationFilter   : Authenticated user [lulu@1.com] with role(s) [[ROLE_STORE_MANAGER]] for URI [/api/flyers/fetch-all-flyers]
2026-09-15 09:13:10.118 DEBUG 2232 --- [6957ede0] [0.0-8080-exec-9] c.b.d.security.JwtAuthenticationFilter   : Authenticated user [lulu@1.com] with role(s) [[ROLE_STORE_MANAGER]] for URI [/api/dealspot/store-branches/store/1/branches]
2026-09-15 09:13:10.122 DEBUG 2232 --- [8b6c932b] [0.0-8080-exec-7] c.b.d.security.JwtAuthenticationFilter   : Authenticated user [lulu@1.com] with role(s) [[ROLE_STORE_MANAGER]] for URI [/api/dealspot/stores/fetch-store/1]
2026-09-15 09:13:10.137 DEBUG 2232 --- [7761771e] [0.0-8080-exec-4] c.b.d.security.JwtAuthenticationFilter   : Authenticated user [lulu@1.com] with role(s) [[ROLE_STORE_MANAGER]] for URI [/api/dealspot/offers/fetch-all-offers]
2026-09-15 09:13:10.133 DEBUG 2232 --- [e0e06fb0] [0.0-8080-exec-8] c.b.d.security.JwtAuthenticationFilter   : Authenticated user [lulu@1.com] with role(s) [[ROLE_STORE_MANAGER]] for URI [/api/dealspot/stores/1/followers-count]
2026-09-15 09:13:10.147 DEBUG 2232 --- [a8f0c184] [0.0-8080-exec-6] c.b.d.security.JwtAuthenticationFilter   : Authenticated user [lulu@1.com] with role(s) [[ROLE_STORE_MANAGER]] for URI [/api/coupons/fetch-all]
2026-09-15 09:22:35.129 DEBUG 2232 --- [d6c0c717] [0.0-8080-exec-9] c.b.d.security.JwtAuthenticationFilter   : Authenticated user [lulu@1.com] with role(s) [[ROLE_STORE_MANAGER]] for URI [/api/dealspot/store-branches/store/1/branches]
2026-09-15 09:22:35.129 DEBUG 2232 --- [1ed68f70] [0.0-8080-exec-6] c.b.d.security.JwtAuthenticationFilter   : Authenticated user [lulu@1.com] with role(s) [[ROLE_STORE_MANAGER]] for URI [/api/dealspot/cities/fetch-all]
2026-09-15 09:22:35.129 DEBUG 2232 --- [411a678d] [0.0-8080-exec-7] c.b.d.security.JwtAuthenticationFilter   : Authenticated user [lulu@1.com] with role(s) [[ROLE_STORE_MANAGER]] for URI [/api/dealspot/stores/fetch-store/1]
2026-09-15 09:22:36.949 DEBUG 2232 --- [5b207bc7] [0.0-8080-exec-2] c.b.d.security.JwtAuthenticationFilter   : Authenticated user [lulu@1.com] with role(s) [[ROLE_STORE_MANAGER]] for URI [/api/dealspot/categories/fetch-categories]
2026-09-15 09:22:36.950 DEBUG 2232 --- [8e1bb831] [0.0-8080-exec-8] c.b.d.security.JwtAuthenticationFilter   : Authenticated user [lulu@1.com] with role(s) [[ROLE_STORE_MANAGER]] for URI [/api/dealspot/products/paged]
2026-09-15 09:22:36.950 DEBUG 2232 --- [473f9f3d] [0.0-8080-exec-1] c.b.d.security.JwtAuthenticationFilter   : Authenticated user [lulu@1.com] with role(s) [[ROLE_STORE_MANAGER]] for URI [/api/dealspot/brands/search]
2026-09-15 09:23:25.103 DEBUG 2232 --- [a7f0a5ca] [0.0-8080-exec-5] c.b.d.security.JwtAuthenticationFilter   : Authenticated user [lulu@1.com] with role(s) [[ROLE_STORE_MANAGER]] for URI [/api/dealspot/notifications/my]
2026-09-15 09:23:25.103 DEBUG 2232 --- [54e2d463] [.0-8080-exec-10] c.b.d.security.JwtAuthenticationFilter   : Authenticated user [lulu@1.com] with role(s) [[ROLE_STORE_MANAGER]] for URI [/api/dealspot/notifications/unread-count]
2026-09-15 09:23:25.153 DEBUG 2232 --- [28411526] [0.0-8080-exec-6] c.b.d.security.JwtAuthenticationFilter   : Authenticated user [lulu@1.com] with role(s) [[ROLE_STORE_MANAGER]] for URI [/api/dealspot/brands/search]
2026-09-15 09:23:25.170 DEBUG 2232 --- [0af4d4e0] [0.0-8080-exec-7] c.b.d.security.JwtAuthenticationFilter   : Authenticated user [lulu@1.com] with role(s) [[ROLE_STORE_MANAGER]] for URI [/api/dealspot/categories/fetch-categories]
2026-09-15 09:23:25.179 DEBUG 2232 --- [be798c7b] [0.0-8080-exec-9] c.b.d.security.JwtAuthenticationFilter   : Authenticated user [lulu@1.com] with role(s) [[ROLE_STORE_MANAGER]] for URI [/api/dealspot/products/paged]
2026-09-15 09:23:29.015 DEBUG 2232 --- [049b32fa] [0.0-8080-exec-4] c.b.d.security.JwtAuthenticationFilter   : Authenticated user [lulu@1.com] with role(s) [[ROLE_STORE_MANAGER]] for URI [/api/dealspot/notifications/unread-count]
2026-09-15 09:23:29.016 DEBUG 2232 --- [95c22b54] [0.0-8080-exec-3] c.b.d.security.JwtAuthenticationFilter   : Authenticated user [lulu@1.com] with role(s) [[ROLE_STORE_MANAGER]] for URI [/api/dealspot/notifications/my]
2026-09-15 09:23:29.059 DEBUG 2232 --- [deb1ca22] [0.0-8080-exec-2] c.b.d.security.JwtAuthenticationFilter   : Authenticated user [lulu@1.com] with role(s) [[ROLE_STORE_MANAGER]] for URI [/api/dealspot/brands/search]
2026-09-15 09:23:29.068 DEBUG 2232 --- [73f97fbd] [0.0-8080-exec-8] c.b.d.security.JwtAuthenticationFilter   : Authenticated user [lulu@1.com] with role(s) [[ROLE_STORE_MANAGER]] for URI [/api/dealspot/products/paged]
2026-09-15 09:23:29.078 DEBUG 2232 --- [9586d2f4] [0.0-8080-exec-1] c.b.d.security.JwtAuthenticationFilter   : Authenticated user [lulu@1.com] with role(s) [[ROLE_STORE_MANAGER]] for URI [/api/dealspot/categories/fetch-categories]
2026-09-15 10:36:09.305 DEBUG 2232 --- [1f976472] [.0-8080-exec-10] c.b.d.security.JwtAuthenticationFilter   : Authenticated user [lulu@1.com] with role(s) [[ROLE_STORE_MANAGER]] for URI [/api/dealspot/stores/fetch-all-stores]
2026-09-15 10:36:09.304 DEBUG 2232 --- [345ee6bd] [0.0-8080-exec-9] c.b.d.security.JwtAuthenticationFilter   : Authenticated user [lulu@1.com] with role(s) [[ROLE_STORE_MANAGER]] for URI [/api/dealspot/cities/fetch-all]
2026-09-15 10:36:09.304 DEBUG 2232 --- [aa9ef985] [0.0-8080-exec-7] c.b.d.security.JwtAuthenticationFilter   : Authenticated user [lulu@1.com] with role(s) [[ROLE_STORE_MANAGER]] for URI [/api/dealspot/categories/fetch-categories]
2026-09-15 10:36:09.309 DEBUG 2232 --- [c0006c8f] [0.0-8080-exec-6] c.b.d.security.JwtAuthenticationFilter   : Authenticated user [lulu@1.com] with role(s) [[ROLE_STORE_MANAGER]] for URI [/api/dealspot/offers/my-saved]
2026-09-15 10:36:09.304 DEBUG 2232 --- [8db4a0ee] [0.0-8080-exec-1] c.b.d.security.JwtAuthenticationFilter   : Authenticated user [lulu@1.com] with role(s) [[ROLE_STORE_MANAGER]] for URI [/api/dealspot/notifications/unread-count]
2026-09-15 10:36:09.332 DEBUG 2232 --- [d298ce5e] [0.0-8080-exec-4] c.b.d.security.JwtAuthenticationFilter   : Authenticated user [lulu@1.com] with role(s) [[ROLE_STORE_MANAGER]] for URI [/api/dealspot/notifications/my]
2026-09-15 10:36:09.370 DEBUG 2232 --- [7713c52e] [0.0-8080-exec-5] c.b.d.security.JwtAuthenticationFilter   : Authenticated user [lulu@1.com] with role(s) [[ROLE_STORE_MANAGER]] for URI [/api/flyers/fetch-all-flyers]
2026-09-15 10:36:09.370 DEBUG 2232 --- [39c5be06] [0.0-8080-exec-2] c.b.d.security.JwtAuthenticationFilter   : Authenticated user [lulu@1.com] with role(s) [[ROLE_STORE_MANAGER]] for URI [/api/dealspot/offers/fetch-all-offers]
2026-09-15 10:36:09.377 DEBUG 2232 --- [db0c9e83] [0.0-8080-exec-8] c.b.d.security.JwtAuthenticationFilter   : Authenticated user [lulu@1.com] with role(s) [[ROLE_STORE_MANAGER]] for URI [/api/dealspot/brands/search]
2026-09-15 10:36:09.388 DEBUG 2232 --- [a0c899b7] [0.0-8080-exec-3] c.b.d.security.JwtAuthenticationFilter   : Authenticated user [lulu@1.com] with role(s) [[ROLE_STORE_MANAGER]] for URI [/api/dealspot/offers/my-saved]
2026-09-15 10:36:09.514 DEBUG 2232 --- [8fd21256] [0.0-8080-exec-7] c.b.d.security.JwtAuthenticationFilter   : Authenticated user [lulu@1.com] with role(s) [[ROLE_STORE_MANAGER]] for URI [/api/dealspot/stores/fetch-all-stores]
2026-09-15 10:36:10.794 DEBUG 2232 --- [3d412689] [.0-8080-exec-10] c.b.d.security.JwtAuthenticationFilter   : Authenticated user [lulu@1.com] with role(s) [[ROLE_STORE_MANAGER]] for URI [/api/dealspot/offers/fetch-all-offers]
2026-09-15 10:36:10.800 DEBUG 2232 --- [29608874] [0.0-8080-exec-6] c.b.d.security.JwtAuthenticationFilter   : Authenticated user [lulu@1.com] with role(s) [[ROLE_STORE_MANAGER]] for URI [/api/dealspot/categories/fetch-categories]
2026-09-15 10:36:10.800 DEBUG 2232 --- [00048320] [0.0-8080-exec-5] c.b.d.security.JwtAuthenticationFilter   : Authenticated user [lulu@1.com] with role(s) [[ROLE_STORE_MANAGER]] for URI [/api/dealspot/brands/search]
2026-09-15 10:36:10.801 DEBUG 2232 --- [9e148737] [0.0-8080-exec-1] c.b.d.security.JwtAuthenticationFilter   : Authenticated user [lulu@1.com] with role(s) [[ROLE_STORE_MANAGER]] for URI [/api/dealspot/offers/my-saved]
2026-09-15 10:36:10.801 DEBUG 2232 --- [e12c6a9b] [0.0-8080-exec-9] c.b.d.security.JwtAuthenticationFilter   : Authenticated user [lulu@1.com] with role(s) [[ROLE_STORE_MANAGER]] for URI [/api/dealspot/stores/fetch-all-stores]
2026-09-15 10:36:10.804 DEBUG 2232 --- [07d94e7a] [0.0-8080-exec-4] c.b.d.security.JwtAuthenticationFilter   : Authenticated user [lulu@1.com] with role(s) [[ROLE_STORE_MANAGER]] for URI [/api/dealspot/cities/fetch-all]
2026-09-15 10:36:11.050 DEBUG 2232 --- [de76ccd7] [0.0-8080-exec-3] c.b.d.security.JwtAuthenticationFilter   : Authenticated user [lulu@1.com] with role(s) [[ROLE_STORE_MANAGER]] for URI [/api/dealspot/offers/my-saved]
2026-09-15 10:37:43.159 DEBUG 2232 --- [57915823] [.0-8080-exec-10] c.b.d.security.JwtAuthenticationFilter   : Authenticated user [lulu@1.com] with role(s) [[ROLE_STORE_MANAGER]] for URI [/api/dealspot/offers/fetch-all-offers]
2026-09-15 10:37:43.161 DEBUG 2232 --- [df061963] [0.0-8080-exec-9] c.b.d.security.JwtAuthenticationFilter   : Authenticated user [lulu@1.com] with role(s) [[ROLE_STORE_MANAGER]] for URI [/api/dealspot/offers/my-saved]
2026-09-15 10:37:43.163 DEBUG 2232 --- [255dc3a4] [0.0-8080-exec-3] c.b.d.security.JwtAuthenticationFilter   : Authenticated user [lulu@1.com] with role(s) [[ROLE_STORE_MANAGER]] for URI [/api/dealspot/stores/fetch-all-stores]
2026-09-15 10:37:43.169 DEBUG 2232 --- [22e2d983] [0.0-8080-exec-5] c.b.d.security.JwtAuthenticationFilter   : Authenticated user [lulu@1.com] with role(s) [[ROLE_STORE_MANAGER]] for URI [/api/dealspot/categories/fetch-categories]
2026-09-15 10:37:43.170 DEBUG 2232 --- [202f9284] [0.0-8080-exec-7] c.b.d.security.JwtAuthenticationFilter   : Authenticated user [lulu@1.com] with role(s) [[ROLE_STORE_MANAGER]] for URI [/api/dealspot/brands/search]
2026-09-15 10:37:43.177 DEBUG 2232 --- [73060ee3] [0.0-8080-exec-8] c.b.d.security.JwtAuthenticationFilter   : Authenticated user [lulu@1.com] with role(s) [[ROLE_STORE_MANAGER]] for URI [/api/flyers/fetch-all-flyers]
2026-09-15 10:37:43.223 DEBUG 2232 --- [7b4f6aed] [0.0-8080-exec-2] c.b.d.security.JwtAuthenticationFilter   : Authenticated user [lulu@1.com] with role(s) [[ROLE_STORE_MANAGER]] for URI [/api/dealspot/offers/my-saved]
2026-09-15 10:37:43.243 DEBUG 2232 --- [17d0e96f] [0.0-8080-exec-6] c.b.d.security.JwtAuthenticationFilter   : Authenticated user [lulu@1.com] with role(s) [[ROLE_STORE_MANAGER]] for URI [/api/dealspot/stores/fetch-all-stores]
2026-09-15 10:37:47.734 DEBUG 2232 --- [75180344] [0.0-8080-exec-1] c.b.d.security.JwtAuthenticationFilter   : Authenticated user [lulu@1.com] with role(s) [[ROLE_STORE_MANAGER]] for URI [/api/dealspot/notifications/unread-count]
2026-09-15 10:37:47.739 DEBUG 2232 --- [dad79a20] [0.0-8080-exec-4] c.b.d.security.JwtAuthenticationFilter   : Authenticated user [lulu@1.com] with role(s) [[ROLE_STORE_MANAGER]] for URI [/api/dealspot/notifications/my]
2026-09-15 10:37:47.740 DEBUG 2232 --- [8a5cd574] [0.0-8080-exec-7] c.b.d.security.JwtAuthenticationFilter   : Authenticated user [lulu@1.com] with role(s) [[ROLE_STORE_MANAGER]] for URI [/api/dealspot/cities/fetch-all]
2026-09-15 10:37:47.766 DEBUG 2232 --- [391ea961] [0.0-8080-exec-9] c.b.d.security.JwtAuthenticationFilter   : Authenticated user [lulu@1.com] with role(s) [[ROLE_STORE_MANAGER]] for URI [/api/dealspot/offers/fetch-offer/2]
2026-09-15 10:37:47.864 DEBUG 2232 --- [8bd4a35c] [0.0-8080-exec-1] c.b.d.security.JwtAuthenticationFilter   : Authenticated user [lulu@1.com] with role(s) [[ROLE_STORE_MANAGER]] for URI [/api/dealspot/store-branches/store/1/branches]
2026-09-15 10:37:47.871 DEBUG 2232 --- [35eb535f] [0.0-8080-exec-7] c.b.d.security.JwtAuthenticationFilter   : Authenticated user [lulu@1.com] with role(s) [[ROLE_STORE_MANAGER]] for URI [/api/coupons/fetch-all]
2026-09-15 10:37:47.873 DEBUG 2232 --- [90e2205e] [0.0-8080-exec-5] c.b.d.security.JwtAuthenticationFilter   : Authenticated user [lulu@1.com] with role(s) [[ROLE_STORE_MANAGER]] for URI [/api/dealspot/offers/2/is-saved]
2026-09-15 10:37:47.873 DEBUG 2232 --- [a1be6308] [0.0-8080-exec-9] c.b.d.security.JwtAuthenticationFilter   : Authenticated user [lulu@1.com] with role(s) [[ROLE_STORE_MANAGER]] for URI [/api/dealspot/stores/fetch-store/1]
2026-09-15 10:37:47.881 DEBUG 2232 --- [36ec561e] [0.0-8080-exec-3] c.b.d.security.JwtAuthenticationFilter   : Authenticated user [lulu@1.com] with role(s) [[ROLE_STORE_MANAGER]] for URI [/api/dealspot/products/fetch-product/5268]
2026-09-15 10:37:47.881 DEBUG 2232 --- [1b907bf6] [0.0-8080-exec-4] c.b.d.security.JwtAuthenticationFilter   : Authenticated user [lulu@1.com] with role(s) [[ROLE_STORE_MANAGER]] for URI [/api/dealspot/products/get-product-details/5268]
2026-09-15 10:37:52.941 DEBUG 2232 --- [608cd484] [.0-8080-exec-10] c.b.d.security.JwtAuthenticationFilter   : Authenticated user [lulu@1.com] with role(s) [[ROLE_STORE_MANAGER]] for URI [/api/dealspot/categories/fetch-categories]
2026-09-15 10:37:52.955 DEBUG 2232 --- [a948648c] [0.0-8080-exec-2] c.b.d.security.JwtAuthenticationFilter   : Authenticated user [lulu@1.com] with role(s) [[ROLE_STORE_MANAGER]] for URI [/api/dealspot/stores/fetch-all-stores]
2026-09-15 10:37:52.955 DEBUG 2232 --- [4e4818b2] [0.0-8080-exec-6] c.b.d.security.JwtAuthenticationFilter   : Authenticated user [lulu@1.com] with role(s) [[ROLE_STORE_MANAGER]] for URI [/api/dealspot/brands/search]
2026-09-15 10:37:52.958 DEBUG 2232 --- [851b5ea8] [0.0-8080-exec-8] c.b.d.security.JwtAuthenticationFilter   : Authenticated user [lulu@1.com] with role(s) [[ROLE_STORE_MANAGER]] for URI [/api/dealspot/offers/my-saved]
2026-09-15 10:37:52.959 DEBUG 2232 --- [e06d1841] [0.0-8080-exec-7] c.b.d.security.JwtAuthenticationFilter   : Authenticated user [lulu@1.com] with role(s) [[ROLE_STORE_MANAGER]] for URI [/api/dealspot/cities/fetch-all]
2026-09-15 10:37:52.970 DEBUG 2232 --- [b8f0670b] [0.0-8080-exec-5] c.b.d.security.JwtAuthenticationFilter   : Authenticated user [lulu@1.com] with role(s) [[ROLE_STORE_MANAGER]] for URI [/api/dealspot/offers/fetch-all-offers]
2026-09-15 10:37:53.014 DEBUG 2232 --- [42040b34] [0.0-8080-exec-9] c.b.d.security.JwtAuthenticationFilter   : Authenticated user [lulu@1.com] with role(s) [[ROLE_STORE_MANAGER]] for URI [/api/dealspot/offers/my-saved]
2026-09-15 10:37:54.004 DEBUG 2232 --- [af1211d9] [0.0-8080-exec-1] c.b.d.security.JwtAuthenticationFilter   : Authenticated user [lulu@1.com] with role(s) [[ROLE_STORE_MANAGER]] for URI [/api/dealspot/categories/fetch-categories]
2026-09-15 10:37:54.006 DEBUG 2232 --- [a05eb802] [0.0-8080-exec-7] c.b.d.security.JwtAuthenticationFilter   : Authenticated user [lulu@1.com] with role(s) [[ROLE_STORE_MANAGER]] for URI [/api/dealspot/stores/my-followed]
2026-09-15 10:37:54.009 DEBUG 2232 --- [57052f45] [0.0-8080-exec-3] c.b.d.security.JwtAuthenticationFilter   : Authenticated user [lulu@1.com] with role(s) [[ROLE_STORE_MANAGER]] for URI [/api/dealspot/stores/fetch-all-stores]
2026-09-15 10:37:54.009 DEBUG 2232 --- [f3160d4f] [0.0-8080-exec-4] c.b.d.security.JwtAuthenticationFilter   : Authenticated user [lulu@1.com] with role(s) [[ROLE_STORE_MANAGER]] for URI [/api/dealspot/cities/fetch-all]
2026-09-15 10:37:55.040 DEBUG 2232 --- [9a1d8123] [0.0-8080-exec-9] c.b.d.security.JwtAuthenticationFilter   : Authenticated user [lulu@1.com] with role(s) [[ROLE_STORE_MANAGER]] for URI [/api/flyers/fetch-all-flyers]
2026-09-15 10:37:55.040 DEBUG 2232 --- [ccd5dfa5] [0.0-8080-exec-8] c.b.d.security.JwtAuthenticationFilter   : Authenticated user [lulu@1.com] with role(s) [[ROLE_STORE_MANAGER]] for URI [/api/dealspot/stores/fetch-all-stores]
2026-09-15 10:37:55.042 DEBUG 2232 --- [864d1896] [0.0-8080-exec-2] c.b.d.security.JwtAuthenticationFilter   : Authenticated user [lulu@1.com] with role(s) [[ROLE_STORE_MANAGER]] for URI [/api/dealspot/cities/fetch-all]
2026-09-15 10:37:56.954 DEBUG 2232 --- [55448e91] [0.0-8080-exec-6] c.b.d.security.JwtAuthenticationFilter   : Authenticated user [lulu@1.com] with role(s) [[ROLE_STORE_MANAGER]] for URI [/api/dealspot/cities/fetch-all]
2026-09-15 10:37:56.962 DEBUG 2232 --- [14a4b5ea] [0.0-8080-exec-1] c.b.d.security.JwtAuthenticationFilter   : Authenticated user [lulu@1.com] with role(s) [[ROLE_STORE_MANAGER]] for URI [/api/dealspot/stores/my-followed]
2026-09-15 10:37:56.965 DEBUG 2232 --- [51a010bd] [.0-8080-exec-10] c.b.d.security.JwtAuthenticationFilter   : Authenticated user [lulu@1.com] with role(s) [[ROLE_STORE_MANAGER]] for URI [/api/dealspot/stores/fetch-all-stores]
2026-09-15 10:37:56.965 DEBUG 2232 --- [c76f8606] [0.0-8080-exec-5] c.b.d.security.JwtAuthenticationFilter   : Authenticated user [lulu@1.com] with role(s) [[ROLE_STORE_MANAGER]] for URI [/api/dealspot/categories/fetch-categories]
2026-09-15 10:37:57.490 DEBUG 2232 --- [64927fda] [0.0-8080-exec-3] c.b.d.security.JwtAuthenticationFilter   : Authenticated user [lulu@1.com] with role(s) [[ROLE_STORE_MANAGER]] for URI [/api/dealspot/stores/fetch-all-stores]
2026-09-15 10:37:57.490 DEBUG 2232 --- [87b5e970] [0.0-8080-exec-4] c.b.d.security.JwtAuthenticationFilter   : Authenticated user [lulu@1.com] with role(s) [[ROLE_STORE_MANAGER]] for URI [/api/dealspot/categories/fetch-categories]
2026-09-15 10:37:57.491 DEBUG 2232 --- [46724427] [0.0-8080-exec-8] c.b.d.security.JwtAuthenticationFilter   : Authenticated user [lulu@1.com] with role(s) [[ROLE_STORE_MANAGER]] for URI [/api/dealspot/offers/fetch-all-offers]
2026-09-15 10:37:57.491 DEBUG 2232 --- [78fee4d6] [0.0-8080-exec-2] c.b.d.security.JwtAuthenticationFilter   : Authenticated user [lulu@1.com] with role(s) [[ROLE_STORE_MANAGER]] for URI [/api/dealspot/brands/search]
2026-09-15 10:37:57.494 DEBUG 2232 --- [2c8ce014] [0.0-8080-exec-9] c.b.d.security.JwtAuthenticationFilter   : Authenticated user [lulu@1.com] with role(s) [[ROLE_STORE_MANAGER]] for URI [/api/dealspot/cities/fetch-all]
2026-09-15 10:37:57.499 DEBUG 2232 --- [10878566] [0.0-8080-exec-7] c.b.d.security.JwtAuthenticationFilter   : Authenticated user [lulu@1.com] with role(s) [[ROLE_STORE_MANAGER]] for URI [/api/dealspot/offers/my-saved]
2026-09-15 10:37:57.534 DEBUG 2232 --- [c4c76e72] [0.0-8080-exec-6] c.b.d.security.JwtAuthenticationFilter   : Authenticated user [lulu@1.com] with role(s) [[ROLE_STORE_MANAGER]] for URI [/api/dealspot/offers/my-saved]
2026-09-15 10:37:58.320 DEBUG 2232 --- [a64eec63] [0.0-8080-exec-5] c.b.d.security.JwtAuthenticationFilter   : Authenticated user [lulu@1.com] with role(s) [[ROLE_STORE_MANAGER]] for URI [/api/dealspot/cities/fetch-all]
2026-09-15 10:37:58.322 DEBUG 2232 --- [2b443cb6] [0.0-8080-exec-1] c.b.d.security.JwtAuthenticationFilter   : Authenticated user [lulu@1.com] with role(s) [[ROLE_STORE_MANAGER]] for URI [/api/dealspot/categories/fetch-categories]
2026-09-15 10:37:58.339 DEBUG 2232 --- [82ee4f8b] [.0-8080-exec-10] c.b.d.security.JwtAuthenticationFilter   : Authenticated user [lulu@1.com] with role(s) [[ROLE_STORE_MANAGER]] for URI [/api/dealspot/stores/fetch-all-stores]
2026-09-15 10:37:58.339 DEBUG 2232 --- [4e50b51d] [0.0-8080-exec-4] c.b.d.security.JwtAuthenticationFilter   : Authenticated user [lulu@1.com] with role(s) [[ROLE_STORE_MANAGER]] for URI [/api/dealspot/stores/my-followed]
2026-09-15 10:37:59.393 DEBUG 2232 --- [2d7ddd05] [0.0-8080-exec-2] c.b.d.security.JwtAuthenticationFilter   : Authenticated user [lulu@1.com] with role(s) [[ROLE_STORE_MANAGER]] for URI [/api/dealspot/cities/fetch-all]
2026-09-15 10:37:59.393 DEBUG 2232 --- [02f1b1f3] [0.0-8080-exec-9] c.b.d.security.JwtAuthenticationFilter   : Authenticated user [lulu@1.com] with role(s) [[ROLE_STORE_MANAGER]] for URI [/api/dealspot/offers/my-saved]
2026-09-15 10:37:59.393 DEBUG 2232 --- [21968e17] [0.0-8080-exec-8] c.b.d.security.JwtAuthenticationFilter   : Authenticated user [lulu@1.com] with role(s) [[ROLE_STORE_MANAGER]] for URI [/api/dealspot/offers/fetch-all-offers]
2026-09-15 10:37:59.393 DEBUG 2232 --- [e997855f] [0.0-8080-exec-6] c.b.d.security.JwtAuthenticationFilter   : Authenticated user [lulu@1.com] with role(s) [[ROLE_STORE_MANAGER]] for URI [/api/dealspot/brands/search]
2026-09-15 10:37:59.393 DEBUG 2232 --- [c8ababd1] [0.0-8080-exec-3] c.b.d.security.JwtAuthenticationFilter   : Authenticated user [lulu@1.com] with role(s) [[ROLE_STORE_MANAGER]] for URI [/api/dealspot/stores/fetch-all-stores]
2026-09-15 10:37:59.399 DEBUG 2232 --- [8bf04eb1] [0.0-8080-exec-7] c.b.d.security.JwtAuthenticationFilter   : Authenticated user [lulu@1.com] with role(s) [[ROLE_STORE_MANAGER]] for URI [/api/dealspot/categories/fetch-categories]
2026-09-15 10:37:59.424 DEBUG 2232 --- [e267b042] [0.0-8080-exec-1] c.b.d.security.JwtAuthenticationFilter   : Authenticated user [lulu@1.com] with role(s) [[ROLE_STORE_MANAGER]] for URI [/api/dealspot/offers/my-saved]
2026-09-15 10:38:00.985 DEBUG 2232 --- [adbca4ee] [0.0-8080-exec-5] c.b.d.security.JwtAuthenticationFilter   : Authenticated user [lulu@1.com] with role(s) [[ROLE_STORE_MANAGER]] for URI [/api/dealspot/cities/fetch-all]
2026-09-15 10:38:00.990 DEBUG 2232 --- [08ca82bf] [0.0-8080-exec-4] c.b.d.security.JwtAuthenticationFilter   : Authenticated user [lulu@1.com] with role(s) [[ROLE_STORE_MANAGER]] for URI [/api/dealspot/stores/fetch-all-stores]
2026-09-15 10:38:00.990 DEBUG 2232 --- [37b8aa8f] [.0-8080-exec-10] c.b.d.security.JwtAuthenticationFilter   : Authenticated user [lulu@1.com] with role(s) [[ROLE_STORE_MANAGER]] for URI [/api/flyers/fetch-all-flyers]
2026-09-15 10:38:01.831 DEBUG 2232 --- [8ff7b721] [0.0-8080-exec-9] c.b.d.security.JwtAuthenticationFilter   : Authenticated user [lulu@1.com] with role(s) [[ROLE_STORE_MANAGER]] for URI [/api/dealspot/offers/my-saved]
2026-09-15 10:38:01.831 DEBUG 2232 --- [1679925a] [0.0-8080-exec-2] c.b.d.security.JwtAuthenticationFilter   : Authenticated user [lulu@1.com] with role(s) [[ROLE_STORE_MANAGER]] for URI [/api/dealspot/stores/fetch-all-stores]
2026-09-15 10:38:01.831 DEBUG 2232 --- [a403b786] [0.0-8080-exec-6] c.b.d.security.JwtAuthenticationFilter   : Authenticated user [lulu@1.com] with role(s) [[ROLE_STORE_MANAGER]] for URI [/api/dealspot/offers/fetch-all-offers]
2026-09-15 10:38:01.831 DEBUG 2232 --- [aea2e8ef] [0.0-8080-exec-7] c.b.d.security.JwtAuthenticationFilter   : Authenticated user [lulu@1.com] with role(s) [[ROLE_STORE_MANAGER]] for URI [/api/dealspot/categories/fetch-categories]
2026-09-15 10:38:01.834 DEBUG 2232 --- [ab216070] [0.0-8080-exec-3] c.b.d.security.JwtAuthenticationFilter   : Authenticated user [lulu@1.com] with role(s) [[ROLE_STORE_MANAGER]] for URI [/api/dealspot/brands/search]
2026-09-15 10:38:01.840 DEBUG 2232 --- [9ed7f29d] [0.0-8080-exec-1] c.b.d.security.JwtAuthenticationFilter   : Authenticated user [lulu@1.com] with role(s) [[ROLE_STORE_MANAGER]] for URI [/api/dealspot/cities/fetch-all]
2026-09-15 10:38:01.867 DEBUG 2232 --- [e166df2d] [0.0-8080-exec-8] c.b.d.security.JwtAuthenticationFilter   : Authenticated user [lulu@1.com] with role(s) [[ROLE_STORE_MANAGER]] for URI [/api/dealspot/offers/my-saved]
2026-09-15 10:43:07.878  INFO 18540 --- [NA] [  restartedMain] c.backend.dealspot.DealspotApplication   : Starting DealspotApplication using Java 26.0.1 with PID 18540 (C:\Users\User\Desktop\DEVELOPMENT PROJECTS\DEALSPOT\SPRINGBOOT\target\classes started by User in C:\Users\User\Desktop\DEVELOPMENT PROJECTS\DEALSPOT\SPRINGBOOT)
2026-09-15 10:43:07.880 DEBUG 18540 --- [NA] [  restartedMain] c.backend.dealspot.DealspotApplication   : Running with Spring Boot v4.0.6, Spring v7.0.7
2026-09-15 10:43:07.882  INFO 18540 --- [NA] [  restartedMain] c.backend.dealspot.DealspotApplication   : No active profile set, falling back to 1 default profile: "default"
2026-09-15 10:43:07.944  INFO 18540 --- [NA] [  restartedMain] .e.DevToolsPropertyDefaultsPostProcessor : Devtools property defaults active! Set 'spring.devtools.add-properties' to 'false' to disable
2026-09-15 10:43:07.944  INFO 18540 --- [NA] [  restartedMain] .e.DevToolsPropertyDefaultsPostProcessor : For additional web related logging consider setting the 'logging.level.web' property to 'DEBUG'
2026-09-15 10:43:08.980  INFO 18540 --- [NA] [  restartedMain] .s.d.r.c.RepositoryConfigurationDelegate : Bootstrapping Spring Data JPA repositories in DEFAULT mode.
2026-09-15 10:43:09.103  INFO 18540 --- [NA] [  restartedMain] .s.d.r.c.RepositoryConfigurationDelegate : Finished Spring Data repository scanning in 115 ms. Found 22 JPA repository interfaces.
2026-09-15 10:43:09.834  INFO 18540 --- [NA] [  restartedMain] o.s.boot.tomcat.TomcatWebServer          : Tomcat initialized with port 8080 (http)
2026-09-15 10:43:09.848  INFO 18540 --- [NA] [  restartedMain] o.apache.catalina.core.StandardService   : Starting service [Tomcat]
2026-09-15 10:43:09.848  INFO 18540 --- [NA] [  restartedMain] o.apache.catalina.core.StandardEngine    : Starting Servlet engine: [Apache Tomcat/11.0.21]
2026-09-15 10:43:09.915  INFO 18540 --- [NA] [  restartedMain] b.w.c.s.WebApplicationContextInitializer : Root WebApplicationContext: initialization completed in 1971 ms
2026-09-15 10:43:10.088  INFO 18540 --- [NA] [  restartedMain] org.hibernate.orm.jpa                    : HHH008540: Processing PersistenceUnitInfo [name: default]
2026-09-15 10:43:10.155  INFO 18540 --- [NA] [  restartedMain] org.hibernate.orm.core                   : HHH000001: Hibernate ORM core version 7.2.12.Final
2026-09-15 10:43:10.699  INFO 18540 --- [NA] [  restartedMain] o.s.o.j.p.SpringPersistenceUnitInfo      : No LoadTimeWeaver setup: ignoring JPA class transformer
2026-09-15 10:43:10.737  INFO 18540 --- [NA] [  restartedMain] com.zaxxer.hikari.HikariDataSource       : HikariPool-1 - Starting...
2026-09-15 10:43:15.864  INFO 18540 --- [NA] [  restartedMain] com.zaxxer.hikari.pool.HikariPool        : HikariPool-1 - Added connection com.mysql.cj.jdbc.ConnectionImpl@3ad4a9f1
2026-09-15 10:43:15.871  INFO 18540 --- [NA] [  restartedMain] com.zaxxer.hikari.HikariDataSource       : HikariPool-1 - Start completed.
2026-09-15 10:43:15.969  INFO 18540 --- [NA] [  restartedMain] org.hibernate.orm.connections.pooling    : HHH10001005: Database info:
	Database JDBC URL [jdbc:mysql://192.168.1.110:3306/dealspot_test?useSSL=false&serverTimezone=UTC]
	Database driver: MySQL Connector/J
	Database dialect: MySQLDialect
	Database version: 8.0.46
	Default catalog/schema: dealspot_test/undefined
	Autocommit mode: undefined/unknown
	Isolation level: REPEATABLE_READ [default REPEATABLE_READ]
	JDBC fetch size: none
	Pool: DataSourceConnectionProvider
	Minimum pool size: undefined/unknown
	Maximum pool size: undefined/unknown
2026-09-15 10:43:17.320  INFO 18540 --- [NA] [  restartedMain] org.hibernate.orm.core                   : HHH000489: No JTA platform available (set 'hibernate.transaction.jta.platform' to enable JTA platform integration)
2026-09-15 10:43:17.324  INFO 18540 --- [NA] [  restartedMain] org.hibernate.orm.jdbc.batch             : HHH100501: Automatic JDBC statement batching enabled (maximum batch size 500)
2026-09-15 10:43:17.596  INFO 18540 --- [NA] [  restartedMain] j.LocalContainerEntityManagerFactoryBean : Initialized JPA EntityManagerFactory for persistence unit 'default'
2026-09-15 10:43:17.668  INFO 18540 --- [NA] [  restartedMain] o.s.d.j.r.query.QueryEnhancerFactories   : Hibernate is in classpath; If applicable, HQL parser will be used.
2026-09-15 10:43:18.302 DEBUG 18540 --- [NA] [  restartedMain] c.b.d.security.JwtAuthenticationFilter   : Filter 'jwtAuthenticationFilter' configured for use
2026-09-15 10:43:20.639  WARN 18540 --- [NA] [  restartedMain] JpaBaseConfiguration$JpaWebConfiguration : spring.jpa.open-in-view is enabled by default. Therefore, database queries may be performed during view rendering. Explicitly configure spring.jpa.open-in-view to disable this warning
2026-09-15 10:43:21.412  INFO 18540 --- [NA] [  restartedMain] o.s.boot.tomcat.TomcatWebServer          : Tomcat started on port 8080 (http) with context path '/'
2026-09-15 10:43:21.419  INFO 18540 --- [NA] [  restartedMain] c.backend.dealspot.DealspotApplication   : Started DealspotApplication in 14.156 seconds (process running for 15.148)
2026-09-15 11:19:04.487  INFO 18540 --- [NA] [   File Watcher] rtingClassPathChangeChangedEventListener : Restarting due to 1 class path change (0 additions, 0 deletions, 1 modification)
2026-09-15 11:19:04.496  INFO 18540 --- [NA] [       Thread-1] o.s.boot.tomcat.GracefulShutdown         : Commencing graceful shutdown. Waiting for active requests to complete
2026-09-15 11:19:04.506  INFO 18540 --- [NA] [tomcat-shutdown] o.s.boot.tomcat.GracefulShutdown         : Graceful shutdown complete
2026-09-15 11:19:04.514  INFO 18540 --- [NA] [       Thread-1] j.LocalContainerEntityManagerFactoryBean : Closing JPA EntityManagerFactory for persistence unit 'default'
2026-09-15 11:19:04.530  INFO 18540 --- [NA] [       Thread-1] com.zaxxer.hikari.HikariDataSource       : HikariPool-1 - Shutdown initiated...
2026-09-15 11:19:04.531  INFO 18540 --- [NA] [       Thread-1] com.zaxxer.hikari.HikariDataSource       : HikariPool-1 - Shutdown completed.
2026-09-15 11:19:04.664  INFO 18540 --- [NA] [userId=anonymous] [  restartedMain] c.backend.dealspot.DealspotApplication   : Starting DealspotApplication using Java 26.0.1 with PID 18540 (C:\Users\User\Desktop\DEVELOPMENT PROJECTS\DEALSPOT\SPRINGBOOT\target\classes started by User in C:\Users\User\Desktop\DEVELOPMENT PROJECTS\DEALSPOT\SPRINGBOOT)
2026-09-15 11:19:04.665 DEBUG 18540 --- [NA] [userId=anonymous] [  restartedMain] c.backend.dealspot.DealspotApplication   : Running with Spring Boot v4.0.6, Spring v7.0.7
2026-09-15 11:19:04.665  INFO 18540 --- [NA] [userId=anonymous] [  restartedMain] c.backend.dealspot.DealspotApplication   : No active profile set, falling back to 1 default profile: "default"
2026-09-15 11:19:05.044  INFO 18540 --- [NA] [userId=anonymous] [  restartedMain] .s.d.r.c.RepositoryConfigurationDelegate : Bootstrapping Spring Data JPA repositories in DEFAULT mode.
2026-09-15 11:19:05.116  INFO 18540 --- [NA] [userId=anonymous] [  restartedMain] .s.d.r.c.RepositoryConfigurationDelegate : Finished Spring Data repository scanning in 70 ms. Found 22 JPA repository interfaces.
2026-09-15 11:19:05.280  INFO 18540 --- [NA] [userId=anonymous] [  restartedMain] o.s.boot.tomcat.TomcatWebServer          : Tomcat initialized with port 8080 (http)
2026-09-15 11:19:05.282  INFO 18540 --- [NA] [userId=anonymous] [  restartedMain] o.apache.catalina.core.StandardService   : Starting service [Tomcat]
2026-09-15 11:19:05.283  INFO 18540 --- [NA] [userId=anonymous] [  restartedMain] o.apache.catalina.core.StandardEngine    : Starting Servlet engine: [Apache Tomcat/11.0.21]
2026-09-15 11:19:05.323  INFO 18540 --- [NA] [userId=anonymous] [  restartedMain] b.w.c.s.WebApplicationContextInitializer : Root WebApplicationContext: initialization completed in 655 ms
2026-09-15 11:19:05.389  INFO 18540 --- [NA] [userId=anonymous] [  restartedMain] org.hibernate.orm.jpa                    : HHH008540: Processing PersistenceUnitInfo [name: default]
2026-09-15 11:19:05.434  INFO 18540 --- [NA] [userId=anonymous] [  restartedMain] o.s.o.j.p.SpringPersistenceUnitInfo      : No LoadTimeWeaver setup: ignoring JPA class transformer
2026-09-15 11:19:05.436  INFO 18540 --- [NA] [userId=anonymous] [  restartedMain] com.zaxxer.hikari.HikariDataSource       : HikariPool-2 - Starting...
2026-09-15 11:19:10.387  INFO 18540 --- [NA] [userId=anonymous] [  restartedMain] com.zaxxer.hikari.pool.HikariPool        : HikariPool-2 - Added connection com.mysql.cj.jdbc.ConnectionImpl@866339f
2026-09-15 11:19:10.390  INFO 18540 --- [NA] [userId=anonymous] [  restartedMain] com.zaxxer.hikari.HikariDataSource       : HikariPool-2 - Start completed.
2026-09-15 11:19:10.399  INFO 18540 --- [NA] [userId=anonymous] [  restartedMain] org.hibernate.orm.connections.pooling    : HHH10001005: Database info:
	Database JDBC URL [jdbc:mysql://192.168.1.110:3306/dealspot_test?useSSL=false&serverTimezone=UTC]
	Database driver: MySQL Connector/J
	Database dialect: MySQLDialect
	Database version: 8.0.46
	Default catalog/schema: dealspot_test/undefined
	Autocommit mode: undefined/unknown
	Isolation level: REPEATABLE_READ [default REPEATABLE_READ]
	JDBC fetch size: none
	Pool: DataSourceConnectionProvider
	Minimum pool size: undefined/unknown
	Maximum pool size: undefined/unknown
2026-09-15 11:19:10.845  INFO 18540 --- [NA] [userId=anonymous] [  restartedMain] org.hibernate.orm.core                   : HHH000489: No JTA platform available (set 'hibernate.transaction.jta.platform' to enable JTA platform integration)
2026-09-15 11:19:10.846  INFO 18540 --- [NA] [userId=anonymous] [  restartedMain] org.hibernate.orm.jdbc.batch             : HHH100501: Automatic JDBC statement batching enabled (maximum batch size 500)
2026-09-15 11:19:11.055  INFO 18540 --- [NA] [userId=anonymous] [  restartedMain] j.LocalContainerEntityManagerFactoryBean : Initialized JPA EntityManagerFactory for persistence unit 'default'
2026-09-15 11:19:11.242 DEBUG 18540 --- [NA] [userId=anonymous] [  restartedMain] c.b.d.security.JwtAuthenticationFilter   : Filter 'jwtAuthenticationFilter' configured for use
2026-09-15 11:19:12.067  WARN 18540 --- [NA] [userId=anonymous] [  restartedMain] JpaBaseConfiguration$JpaWebConfiguration : spring.jpa.open-in-view is enabled by default. Therefore, database queries may be performed during view rendering. Explicitly configure spring.jpa.open-in-view to disable this warning
2026-09-15 11:19:12.453  INFO 18540 --- [NA] [userId=anonymous] [  restartedMain] o.s.boot.tomcat.TomcatWebServer          : Tomcat started on port 8080 (http) with context path '/'
2026-09-15 11:19:12.455  INFO 18540 --- [NA] [userId=anonymous] [  restartedMain] c.backend.dealspot.DealspotApplication   : Started DealspotApplication in 7.823 seconds (process running for 2166.184)
2026-09-15 11:19:12.476  INFO 18540 --- [NA] [userId=anonymous] [  restartedMain] .ConditionEvaluationDeltaLoggingListener : Condition evaluation unchanged
2026-09-15 11:19:19.943  INFO 18540 --- [NA] [userId=anonymous] [   File Watcher] rtingClassPathChangeChangedEventListener : Restarting due to 2 class path changes (1 addition, 0 deletions, 1 modification)
2026-09-15 11:19:19.973  INFO 18540 --- [NA] [userId=anonymous] [       Thread-5] o.s.boot.tomcat.GracefulShutdown         : Commencing graceful shutdown. Waiting for active requests to complete
2026-09-15 11:19:20.034  INFO 18540 --- [NA] [userId=anonymous] [tomcat-shutdown] o.s.boot.tomcat.GracefulShutdown         : Graceful shutdown complete
2026-09-15 11:19:20.044  INFO 18540 --- [NA] [userId=anonymous] [       Thread-5] j.LocalContainerEntityManagerFactoryBean : Closing JPA EntityManagerFactory for persistence unit 'default'
2026-09-15 11:19:20.045  INFO 18540 --- [NA] [userId=anonymous] [       Thread-5] com.zaxxer.hikari.HikariDataSource       : HikariPool-2 - Shutdown initiated...
2026-09-15 11:19:24.697  INFO 18540 --- [NA] [userId=anonymous] [       Thread-5] com.zaxxer.hikari.HikariDataSource       : HikariPool-2 - Shutdown completed.
2026-09-15 11:19:24.795  INFO 18540 --- [NA] [userId=anonymous] [  restartedMain] c.backend.dealspot.DealspotApplication   : Starting DealspotApplication using Java 26.0.1 with PID 18540 (C:\Users\User\Desktop\DEVELOPMENT PROJECTS\DEALSPOT\SPRINGBOOT\target\classes started by User in C:\Users\User\Desktop\DEVELOPMENT PROJECTS\DEALSPOT\SPRINGBOOT)
2026-09-15 11:19:24.795 DEBUG 18540 --- [NA] [userId=anonymous] [  restartedMain] c.backend.dealspot.DealspotApplication   : Running with Spring Boot v4.0.6, Spring v7.0.7
2026-09-15 11:19:24.795  INFO 18540 --- [NA] [userId=anonymous] [  restartedMain] c.backend.dealspot.DealspotApplication   : No active profile set, falling back to 1 default profile: "default"
2026-09-15 11:19:25.059  INFO 18540 --- [NA] [userId=anonymous] [  restartedMain] .s.d.r.c.RepositoryConfigurationDelegate : Bootstrapping Spring Data JPA repositories in DEFAULT mode.
2026-09-15 11:19:25.120  INFO 18540 --- [NA] [userId=anonymous] [  restartedMain] .s.d.r.c.RepositoryConfigurationDelegate : Finished Spring Data repository scanning in 58 ms. Found 22 JPA repository interfaces.
2026-09-15 11:19:25.260  INFO 18540 --- [NA] [userId=anonymous] [  restartedMain] o.s.boot.tomcat.TomcatWebServer          : Tomcat initialized with port 8080 (http)
2026-09-15 11:19:25.261  INFO 18540 --- [NA] [userId=anonymous] [  restartedMain] o.apache.catalina.core.StandardService   : Starting service [Tomcat]
2026-09-15 11:19:25.262  INFO 18540 --- [NA] [userId=anonymous] [  restartedMain] o.apache.catalina.core.StandardEngine    : Starting Servlet engine: [Apache Tomcat/11.0.21]
2026-09-15 11:19:25.311  INFO 18540 --- [NA] [userId=anonymous] [  restartedMain] b.w.c.s.WebApplicationContextInitializer : Root WebApplicationContext: initialization completed in 514 ms
2026-09-15 11:19:25.379  INFO 18540 --- [NA] [userId=anonymous] [  restartedMain] org.hibernate.orm.jpa                    : HHH008540: Processing PersistenceUnitInfo [name: default]
2026-09-15 11:19:25.419  INFO 18540 --- [NA] [userId=anonymous] [  restartedMain] o.s.o.j.p.SpringPersistenceUnitInfo      : No LoadTimeWeaver setup: ignoring JPA class transformer
2026-09-15 11:19:25.420  INFO 18540 --- [NA] [userId=anonymous] [  restartedMain] com.zaxxer.hikari.HikariDataSource       : HikariPool-3 - Starting...
2026-09-15 11:19:30.384  INFO 18540 --- [NA] [userId=anonymous] [  restartedMain] com.zaxxer.hikari.pool.HikariPool        : HikariPool-3 - Added connection com.mysql.cj.jdbc.ConnectionImpl@421c62bc
2026-09-15 11:19:30.385  INFO 18540 --- [NA] [userId=anonymous] [  restartedMain] com.zaxxer.hikari.HikariDataSource       : HikariPool-3 - Start completed.
2026-09-15 11:19:30.389  INFO 18540 --- [NA] [userId=anonymous] [  restartedMain] org.hibernate.orm.connections.pooling    : HHH10001005: Database info:
	Database JDBC URL [jdbc:mysql://192.168.1.110:3306/dealspot_test?useSSL=false&serverTimezone=UTC]
	Database driver: MySQL Connector/J
	Database dialect: MySQLDialect
	Database version: 8.0.46
	Default catalog/schema: dealspot_test/undefined
	Autocommit mode: undefined/unknown
	Isolation level: REPEATABLE_READ [default REPEATABLE_READ]
	JDBC fetch size: none
	Pool: DataSourceConnectionProvider
	Minimum pool size: undefined/unknown
	Maximum pool size: undefined/unknown
2026-09-15 11:19:30.733  INFO 18540 --- [NA] [userId=anonymous] [  restartedMain] org.hibernate.orm.core                   : HHH000489: No JTA platform available (set 'hibernate.transaction.jta.platform' to enable JTA platform integration)
2026-09-15 11:19:30.733  INFO 18540 --- [NA] [userId=anonymous] [  restartedMain] org.hibernate.orm.jdbc.batch             : HHH100501: Automatic JDBC statement batching enabled (maximum batch size 500)
2026-09-15 11:19:30.940  INFO 18540 --- [NA] [userId=anonymous] [  restartedMain] j.LocalContainerEntityManagerFactoryBean : Initialized JPA EntityManagerFactory for persistence unit 'default'
2026-09-15 11:19:31.100 DEBUG 18540 --- [NA] [userId=anonymous] [  restartedMain] c.b.d.security.JwtAuthenticationFilter   : Filter 'jwtAuthenticationFilter' configured for use
2026-09-15 11:19:31.101 DEBUG 18540 --- [NA] [userId=anonymous] [  restartedMain] c.b.d.config.RequestLoggingFilter        : Filter 'requestLoggingFilter' configured for use
2026-09-15 11:19:31.642  WARN 18540 --- [NA] [userId=anonymous] [  restartedMain] JpaBaseConfiguration$JpaWebConfiguration : spring.jpa.open-in-view is enabled by default. Therefore, database queries may be performed during view rendering. Explicitly configure spring.jpa.open-in-view to disable this warning
2026-09-15 11:19:31.999  INFO 18540 --- [NA] [userId=anonymous] [  restartedMain] o.s.boot.tomcat.TomcatWebServer          : Tomcat started on port 8080 (http) with context path '/'
2026-09-15 11:19:32.002  INFO 18540 --- [NA] [userId=anonymous] [  restartedMain] c.backend.dealspot.DealspotApplication   : Started DealspotApplication in 7.231 seconds (process running for 2185.731)
2026-09-15 11:19:32.010  INFO 18540 --- [NA] [userId=anonymous] [  restartedMain] .ConditionEvaluationDeltaLoggingListener : Condition evaluation unchanged
2026-09-15 11:20:50.274  INFO 18540 --- [NA] [userId=anonymous] [   File Watcher] rtingClassPathChangeChangedEventListener : Restarting due to 1 class path change (0 additions, 1 deletion, 0 modifications)
2026-09-15 11:20:50.277  INFO 18540 --- [NA] [userId=anonymous] [       Thread-9] o.s.boot.tomcat.GracefulShutdown         : Commencing graceful shutdown. Waiting for active requests to complete
2026-09-15 11:20:50.287  INFO 18540 --- [NA] [userId=anonymous] [tomcat-shutdown] o.s.boot.tomcat.GracefulShutdown         : Graceful shutdown complete
2026-09-15 11:20:50.290  INFO 18540 --- [NA] [userId=anonymous] [       Thread-9] j.LocalContainerEntityManagerFactoryBean : Closing JPA EntityManagerFactory for persistence unit 'default'
2026-09-15 11:20:50.291  INFO 18540 --- [NA] [userId=anonymous] [       Thread-9] com.zaxxer.hikari.HikariDataSource       : HikariPool-3 - Shutdown initiated...
2026-09-15 11:20:50.292  INFO 18540 --- [NA] [userId=anonymous] [       Thread-9] com.zaxxer.hikari.HikariDataSource       : HikariPool-3 - Shutdown completed.
2026-09-15 11:20:50.391  INFO 18540 --- [NA] [userId=anonymous] [  restartedMain] c.backend.dealspot.DealspotApplication   : Starting DealspotApplication using Java 26.0.1 with PID 18540 (C:\Users\User\Desktop\DEVELOPMENT PROJECTS\DEALSPOT\SPRINGBOOT\target\classes started by User in C:\Users\User\Desktop\DEVELOPMENT PROJECTS\DEALSPOT\SPRINGBOOT)
2026-09-15 11:20:50.391 DEBUG 18540 --- [NA] [userId=anonymous] [  restartedMain] c.backend.dealspot.DealspotApplication   : Running with Spring Boot v4.0.6, Spring v7.0.7
2026-09-15 11:20:50.391  INFO 18540 --- [NA] [userId=anonymous] [  restartedMain] c.backend.dealspot.DealspotApplication   : No active profile set, falling back to 1 default profile: "default"
2026-09-15 11:20:50.695  INFO 18540 --- [NA] [userId=anonymous] [  restartedMain] .s.d.r.c.RepositoryConfigurationDelegate : Bootstrapping Spring Data JPA repositories in DEFAULT mode.
2026-09-15 11:20:50.772  INFO 18540 --- [NA] [userId=anonymous] [  restartedMain] .s.d.r.c.RepositoryConfigurationDelegate : Finished Spring Data repository scanning in 75 ms. Found 22 JPA repository interfaces.
2026-09-15 11:20:50.909  INFO 18540 --- [NA] [userId=anonymous] [  restartedMain] o.s.boot.tomcat.TomcatWebServer          : Tomcat initialized with port 8080 (http)
2026-09-15 11:20:50.910  INFO 18540 --- [NA] [userId=anonymous] [  restartedMain] o.apache.catalina.core.StandardService   : Starting service [Tomcat]
2026-09-15 11:20:50.910  INFO 18540 --- [NA] [userId=anonymous] [  restartedMain] o.apache.catalina.core.StandardEngine    : Starting Servlet engine: [Apache Tomcat/11.0.21]
2026-09-15 11:20:50.974  INFO 18540 --- [NA] [userId=anonymous] [  restartedMain] b.w.c.s.WebApplicationContextInitializer : Root WebApplicationContext: initialization completed in 581 ms
2026-09-15 11:20:51.037  INFO 18540 --- [NA] [userId=anonymous] [  restartedMain] org.hibernate.orm.jpa                    : HHH008540: Processing PersistenceUnitInfo [name: default]
2026-09-15 11:20:51.075  INFO 18540 --- [NA] [userId=anonymous] [  restartedMain] o.s.o.j.p.SpringPersistenceUnitInfo      : No LoadTimeWeaver setup: ignoring JPA class transformer
2026-09-15 11:20:51.076  INFO 18540 --- [NA] [userId=anonymous] [  restartedMain] com.zaxxer.hikari.HikariDataSource       : HikariPool-4 - Starting...
2026-09-15 11:20:56.033  INFO 18540 --- [NA] [userId=anonymous] [  restartedMain] com.zaxxer.hikari.pool.HikariPool        : HikariPool-4 - Added connection com.mysql.cj.jdbc.ConnectionImpl@2839861d
2026-09-15 11:20:56.033  INFO 18540 --- [NA] [userId=anonymous] [  restartedMain] com.zaxxer.hikari.HikariDataSource       : HikariPool-4 - Start completed.
2026-09-15 11:20:56.035  INFO 18540 --- [NA] [userId=anonymous] [  restartedMain] org.hibernate.orm.connections.pooling    : HHH10001005: Database info:
	Database JDBC URL [jdbc:mysql://192.168.1.110:3306/dealspot_test?useSSL=false&serverTimezone=UTC]
	Database driver: MySQL Connector/J
	Database dialect: MySQLDialect
	Database version: 8.0.46
	Default catalog/schema: dealspot_test/undefined
	Autocommit mode: undefined/unknown
	Isolation level: REPEATABLE_READ [default REPEATABLE_READ]
	JDBC fetch size: none
	Pool: DataSourceConnectionProvider
	Minimum pool size: undefined/unknown
	Maximum pool size: undefined/unknown
2026-09-15 11:20:56.335  INFO 18540 --- [NA] [userId=anonymous] [  restartedMain] org.hibernate.orm.core                   : HHH000489: No JTA platform available (set 'hibernate.transaction.jta.platform' to enable JTA platform integration)
2026-09-15 11:20:56.336  INFO 18540 --- [NA] [userId=anonymous] [  restartedMain] org.hibernate.orm.jdbc.batch             : HHH100501: Automatic JDBC statement batching enabled (maximum batch size 500)
2026-09-15 11:20:56.577  INFO 18540 --- [NA] [userId=anonymous] [  restartedMain] j.LocalContainerEntityManagerFactoryBean : Initialized JPA EntityManagerFactory for persistence unit 'default'
2026-09-15 11:20:56.744 DEBUG 18540 --- [NA] [userId=anonymous] [  restartedMain] c.b.d.security.JwtAuthenticationFilter   : Filter 'jwtAuthenticationFilter' configured for use
2026-09-15 11:20:56.744 DEBUG 18540 --- [NA] [userId=anonymous] [  restartedMain] c.b.d.config.RequestLoggingFilter        : Filter 'requestLoggingFilter' configured for use
2026-09-15 11:20:57.277  WARN 18540 --- [NA] [userId=anonymous] [  restartedMain] JpaBaseConfiguration$JpaWebConfiguration : spring.jpa.open-in-view is enabled by default. Therefore, database queries may be performed during view rendering. Explicitly configure spring.jpa.open-in-view to disable this warning
2026-09-15 11:20:57.613  INFO 18540 --- [NA] [userId=anonymous] [  restartedMain] o.s.boot.tomcat.TomcatWebServer          : Tomcat started on port 8080 (http) with context path '/'
2026-09-15 11:20:57.616  INFO 18540 --- [NA] [userId=anonymous] [  restartedMain] c.backend.dealspot.DealspotApplication   : Started DealspotApplication in 7.252 seconds (process running for 2271.345)
2026-09-15 11:20:57.624  INFO 18540 --- [NA] [userId=anonymous] [  restartedMain] .ConditionEvaluationDeltaLoggingListener : Condition evaluation unchanged
2026-09-15 11:21:02.355  INFO 18540 --- [NA] [userId=anonymous] [   File Watcher] rtingClassPathChangeChangedEventListener : Restarting due to 1 class path change (0 additions, 0 deletions, 1 modification)
2026-09-15 11:21:02.356  INFO 18540 --- [NA] [userId=anonymous] [      Thread-13] o.s.boot.tomcat.GracefulShutdown         : Commencing graceful shutdown. Waiting for active requests to complete
2026-09-15 11:21:02.361  INFO 18540 --- [NA] [userId=anonymous] [tomcat-shutdown] o.s.boot.tomcat.GracefulShutdown         : Graceful shutdown complete
2026-09-15 11:21:02.366  INFO 18540 --- [NA] [userId=anonymous] [      Thread-13] j.LocalContainerEntityManagerFactoryBean : Closing JPA EntityManagerFactory for persistence unit 'default'
2026-09-15 11:21:02.367  INFO 18540 --- [NA] [userId=anonymous] [      Thread-13] com.zaxxer.hikari.HikariDataSource       : HikariPool-4 - Shutdown initiated...
2026-09-15 11:21:05.825  INFO 18540 --- [NA] [userId=anonymous] [      Thread-13] com.zaxxer.hikari.HikariDataSource       : HikariPool-4 - Shutdown completed.
2026-09-15 11:21:05.919  INFO 18540 --- [NA] [userId=anonymous] [  restartedMain] c.backend.dealspot.DealspotApplication   : Starting DealspotApplication using Java 26.0.1 with PID 18540 (C:\Users\User\Desktop\DEVELOPMENT PROJECTS\DEALSPOT\SPRINGBOOT\target\classes started by User in C:\Users\User\Desktop\DEVELOPMENT PROJECTS\DEALSPOT\SPRINGBOOT)
2026-09-15 11:21:05.920 DEBUG 18540 --- [NA] [userId=anonymous] [  restartedMain] c.backend.dealspot.DealspotApplication   : Running with Spring Boot v4.0.6, Spring v7.0.7
2026-09-15 11:21:05.920  INFO 18540 --- [NA] [userId=anonymous] [  restartedMain] c.backend.dealspot.DealspotApplication   : No active profile set, falling back to 1 default profile: "default"
2026-09-15 11:21:06.175  INFO 18540 --- [NA] [userId=anonymous] [  restartedMain] .s.d.r.c.RepositoryConfigurationDelegate : Bootstrapping Spring Data JPA repositories in DEFAULT mode.
2026-09-15 11:21:06.235  INFO 18540 --- [NA] [userId=anonymous] [  restartedMain] .s.d.r.c.RepositoryConfigurationDelegate : Finished Spring Data repository scanning in 58 ms. Found 22 JPA repository interfaces.
2026-09-15 11:21:06.355  INFO 18540 --- [NA] [userId=anonymous] [  restartedMain] o.s.boot.tomcat.TomcatWebServer          : Tomcat initialized with port 8080 (http)
2026-09-15 11:21:06.357  INFO 18540 --- [NA] [userId=anonymous] [  restartedMain] o.apache.catalina.core.StandardService   : Starting service [Tomcat]
2026-09-15 11:21:06.357  INFO 18540 --- [NA] [userId=anonymous] [  restartedMain] o.apache.catalina.core.StandardEngine    : Starting Servlet engine: [Apache Tomcat/11.0.21]
2026-09-15 11:21:06.395  INFO 18540 --- [NA] [userId=anonymous] [  restartedMain] b.w.c.s.WebApplicationContextInitializer : Root WebApplicationContext: initialization completed in 474 ms
2026-09-15 11:21:06.452  INFO 18540 --- [NA] [userId=anonymous] [  restartedMain] org.hibernate.orm.jpa                    : HHH008540: Processing PersistenceUnitInfo [name: default]
2026-09-15 11:21:06.489  INFO 18540 --- [NA] [userId=anonymous] [  restartedMain] o.s.o.j.p.SpringPersistenceUnitInfo      : No LoadTimeWeaver setup: ignoring JPA class transformer
2026-09-15 11:21:06.490  INFO 18540 --- [NA] [userId=anonymous] [  restartedMain] com.zaxxer.hikari.HikariDataSource       : HikariPool-5 - Starting...
2026-09-15 11:21:11.441  INFO 18540 --- [NA] [userId=anonymous] [  restartedMain] com.zaxxer.hikari.pool.HikariPool        : HikariPool-5 - Added connection com.mysql.cj.jdbc.ConnectionImpl@3ed804aa
2026-09-15 11:21:11.442  INFO 18540 --- [NA] [userId=anonymous] [  restartedMain] com.zaxxer.hikari.HikariDataSource       : HikariPool-5 - Start completed.
2026-09-15 11:21:11.446  INFO 18540 --- [NA] [userId=anonymous] [  restartedMain] org.hibernate.orm.connections.pooling    : HHH10001005: Database info:
	Database JDBC URL [jdbc:mysql://192.168.1.110:3306/dealspot_test?useSSL=false&serverTimezone=UTC]
	Database driver: MySQL Connector/J
	Database dialect: MySQLDialect
	Database version: 8.0.46
	Default catalog/schema: dealspot_test/undefined
	Autocommit mode: undefined/unknown
	Isolation level: REPEATABLE_READ [default REPEATABLE_READ]
	JDBC fetch size: none
	Pool: DataSourceConnectionProvider
	Minimum pool size: undefined/unknown
	Maximum pool size: undefined/unknown
2026-09-15 11:21:11.741  INFO 18540 --- [NA] [userId=anonymous] [  restartedMain] org.hibernate.orm.core                   : HHH000489: No JTA platform available (set 'hibernate.transaction.jta.platform' to enable JTA platform integration)
2026-09-15 11:21:11.741  INFO 18540 --- [NA] [userId=anonymous] [  restartedMain] org.hibernate.orm.jdbc.batch             : HHH100501: Automatic JDBC statement batching enabled (maximum batch size 500)
2026-09-15 11:21:11.982  INFO 18540 --- [NA] [userId=anonymous] [  restartedMain] j.LocalContainerEntityManagerFactoryBean : Initialized JPA EntityManagerFactory for persistence unit 'default'
2026-09-15 11:21:12.119 DEBUG 18540 --- [NA] [userId=anonymous] [  restartedMain] c.b.d.security.JwtAuthenticationFilter   : Filter 'jwtAuthenticationFilter' configured for use
2026-09-15 11:21:12.119 DEBUG 18540 --- [NA] [userId=anonymous] [  restartedMain] c.b.d.config.RequestLoggingFilter        : Filter 'requestLoggingFilter' configured for use
2026-09-15 11:21:12.654  WARN 18540 --- [NA] [userId=anonymous] [  restartedMain] JpaBaseConfiguration$JpaWebConfiguration : spring.jpa.open-in-view is enabled by default. Therefore, database queries may be performed during view rendering. Explicitly configure spring.jpa.open-in-view to disable this warning
2026-09-15 11:21:12.986  INFO 18540 --- [NA] [userId=anonymous] [  restartedMain] o.s.boot.tomcat.TomcatWebServer          : Tomcat started on port 8080 (http) with context path '/'
2026-09-15 11:21:12.989  INFO 18540 --- [NA] [userId=anonymous] [  restartedMain] c.backend.dealspot.DealspotApplication   : Started DealspotApplication in 7.092 seconds (process running for 2286.718)
2026-09-15 11:21:12.998  INFO 18540 --- [NA] [userId=anonymous] [  restartedMain] .ConditionEvaluationDeltaLoggingListener : Condition evaluation unchanged
2026-09-15 11:21:17.600  INFO 18540 --- [NA] [userId=anonymous] [   File Watcher] rtingClassPathChangeChangedEventListener : Restarting due to 1 class path change (0 additions, 0 deletions, 1 modification)
2026-09-15 11:21:17.603  INFO 18540 --- [NA] [userId=anonymous] [      Thread-17] o.s.boot.tomcat.GracefulShutdown         : Commencing graceful shutdown. Waiting for active requests to complete
2026-09-15 11:21:17.622  INFO 18540 --- [NA] [userId=anonymous] [tomcat-shutdown] o.s.boot.tomcat.GracefulShutdown         : Graceful shutdown complete
2026-09-15 11:21:17.630  INFO 18540 --- [NA] [userId=anonymous] [      Thread-17] j.LocalContainerEntityManagerFactoryBean : Closing JPA EntityManagerFactory for persistence unit 'default'
2026-09-15 11:21:17.631  INFO 18540 --- [NA] [userId=anonymous] [      Thread-17] com.zaxxer.hikari.HikariDataSource       : HikariPool-5 - Shutdown initiated...
2026-09-15 11:21:20.735  INFO 18540 --- [NA] [userId=anonymous] [      Thread-17] com.zaxxer.hikari.HikariDataSource       : HikariPool-5 - Shutdown completed.
2026-09-15 11:21:20.835  INFO 18540 --- [NA] [userId=anonymous] [  restartedMain] c.backend.dealspot.DealspotApplication   : Starting DealspotApplication using Java 26.0.1 with PID 18540 (C:\Users\User\Desktop\DEVELOPMENT PROJECTS\DEALSPOT\SPRINGBOOT\target\classes started by User in C:\Users\User\Desktop\DEVELOPMENT PROJECTS\DEALSPOT\SPRINGBOOT)
2026-09-15 11:21:20.835 DEBUG 18540 --- [NA] [userId=anonymous] [  restartedMain] c.backend.dealspot.DealspotApplication   : Running with Spring Boot v4.0.6, Spring v7.0.7
2026-09-15 11:21:20.836  INFO 18540 --- [NA] [userId=anonymous] [  restartedMain] c.backend.dealspot.DealspotApplication   : No active profile set, falling back to 1 default profile: "default"
2026-09-15 11:21:21.127  INFO 18540 --- [NA] [userId=anonymous] [  restartedMain] .s.d.r.c.RepositoryConfigurationDelegate : Bootstrapping Spring Data JPA repositories in DEFAULT mode.
2026-09-15 11:21:21.205  INFO 18540 --- [NA] [userId=anonymous] [  restartedMain] .s.d.r.c.RepositoryConfigurationDelegate : Finished Spring Data repository scanning in 76 ms. Found 22 JPA repository interfaces.
2026-09-15 11:21:21.342  INFO 18540 --- [NA] [userId=anonymous] [  restartedMain] o.s.boot.tomcat.TomcatWebServer          : Tomcat initialized with port 8080 (http)
2026-09-15 11:21:21.343  INFO 18540 --- [NA] [userId=anonymous] [  restartedMain] o.apache.catalina.core.StandardService   : Starting service [Tomcat]
2026-09-15 11:21:21.343  INFO 18540 --- [NA] [userId=anonymous] [  restartedMain] o.apache.catalina.core.StandardEngine    : Starting Servlet engine: [Apache Tomcat/11.0.21]
2026-09-15 11:21:21.382  INFO 18540 --- [NA] [userId=anonymous] [  restartedMain] b.w.c.s.WebApplicationContextInitializer : Root WebApplicationContext: initialization completed in 545 ms
2026-09-15 11:21:21.446  INFO 18540 --- [NA] [userId=anonymous] [  restartedMain] org.hibernate.orm.jpa                    : HHH008540: Processing PersistenceUnitInfo [name: default]
2026-09-15 11:21:21.491  INFO 18540 --- [NA] [userId=anonymous] [  restartedMain] o.s.o.j.p.SpringPersistenceUnitInfo      : No LoadTimeWeaver setup: ignoring JPA class transformer
2026-09-15 11:21:21.492  INFO 18540 --- [NA] [userId=anonymous] [  restartedMain] com.zaxxer.hikari.HikariDataSource       : HikariPool-6 - Starting...
2026-09-15 11:21:26.498  INFO 18540 --- [NA] [userId=anonymous] [  restartedMain] com.zaxxer.hikari.pool.HikariPool        : HikariPool-6 - Added connection com.mysql.cj.jdbc.ConnectionImpl@521999ad
2026-09-15 11:21:26.499  INFO 18540 --- [NA] [userId=anonymous] [  restartedMain] com.zaxxer.hikari.HikariDataSource       : HikariPool-6 - Start completed.
2026-09-15 11:21:26.501  INFO 18540 --- [NA] [userId=anonymous] [  restartedMain] org.hibernate.orm.connections.pooling    : HHH10001005: Database info:
	Database JDBC URL [jdbc:mysql://192.168.1.110:3306/dealspot_test?useSSL=false&serverTimezone=UTC]
	Database driver: MySQL Connector/J
	Database dialect: MySQLDialect
	Database version: 8.0.46
	Default catalog/schema: dealspot_test/undefined
	Autocommit mode: undefined/unknown
	Isolation level: REPEATABLE_READ [default REPEATABLE_READ]
	JDBC fetch size: none
	Pool: DataSourceConnectionProvider
	Minimum pool size: undefined/unknown
	Maximum pool size: undefined/unknown
2026-09-15 11:21:26.833  INFO 18540 --- [NA] [userId=anonymous] [  restartedMain] org.hibernate.orm.core                   : HHH000489: No JTA platform available (set 'hibernate.transaction.jta.platform' to enable JTA platform integration)
2026-09-15 11:21:26.834  INFO 18540 --- [NA] [userId=anonymous] [  restartedMain] org.hibernate.orm.jdbc.batch             : HHH100501: Automatic JDBC statement batching enabled (maximum batch size 500)
2026-09-15 11:21:27.093  INFO 18540 --- [NA] [userId=anonymous] [  restartedMain] j.LocalContainerEntityManagerFactoryBean : Initialized JPA EntityManagerFactory for persistence unit 'default'
2026-09-15 11:21:27.245 DEBUG 18540 --- [NA] [userId=anonymous] [  restartedMain] c.b.d.security.JwtAuthenticationFilter   : Filter 'jwtAuthenticationFilter' configured for use
2026-09-15 11:21:27.246 DEBUG 18540 --- [NA] [userId=anonymous] [  restartedMain] c.b.d.config.RequestLoggingFilter        : Filter 'requestLoggingFilter' configured for use
2026-09-15 11:21:27.799  WARN 18540 --- [NA] [userId=anonymous] [  restartedMain] JpaBaseConfiguration$JpaWebConfiguration : spring.jpa.open-in-view is enabled by default. Therefore, database queries may be performed during view rendering. Explicitly configure spring.jpa.open-in-view to disable this warning
2026-09-15 11:21:28.135  INFO 18540 --- [NA] [userId=anonymous] [  restartedMain] o.s.boot.tomcat.TomcatWebServer          : Tomcat started on port 8080 (http) with context path '/'
2026-09-15 11:21:28.137  INFO 18540 --- [NA] [userId=anonymous] [  restartedMain] c.backend.dealspot.DealspotApplication   : Started DealspotApplication in 7.327 seconds (process running for 2301.867)
2026-09-15 11:21:28.147  INFO 18540 --- [NA] [userId=anonymous] [  restartedMain] .ConditionEvaluationDeltaLoggingListener : Condition evaluation unchanged
2026-09-15 11:21:29.572  INFO 18540 --- [NA] [userId=anonymous] [   File Watcher] rtingClassPathChangeChangedEventListener : Restarting due to 1 class path change (0 additions, 0 deletions, 1 modification)
2026-09-15 11:21:29.575  INFO 18540 --- [NA] [userId=anonymous] [      Thread-21] o.s.boot.tomcat.GracefulShutdown         : Commencing graceful shutdown. Waiting for active requests to complete
2026-09-15 11:21:29.580  INFO 18540 --- [NA] [userId=anonymous] [tomcat-shutdown] o.s.boot.tomcat.GracefulShutdown         : Graceful shutdown complete
2026-09-15 11:21:29.584  INFO 18540 --- [NA] [userId=anonymous] [      Thread-21] j.LocalContainerEntityManagerFactoryBean : Closing JPA EntityManagerFactory for persistence unit 'default'
2026-09-15 11:21:29.585  INFO 18540 --- [NA] [userId=anonymous] [      Thread-21] com.zaxxer.hikari.HikariDataSource       : HikariPool-6 - Shutdown initiated...
2026-09-15 11:21:31.166  INFO 18540 --- [NA] [userId=anonymous] [      Thread-21] com.zaxxer.hikari.HikariDataSource       : HikariPool-6 - Shutdown completed.
2026-09-15 11:21:31.255  INFO 18540 --- [NA] [userId=anonymous] [  restartedMain] c.backend.dealspot.DealspotApplication   : Starting DealspotApplication using Java 26.0.1 with PID 18540 (C:\Users\User\Desktop\DEVELOPMENT PROJECTS\DEALSPOT\SPRINGBOOT\target\classes started by User in C:\Users\User\Desktop\DEVELOPMENT PROJECTS\DEALSPOT\SPRINGBOOT)
2026-09-15 11:21:31.257 DEBUG 18540 --- [NA] [userId=anonymous] [  restartedMain] c.backend.dealspot.DealspotApplication   : Running with Spring Boot v4.0.6, Spring v7.0.7
2026-09-15 11:21:31.257  INFO 18540 --- [NA] [userId=anonymous] [  restartedMain] c.backend.dealspot.DealspotApplication   : No active profile set, falling back to 1 default profile: "default"
2026-09-15 11:21:31.527  INFO 18540 --- [NA] [userId=anonymous] [  restartedMain] .s.d.r.c.RepositoryConfigurationDelegate : Bootstrapping Spring Data JPA repositories in DEFAULT mode.
2026-09-15 11:21:31.589  INFO 18540 --- [NA] [userId=anonymous] [  restartedMain] .s.d.r.c.RepositoryConfigurationDelegate : Finished Spring Data repository scanning in 60 ms. Found 22 JPA repository interfaces.
2026-09-15 11:21:31.722  INFO 18540 --- [NA] [userId=anonymous] [  restartedMain] o.s.boot.tomcat.TomcatWebServer          : Tomcat initialized with port 8080 (http)
2026-09-15 11:21:31.723  INFO 18540 --- [NA] [userId=anonymous] [  restartedMain] o.apache.catalina.core.StandardService   : Starting service [Tomcat]
2026-09-15 11:21:31.723  INFO 18540 --- [NA] [userId=anonymous] [  restartedMain] o.apache.catalina.core.StandardEngine    : Starting Servlet engine: [Apache Tomcat/11.0.21]
2026-09-15 11:21:31.767  INFO 18540 --- [NA] [userId=anonymous] [  restartedMain] b.w.c.s.WebApplicationContextInitializer : Root WebApplicationContext: initialization completed in 508 ms
2026-09-15 11:21:31.841  INFO 18540 --- [NA] [userId=anonymous] [  restartedMain] org.hibernate.orm.jpa                    : HHH008540: Processing PersistenceUnitInfo [name: default]
2026-09-15 11:21:31.909  INFO 18540 --- [NA] [userId=anonymous] [  restartedMain] o.s.o.j.p.SpringPersistenceUnitInfo      : No LoadTimeWeaver setup: ignoring JPA class transformer
2026-09-15 11:21:31.911  INFO 18540 --- [NA] [userId=anonymous] [  restartedMain] com.zaxxer.hikari.HikariDataSource       : HikariPool-7 - Starting...
2026-09-15 11:21:36.890  INFO 18540 --- [NA] [userId=anonymous] [  restartedMain] com.zaxxer.hikari.pool.HikariPool        : HikariPool-7 - Added connection com.mysql.cj.jdbc.ConnectionImpl@39805001
2026-09-15 11:21:36.890  INFO 18540 --- [NA] [userId=anonymous] [  restartedMain] com.zaxxer.hikari.HikariDataSource       : HikariPool-7 - Start completed.
2026-09-15 11:21:36.894  INFO 18540 --- [NA] [userId=anonymous] [  restartedMain] org.hibernate.orm.connections.pooling    : HHH10001005: Database info:
	Database JDBC URL [jdbc:mysql://192.168.1.110:3306/dealspot_test?useSSL=false&serverTimezone=UTC]
	Database driver: MySQL Connector/J
	Database dialect: MySQLDialect
	Database version: 8.0.46
	Default catalog/schema: dealspot_test/undefined
	Autocommit mode: undefined/unknown
	Isolation level: REPEATABLE_READ [default REPEATABLE_READ]
	JDBC fetch size: none
	Pool: DataSourceConnectionProvider
	Minimum pool size: undefined/unknown
	Maximum pool size: undefined/unknown
2026-09-15 11:21:37.330  INFO 18540 --- [NA] [userId=anonymous] [  restartedMain] org.hibernate.orm.core                   : HHH000489: No JTA platform available (set 'hibernate.transaction.jta.platform' to enable JTA platform integration)
2026-09-15 11:21:37.332  INFO 18540 --- [NA] [userId=anonymous] [  restartedMain] org.hibernate.orm.jdbc.batch             : HHH100501: Automatic JDBC statement batching enabled (maximum batch size 500)
2026-09-15 11:21:37.603  INFO 18540 --- [NA] [userId=anonymous] [  restartedMain] j.LocalContainerEntityManagerFactoryBean : Initialized JPA EntityManagerFactory for persistence unit 'default'
2026-09-15 11:21:37.795 DEBUG 18540 --- [NA] [userId=anonymous] [  restartedMain] c.b.d.security.JwtAuthenticationFilter   : Filter 'jwtAuthenticationFilter' configured for use
2026-09-15 11:21:37.796 DEBUG 18540 --- [NA] [userId=anonymous] [  restartedMain] c.b.d.config.RequestLoggingFilter        : Filter 'requestLoggingFilter' configured for use
2026-09-15 11:21:38.516  WARN 18540 --- [NA] [userId=anonymous] [  restartedMain] JpaBaseConfiguration$JpaWebConfiguration : spring.jpa.open-in-view is enabled by default. Therefore, database queries may be performed during view rendering. Explicitly configure spring.jpa.open-in-view to disable this warning
2026-09-15 11:21:39.077  INFO 18540 --- [NA] [userId=anonymous] [  restartedMain] o.s.boot.tomcat.TomcatWebServer          : Tomcat started on port 8080 (http) with context path '/'
2026-09-15 11:21:39.082  INFO 18540 --- [NA] [userId=anonymous] [  restartedMain] c.backend.dealspot.DealspotApplication   : Started DealspotApplication in 7.846 seconds (process running for 2312.811)
2026-09-15 11:21:39.110  INFO 18540 --- [NA] [userId=anonymous] [  restartedMain] .ConditionEvaluationDeltaLoggingListener : Condition evaluation unchanged
2026-09-15 11:21:41.483  INFO 18540 --- [NA] [userId=anonymous] [   File Watcher] rtingClassPathChangeChangedEventListener : Restarting due to 159 class path changes (0 additions, 159 deletions, 0 modifications)
2026-09-15 11:21:41.495  INFO 18540 --- [NA] [userId=anonymous] [      Thread-25] o.s.boot.tomcat.GracefulShutdown         : Commencing graceful shutdown. Waiting for active requests to complete
2026-09-15 11:21:41.664  INFO 18540 --- [NA] [userId=anonymous] [tomcat-shutdown] o.s.boot.tomcat.GracefulShutdown         : Graceful shutdown complete
2026-09-15 11:21:41.671  INFO 18540 --- [NA] [userId=anonymous] [      Thread-25] j.LocalContainerEntityManagerFactoryBean : Closing JPA EntityManagerFactory for persistence unit 'default'
2026-09-15 11:21:41.673  INFO 18540 --- [NA] [userId=anonymous] [      Thread-25] com.zaxxer.hikari.HikariDataSource       : HikariPool-7 - Shutdown initiated...
2026-09-15 11:21:46.924  INFO 18540 --- [NA] [userId=anonymous] [      Thread-25] com.zaxxer.hikari.HikariDataSource       : HikariPool-7 - Shutdown completed.
2026-09-15 11:21:47.898  INFO 18540 --- [NA] [userId=anonymous] [  restartedMain] c.backend.dealspot.DealspotApplication   : Starting DealspotApplication using Java 26.0.1 with PID 18540 (C:\Users\User\Desktop\DEVELOPMENT PROJECTS\DEALSPOT\SPRINGBOOT\target\classes started by User in C:\Users\User\Desktop\DEVELOPMENT PROJECTS\DEALSPOT\SPRINGBOOT)
2026-09-15 11:21:47.916 DEBUG 18540 --- [NA] [userId=anonymous] [  restartedMain] c.backend.dealspot.DealspotApplication   : Running with Spring Boot v4.0.6, Spring v7.0.7
2026-09-15 11:21:47.942  INFO 18540 --- [NA] [userId=anonymous] [  restartedMain] c.backend.dealspot.DealspotApplication   : No active profile set, falling back to 1 default profile: "default"
2026-09-15 11:21:49.607  INFO 18540 --- [NA] [userId=anonymous] [  restartedMain] .s.d.r.c.RepositoryConfigurationDelegate : Bootstrapping Spring Data JPA repositories in DEFAULT mode.
2026-09-15 11:21:49.813  INFO 18540 --- [NA] [userId=anonymous] [  restartedMain] .s.d.r.c.RepositoryConfigurationDelegate : Finished Spring Data repository scanning in 202 ms. Found 22 JPA repository interfaces.
2026-09-15 11:21:50.223  INFO 18540 --- [NA] [userId=anonymous] [  restartedMain] o.s.boot.tomcat.TomcatWebServer          : Tomcat initialized with port 8080 (http)
2026-09-15 11:21:50.225  INFO 18540 --- [NA] [userId=anonymous] [  restartedMain] o.apache.catalina.core.StandardService   : Starting service [Tomcat]
2026-09-15 11:21:50.225  INFO 18540 --- [NA] [userId=anonymous] [  restartedMain] o.apache.catalina.core.StandardEngine    : Starting Servlet engine: [Apache Tomcat/11.0.21]
2026-09-15 11:21:50.307  INFO 18540 --- [NA] [userId=anonymous] [  restartedMain] b.w.c.s.WebApplicationContextInitializer : Root WebApplicationContext: initialization completed in 2349 ms
2026-09-15 11:21:50.443  INFO 18540 --- [NA] [userId=anonymous] [  restartedMain] org.hibernate.orm.jpa                    : HHH008540: Processing PersistenceUnitInfo [name: default]
2026-09-15 11:21:50.538  INFO 18540 --- [NA] [userId=anonymous] [  restartedMain] o.s.o.j.p.SpringPersistenceUnitInfo      : No LoadTimeWeaver setup: ignoring JPA class transformer
2026-09-15 11:21:50.584  INFO 18540 --- [NA] [userId=anonymous] [  restartedMain] com.zaxxer.hikari.HikariDataSource       : HikariPool-8 - Starting...
2026-09-15 11:21:55.646  INFO 18540 --- [NA] [userId=anonymous] [  restartedMain] com.zaxxer.hikari.pool.HikariPool        : HikariPool-8 - Added connection com.mysql.cj.jdbc.ConnectionImpl@55dbc16c
2026-09-15 11:21:55.646  INFO 18540 --- [NA] [userId=anonymous] [  restartedMain] com.zaxxer.hikari.HikariDataSource       : HikariPool-8 - Start completed.
2026-09-15 11:21:55.649  INFO 18540 --- [NA] [userId=anonymous] [  restartedMain] org.hibernate.orm.connections.pooling    : HHH10001005: Database info:
	Database JDBC URL [jdbc:mysql://192.168.1.110:3306/dealspot_test?useSSL=false&serverTimezone=UTC]
	Database driver: MySQL Connector/J
	Database dialect: MySQLDialect
	Database version: 8.0.46
	Default catalog/schema: dealspot_test/undefined
	Autocommit mode: undefined/unknown
	Isolation level: REPEATABLE_READ [default REPEATABLE_READ]
	JDBC fetch size: none
	Pool: DataSourceConnectionProvider
	Minimum pool size: undefined/unknown
	Maximum pool size: undefined/unknown
2026-09-15 11:21:55.930  INFO 18540 --- [NA] [userId=anonymous] [  restartedMain] org.hibernate.orm.core                   : HHH000489: No JTA platform available (set 'hibernate.transaction.jta.platform' to enable JTA platform integration)
2026-09-15 11:21:55.930  INFO 18540 --- [NA] [userId=anonymous] [  restartedMain] org.hibernate.orm.jdbc.batch             : HHH100501: Automatic JDBC statement batching enabled (maximum batch size 500)
2026-09-15 11:21:56.129  INFO 18540 --- [NA] [userId=anonymous] [  restartedMain] j.LocalContainerEntityManagerFactoryBean : Initialized JPA EntityManagerFactory for persistence unit 'default'
2026-09-15 11:21:56.270 DEBUG 18540 --- [NA] [userId=anonymous] [  restartedMain] c.b.d.security.JwtAuthenticationFilter   : Filter 'jwtAuthenticationFilter' configured for use
2026-09-15 11:21:56.270 DEBUG 18540 --- [NA] [userId=anonymous] [  restartedMain] c.b.d.config.RequestLoggingFilter        : Filter 'requestLoggingFilter' configured for use
2026-09-15 11:21:56.293  WARN 18540 --- [NA] [userId=anonymous] [  restartedMain] ConfigServletWebServerApplicationContext : Exception encountered during context initialization - cancelling refresh attempt: org.springframework.beans.factory.UnsatisfiedDependencyException: Error creating bean with name 'adminUserController' defined in file [C:\Users\User\Desktop\DEVELOPMENT PROJECTS\DEALSPOT\SPRINGBOOT\target\classes\com\backend\dealspot\controller\AdminUserController.class]: Unsatisfied dependency expressed through constructor parameter 0: No qualifying bean of type 'com.backend.dealspot.service.UserService' available: expected at least 1 bean which qualifies as autowire candidate. Dependency annotations: {}
2026-09-15 11:21:56.293  INFO 18540 --- [NA] [userId=anonymous] [  restartedMain] j.LocalContainerEntityManagerFactoryBean : Closing JPA EntityManagerFactory for persistence unit 'default'
2026-09-15 11:21:56.293  INFO 18540 --- [NA] [userId=anonymous] [  restartedMain] com.zaxxer.hikari.HikariDataSource       : HikariPool-8 - Shutdown initiated...
2026-09-15 11:22:00.314  INFO 18540 --- [NA] [userId=anonymous] [  restartedMain] com.zaxxer.hikari.HikariDataSource       : HikariPool-8 - Shutdown completed.
2026-09-15 11:22:00.316  INFO 18540 --- [NA] [userId=anonymous] [  restartedMain] o.apache.catalina.core.StandardService   : Stopping service [Tomcat]
2026-09-15 11:22:00.321  INFO 18540 --- [NA] [userId=anonymous] [  restartedMain] .s.b.a.l.ConditionEvaluationReportLogger : 

Error starting ApplicationContext. To display the condition evaluation report re-run your application with 'debug' enabled.
2026-09-15 11:22:00.342 ERROR 18540 --- [NA] [userId=anonymous] [  restartedMain] o.s.b.d.LoggingFailureAnalysisReporter   : 

***************************
APPLICATION FAILED TO START
***************************

Description:

Parameter 0 of constructor in com.backend.dealspot.controller.AdminUserController required a bean of type 'com.backend.dealspot.service.UserService' that could not be found.


Action:

Consider defining a bean of type 'com.backend.dealspot.service.UserService' in your configuration.

2026-09-15 11:22:01.867  INFO 18540 --- [NA] [userId=anonymous] [  restartedMain] c.backend.dealspot.DealspotApplication   : Starting DealspotApplication using Java 26.0.1 with PID 18540 (C:\Users\User\Desktop\DEVELOPMENT PROJECTS\DEALSPOT\SPRINGBOOT\target\classes started by User in C:\Users\User\Desktop\DEVELOPMENT PROJECTS\DEALSPOT\SPRINGBOOT)
2026-09-15 11:22:01.868 DEBUG 18540 --- [NA] [userId=anonymous] [  restartedMain] c.backend.dealspot.DealspotApplication   : Running with Spring Boot v4.0.6, Spring v7.0.7
2026-09-15 11:22:01.868  INFO 18540 --- [NA] [userId=anonymous] [  restartedMain] c.backend.dealspot.DealspotApplication   : No active profile set, falling back to 1 default profile: "default"
2026-09-15 11:22:02.148  INFO 18540 --- [NA] [userId=anonymous] [  restartedMain] .s.d.r.c.RepositoryConfigurationDelegate : Bootstrapping Spring Data JPA repositories in DEFAULT mode.
2026-09-15 11:22:02.215  INFO 18540 --- [NA] [userId=anonymous] [  restartedMain] .s.d.r.c.RepositoryConfigurationDelegate : Finished Spring Data repository scanning in 65 ms. Found 22 JPA repository interfaces.
2026-09-15 11:22:02.346  INFO 18540 --- [NA] [userId=anonymous] [  restartedMain] o.s.boot.tomcat.TomcatWebServer          : Tomcat initialized with port 8080 (http)
2026-09-15 11:22:02.347  INFO 18540 --- [NA] [userId=anonymous] [  restartedMain] o.apache.catalina.core.StandardService   : Starting service [Tomcat]
2026-09-15 11:22:02.348  INFO 18540 --- [NA] [userId=anonymous] [  restartedMain] o.apache.catalina.core.StandardEngine    : Starting Servlet engine: [Apache Tomcat/11.0.21]
2026-09-15 11:22:02.390  INFO 18540 --- [NA] [userId=anonymous] [  restartedMain] b.w.c.s.WebApplicationContextInitializer : Root WebApplicationContext: initialization completed in 518 ms
2026-09-15 11:22:02.446  INFO 18540 --- [NA] [userId=anonymous] [  restartedMain] org.hibernate.orm.jpa                    : HHH008540: Processing PersistenceUnitInfo [name: default]
2026-09-15 11:22:02.485  INFO 18540 --- [NA] [userId=anonymous] [  restartedMain] o.s.o.j.p.SpringPersistenceUnitInfo      : No LoadTimeWeaver setup: ignoring JPA class transformer
2026-09-15 11:22:02.486  INFO 18540 --- [NA] [userId=anonymous] [  restartedMain] com.zaxxer.hikari.HikariDataSource       : HikariPool-9 - Starting...
2026-09-15 11:22:07.431  INFO 18540 --- [NA] [userId=anonymous] [  restartedMain] com.zaxxer.hikari.pool.HikariPool        : HikariPool-9 - Added connection com.mysql.cj.jdbc.ConnectionImpl@695a734d
2026-09-15 11:22:07.431  INFO 18540 --- [NA] [userId=anonymous] [  restartedMain] com.zaxxer.hikari.HikariDataSource       : HikariPool-9 - Start completed.
2026-09-15 11:22:07.434  INFO 18540 --- [NA] [userId=anonymous] [  restartedMain] org.hibernate.orm.connections.pooling    : HHH10001005: Database info:
	Database JDBC URL [jdbc:mysql://192.168.1.110:3306/dealspot_test?useSSL=false&serverTimezone=UTC]
	Database driver: MySQL Connector/J
	Database dialect: MySQLDialect
	Database version: 8.0.46
	Default catalog/schema: dealspot_test/undefined
	Autocommit mode: undefined/unknown
	Isolation level: REPEATABLE_READ [default REPEATABLE_READ]
	JDBC fetch size: none
	Pool: DataSourceConnectionProvider
	Minimum pool size: undefined/unknown
	Maximum pool size: undefined/unknown
2026-09-15 11:22:07.704  INFO 18540 --- [NA] [userId=anonymous] [  restartedMain] org.hibernate.orm.core                   : HHH000489: No JTA platform available (set 'hibernate.transaction.jta.platform' to enable JTA platform integration)
2026-09-15 11:22:07.704  INFO 18540 --- [NA] [userId=anonymous] [  restartedMain] org.hibernate.orm.jdbc.batch             : HHH100501: Automatic JDBC statement batching enabled (maximum batch size 500)
2026-09-15 11:22:07.920  INFO 18540 --- [NA] [userId=anonymous] [  restartedMain] j.LocalContainerEntityManagerFactoryBean : Initialized JPA EntityManagerFactory for persistence unit 'default'
2026-09-15 11:22:08.064 DEBUG 18540 --- [NA] [userId=anonymous] [  restartedMain] c.b.d.security.JwtAuthenticationFilter   : Filter 'jwtAuthenticationFilter' configured for use
2026-09-15 11:22:08.064 DEBUG 18540 --- [NA] [userId=anonymous] [  restartedMain] c.b.d.config.RequestLoggingFilter        : Filter 'requestLoggingFilter' configured for use
2026-09-15 11:22:08.565  WARN 18540 --- [NA] [userId=anonymous] [  restartedMain] JpaBaseConfiguration$JpaWebConfiguration : spring.jpa.open-in-view is enabled by default. Therefore, database queries may be performed during view rendering. Explicitly configure spring.jpa.open-in-view to disable this warning
2026-09-15 11:22:08.949  INFO 18540 --- [NA] [userId=anonymous] [  restartedMain] o.s.boot.tomcat.TomcatWebServer          : Tomcat started on port 8080 (http) with context path '/'
2026-09-15 11:22:08.952  INFO 18540 --- [NA] [userId=anonymous] [  restartedMain] c.backend.dealspot.DealspotApplication   : Started DealspotApplication in 7.11 seconds (process running for 2342.681)
2026-09-15 11:22:08.965  INFO 18540 --- [NA] [userId=anonymous] [  restartedMain] .ConditionEvaluationDeltaLoggingListener : Condition evaluation unchanged
2026-09-15 11:22:10.517  INFO 18540 --- [NA] [userId=anonymous] [0.0-8080-exec-2] o.a.c.c.C.[Tomcat-1].[localhost].[/]     : Initializing Spring DispatcherServlet 'dispatcherServlet'
2026-09-15 11:22:10.517  INFO 18540 --- [NA] [userId=anonymous] [0.0-8080-exec-2] o.s.web.servlet.DispatcherServlet        : Initializing Servlet 'dispatcherServlet'
2026-09-15 11:22:10.519  INFO 18540 --- [NA] [userId=anonymous] [0.0-8080-exec-2] o.s.web.servlet.DispatcherServlet        : Completed initialization in 2 ms
2026-09-15 11:22:10.715  INFO 18540 --- [80f1c5e0] [userId=anonymous] [0.0-8080-exec-2] c.b.d.config.RequestLoggingFilter        : method=GET uri=/api/dealspot/stores/fetch-all-stores status=200 duration=193ms
2026-09-15 11:23:03.905 DEBUG 18540 --- [4678c2d7] [userId=anonymous] [0.0-8080-exec-1] c.b.dealspot.controller.AuthController   : Admin login attempt for email: admin@dealspot.com
2026-09-15 11:23:04.103  INFO 18540 --- [4678c2d7] [userId=anonymous] [0.0-8080-exec-1] c.b.dealspot.controller.AuthController   : Admin login successful for email: admin@dealspot.com
2026-09-15 11:23:04.117  INFO 18540 --- [4678c2d7] [userId=anonymous] [0.0-8080-exec-1] c.b.d.config.RequestLoggingFilter        : method=POST uri=/api/dealspot/auth/admin/login status=200 duration=267ms
2026-09-15 11:28:28.368 DEBUG 18540 --- [6d218186] [userId=1] [0.0-8080-exec-8] c.b.d.security.JwtAuthenticationFilter   : Authenticated user ID [1] with role(s) [[ROLE_SUPER_ADMIN]] for URI [/api/dealspot/notifications/my]
2026-09-15 11:28:28.417  WARN 18540 --- [6d218186] [userId=1] [0.0-8080-exec-8] ration$PageModule$WarningLoggingModifier : Serializing PageImpl instances as-is is not supported, meaning that there is no guarantee about the stability of the resulting JSON structure!
	For a stable JSON structure, please use Spring Data's PagedModel (globally via @EnableSpringDataWebSupport(pageSerializationMode = VIA_DTO))
	or Spring HATEOAS and Spring Data's PagedResourcesAssembler as documented in https://docs.spring.io/spring-data/commons/reference/repositories/core-extensions.html#core.web.pageables.

2026-09-15 11:28:28.430  INFO 18540 --- [6d218186] [userId=1] [0.0-8080-exec-8] c.b.d.config.RequestLoggingFilter        : method=GET uri=/api/dealspot/notifications/my status=200 duration=148ms
2026-09-15 11:28:59.149  WARN 18540 --- [93151167] [userId=anonymous] [0.0-8080-exec-9] c.b.d.security.JwtAuthenticationFilter   : JWT authentication failed for URI [GET /api/dealspot/notifications/my]: Malformed JWT JSON: �{ږ'
2026-09-15 11:28:59.154  INFO 18540 --- [93151167] [userId=anonymous] [0.0-8080-exec-9] c.b.d.config.RequestLoggingFilter        : method=GET uri=/api/dealspot/notifications/my status=401 duration=7ms
2026-09-15 11:29:40.821 ERROR 18540 --- [dea9615d] [userId=anonymous] [.0-8080-exec-10] c.b.d.c.e.GlobalExceptionHandler         : Unhandled server exception: org.springframework.http.converter.HttpMessageNotReadableException - JSON parse error: Unexpected end-of-input in VALUE_STRING

org.springframework.http.converter.HttpMessageNotReadableException: JSON parse error: Unexpected end-of-input in VALUE_STRING
	at org.springframework.http.converter.AbstractJacksonHttpMessageConverter.readJavaType(AbstractJacksonHttpMessageConverter.java:363) ~[spring-web-7.0.7.jar:7.0.7]
	at org.springframework.http.converter.AbstractJacksonHttpMessageConverter.read(AbstractJacksonHttpMessageConverter.java:319) ~[spring-web-7.0.7.jar:7.0.7]
	at org.springframework.web.servlet.mvc.method.annotation.AbstractMessageConverterMethodArgumentResolver.readWithMessageConverters(AbstractMessageConverterMethodArgumentResolver.java:203) ~[spring-webmvc-7.0.7.jar:7.0.7]
	at org.springframework.web.servlet.mvc.method.annotation.RequestResponseBodyMethodProcessor.readWithMessageConverters(RequestResponseBodyMethodProcessor.java:181) ~[spring-webmvc-7.0.7.jar:7.0.7]
	at org.springframework.web.servlet.mvc.method.annotation.RequestResponseBodyMethodProcessor.resolveArgument(RequestResponseBodyMethodProcessor.java:156) ~[spring-webmvc-7.0.7.jar:7.0.7]
	at org.springframework.web.method.support.HandlerMethodArgumentResolverComposite.resolveArgument(HandlerMethodArgumentResolverComposite.java:122) ~[spring-web-7.0.7.jar:7.0.7]
	at org.springframework.web.method.support.InvocableHandlerMethod.getMethodArgumentValues(InvocableHandlerMethod.java:224) ~[spring-web-7.0.7.jar:7.0.7]
	at org.springframework.web.method.support.InvocableHandlerMethod.invokeForRequest(InvocableHandlerMethod.java:174) ~[spring-web-7.0.7.jar:7.0.7]
	at org.springframework.web.servlet.mvc.method.annotation.ServletInvocableHandlerMethod.invokeAndHandle(ServletInvocableHandlerMethod.java:117) ~[spring-webmvc-7.0.7.jar:7.0.7]
	at org.springframework.web.servlet.mvc.method.annotation.RequestMappingHandlerAdapter.invokeHandlerMethod(RequestMappingHandlerAdapter.java:934) ~[spring-webmvc-7.0.7.jar:7.0.7]
	at org.springframework.web.servlet.mvc.method.annotation.RequestMappingHandlerAdapter.handleInternal(RequestMappingHandlerAdapter.java:853) ~[spring-webmvc-7.0.7.jar:7.0.7]
	at org.springframework.web.servlet.mvc.method.AbstractHandlerMethodAdapter.handle(AbstractHandlerMethodAdapter.java:86) ~[spring-webmvc-7.0.7.jar:7.0.7]
	at org.springframework.web.servlet.DispatcherServlet.doDispatch(DispatcherServlet.java:963) ~[spring-webmvc-7.0.7.jar:7.0.7]
	at org.springframework.web.servlet.DispatcherServlet.doService(DispatcherServlet.java:866) ~[spring-webmvc-7.0.7.jar:7.0.7]
	at org.springframework.web.servlet.FrameworkServlet.processRequest(FrameworkServlet.java:1000) ~[spring-webmvc-7.0.7.jar:7.0.7]
	at org.springframework.web.servlet.FrameworkServlet.doPost(FrameworkServlet.java:903) ~[spring-webmvc-7.0.7.jar:7.0.7]
	at jakarta.servlet.http.HttpServlet.service(HttpServlet.java:649) ~[tomcat-embed-core-11.0.21.jar:6.1]
	at org.springframework.web.servlet.FrameworkServlet.service(FrameworkServlet.java:874) ~[spring-webmvc-7.0.7.jar:7.0.7]
	at jakarta.servlet.http.HttpServlet.service(HttpServlet.java:710) ~[tomcat-embed-core-11.0.21.jar:6.1]
	at org.apache.catalina.core.ApplicationFilterChain.doFilter(ApplicationFilterChain.java:128) ~[tomcat-embed-core-11.0.21.jar:11.0.21]
	at org.apache.tomcat.websocket.server.WsFilter.doFilter(WsFilter.java:53) ~[tomcat-embed-websocket-11.0.21.jar:11.0.21]
	at org.apache.catalina.core.ApplicationFilterChain.doFilter(ApplicationFilterChain.java:107) ~[tomcat-embed-core-11.0.21.jar:11.0.21]
	at org.springframework.web.filter.OncePerRequestFilter.doFilter(OncePerRequestFilter.java:110) ~[spring-web-7.0.7.jar:7.0.7]
	at org.apache.catalina.core.ApplicationFilterChain.doFilter(ApplicationFilterChain.java:107) ~[tomcat-embed-core-11.0.21.jar:11.0.21]
	at org.springframework.web.filter.CompositeFilter$VirtualFilterChain.doFilter(CompositeFilter.java:108) ~[spring-web-7.0.7.jar:7.0.7]
	at org.springframework.security.web.FilterChainProxy.lambda$doFilterInternal$3(FilterChainProxy.java:235) ~[spring-security-web-7.0.5.jar:7.0.5]
	at org.springframework.security.web.FilterChainProxy$VirtualFilterChain.doFilter(FilterChainProxy.java:376) ~[spring-security-web-7.0.5.jar:7.0.5]
	at org.springframework.security.web.access.intercept.AuthorizationFilter.doFilter(AuthorizationFilter.java:101) ~[spring-security-web-7.0.5.jar:7.0.5]
	at org.springframework.security.web.FilterChainProxy$VirtualFilterChain.doFilter(FilterChainProxy.java:385) ~[spring-security-web-7.0.5.jar:7.0.5]
	at org.springframework.security.web.access.ExceptionTranslationFilter.doFilter(ExceptionTranslationFilter.java:126) ~[spring-security-web-7.0.5.jar:7.0.5]
	at org.springframework.security.web.access.ExceptionTranslationFilter.doFilter(ExceptionTranslationFilter.java:120) ~[spring-security-web-7.0.5.jar:7.0.5]
	at org.springframework.security.web.FilterChainProxy$VirtualFilterChain.doFilter(FilterChainProxy.java:385) ~[spring-security-web-7.0.5.jar:7.0.5]
	at org.springframework.security.web.session.SessionManagementFilter.doFilter(SessionManagementFilter.java:132) ~[spring-security-web-7.0.5.jar:7.0.5]
	at org.springframework.security.web.session.SessionManagementFilter.doFilter(SessionManagementFilter.java:86) ~[spring-security-web-7.0.5.jar:7.0.5]
	at org.springframework.security.web.FilterChainProxy$VirtualFilterChain.doFilter(FilterChainProxy.java:385) ~[spring-security-web-7.0.5.jar:7.0.5]
	at org.springframework.security.web.authentication.AnonymousAuthenticationFilter.doFilter(AnonymousAuthenticationFilter.java:100) ~[spring-security-web-7.0.5.jar:7.0.5]
	at org.springframework.security.web.FilterChainProxy$VirtualFilterChain.doFilter(FilterChainProxy.java:385) ~[spring-security-web-7.0.5.jar:7.0.5]
	at org.springframework.security.web.servletapi.SecurityContextHolderAwareRequestFilter.doFilter(SecurityContextHolderAwareRequestFilter.java:181) ~[spring-security-web-7.0.5.jar:7.0.5]
	at org.springframework.security.web.FilterChainProxy$VirtualFilterChain.doFilter(FilterChainProxy.java:385) ~[spring-security-web-7.0.5.jar:7.0.5]
	at org.springframework.security.web.savedrequest.RequestCacheAwareFilter.doFilter(RequestCacheAwareFilter.java:63) ~[spring-security-web-7.0.5.jar:7.0.5]
	at org.springframework.security.web.FilterChainProxy$VirtualFilterChain.doFilter(FilterChainProxy.java:385) ~[spring-security-web-7.0.5.jar:7.0.5]
	at com.backend.dealspot.security.JwtAuthenticationFilter.doFilterInternal(JwtAuthenticationFilter.java:42) ~[classes/:na]
	at org.springframework.web.filter.OncePerRequestFilter.doFilter(OncePerRequestFilter.java:116) ~[spring-web-7.0.7.jar:7.0.7]
	at org.springframework.security.web.FilterChainProxy$VirtualFilterChain.doFilter(FilterChainProxy.java:385) ~[spring-security-web-7.0.5.jar:7.0.5]
	at org.springframework.security.web.authentication.logout.LogoutFilter.doFilter(LogoutFilter.java:110) ~[spring-security-web-7.0.5.jar:7.0.5]
	at org.springframework.security.web.authentication.logout.LogoutFilter.doFilter(LogoutFilter.java:96) ~[spring-security-web-7.0.5.jar:7.0.5]
	at org.springframework.security.web.FilterChainProxy$VirtualFilterChain.doFilter(FilterChainProxy.java:385) ~[spring-security-web-7.0.5.jar:7.0.5]
	at org.springframework.web.filter.CorsFilter.doFilterInternal(CorsFilter.java:91) ~[spring-web-7.0.7.jar:7.0.7]
	at org.springframework.web.filter.OncePerRequestFilter.doFilter(OncePerRequestFilter.java:116) ~[spring-web-7.0.7.jar:7.0.7]
	at org.springframework.security.web.FilterChainProxy$VirtualFilterChain.doFilter(FilterChainProxy.java:385) ~[spring-security-web-7.0.5.jar:7.0.5]
	at org.springframework.security.web.header.HeaderWriterFilter.doHeadersAfter(HeaderWriterFilter.java:90) ~[spring-security-web-7.0.5.jar:7.0.5]
	at org.springframework.security.web.header.HeaderWriterFilter.doFilterInternal(HeaderWriterFilter.java:75) ~[spring-security-web-7.0.5.jar:7.0.5]
	at org.springframework.web.filter.OncePerRequestFilter.doFilter(OncePerRequestFilter.java:116) ~[spring-web-7.0.7.jar:7.0.7]
	at org.springframework.security.web.FilterChainProxy$VirtualFilterChain.doFilter(FilterChainProxy.java:385) ~[spring-security-web-7.0.5.jar:7.0.5]
	at org.springframework.security.web.context.SecurityContextHolderFilter.doFilter(SecurityContextHolderFilter.java:82) ~[spring-security-web-7.0.5.jar:7.0.5]
	at org.springframework.security.web.context.SecurityContextHolderFilter.doFilter(SecurityContextHolderFilter.java:69) ~[spring-security-web-7.0.5.jar:7.0.5]
	at org.springframework.security.web.FilterChainProxy$VirtualFilterChain.doFilter(FilterChainProxy.java:385) ~[spring-security-web-7.0.5.jar:7.0.5]
	at org.springframework.security.web.context.request.async.WebAsyncManagerIntegrationFilter.doFilterInternal(WebAsyncManagerIntegrationFilter.java:62) ~[spring-security-web-7.0.5.jar:7.0.5]
	at org.springframework.web.filter.OncePerRequestFilter.doFilter(OncePerRequestFilter.java:116) ~[spring-web-7.0.7.jar:7.0.7]
	at org.springframework.security.web.FilterChainProxy$VirtualFilterChain.doFilter(FilterChainProxy.java:385) ~[spring-security-web-7.0.5.jar:7.0.5]
	at org.springframework.security.web.session.DisableEncodeUrlFilter.doFilterInternal(DisableEncodeUrlFilter.java:42) ~[spring-security-web-7.0.5.jar:7.0.5]
	at org.springframework.web.filter.OncePerRequestFilter.doFilter(OncePerRequestFilter.java:116) ~[spring-web-7.0.7.jar:7.0.7]
	at org.springframework.security.web.FilterChainProxy$VirtualFilterChain.doFilter(FilterChainProxy.java:385) ~[spring-security-web-7.0.5.jar:7.0.5]
	at org.springframework.security.web.FilterChainProxy.doFilterInternal(FilterChainProxy.java:237) ~[spring-security-web-7.0.5.jar:7.0.5]
	at org.springframework.security.web.FilterChainProxy.doFilter(FilterChainProxy.java:195) ~[spring-security-web-7.0.5.jar:7.0.5]
	at org.springframework.web.filter.CompositeFilter$VirtualFilterChain.doFilter(CompositeFilter.java:113) ~[spring-web-7.0.7.jar:7.0.7]
	at org.springframework.web.filter.ServletRequestPathFilter.doFilter(ServletRequestPathFilter.java:52) ~[spring-web-7.0.7.jar:7.0.7]
	at org.springframework.web.filter.CompositeFilter$VirtualFilterChain.doFilter(CompositeFilter.java:113) ~[spring-web-7.0.7.jar:7.0.7]
	at org.springframework.web.filter.CompositeFilter.doFilter(CompositeFilter.java:74) ~[spring-web-7.0.7.jar:7.0.7]
	at org.springframework.security.config.annotation.web.configuration.WebSecurityConfiguration$CompositeFilterChainProxy.doFilter(WebSecurityConfiguration.java:317) ~[spring-security-config-7.0.5.jar:7.0.5]
	at org.springframework.web.filter.DelegatingFilterProxy.invokeDelegate(DelegatingFilterProxy.java:355) ~[spring-web-7.0.7.jar:7.0.7]
	at org.springframework.web.filter.DelegatingFilterProxy.doFilter(DelegatingFilterProxy.java:272) ~[spring-web-7.0.7.jar:7.0.7]
	at org.apache.catalina.core.ApplicationFilterChain.doFilter(ApplicationFilterChain.java:107) ~[tomcat-embed-core-11.0.21.jar:11.0.21]
	at org.springframework.web.filter.RequestContextFilter.doFilterInternal(RequestContextFilter.java:100) ~[spring-web-7.0.7.jar:7.0.7]
	at org.springframework.web.filter.OncePerRequestFilter.doFilter(OncePerRequestFilter.java:116) ~[spring-web-7.0.7.jar:7.0.7]
	at org.apache.catalina.core.ApplicationFilterChain.doFilter(ApplicationFilterChain.java:107) ~[tomcat-embed-core-11.0.21.jar:11.0.21]
	at org.springframework.web.filter.FormContentFilter.doFilterInternal(FormContentFilter.java:93) ~[spring-web-7.0.7.jar:7.0.7]
	at org.springframework.web.filter.OncePerRequestFilter.doFilter(OncePerRequestFilter.java:116) ~[spring-web-7.0.7.jar:7.0.7]
	at org.apache.catalina.core.ApplicationFilterChain.doFilter(ApplicationFilterChain.java:107) ~[tomcat-embed-core-11.0.21.jar:11.0.21]
	at org.springframework.web.filter.CharacterEncodingFilter.doFilterInternal(CharacterEncodingFilter.java:199) ~[spring-web-7.0.7.jar:7.0.7]
	at org.springframework.web.filter.OncePerRequestFilter.doFilter(OncePerRequestFilter.java:116) ~[spring-web-7.0.7.jar:7.0.7]
	at org.apache.catalina.core.ApplicationFilterChain.doFilter(ApplicationFilterChain.java:107) ~[tomcat-embed-core-11.0.21.jar:11.0.21]
	at com.backend.dealspot.config.RequestLoggingFilter.doFilterInternal(RequestLoggingFilter.java:63) ~[classes/:na]
	at org.springframework.web.filter.OncePerRequestFilter.doFilter(OncePerRequestFilter.java:116) ~[spring-web-7.0.7.jar:7.0.7]
	at org.apache.catalina.core.ApplicationFilterChain.doFilter(ApplicationFilterChain.java:107) ~[tomcat-embed-core-11.0.21.jar:11.0.21]
	at org.apache.catalina.core.StandardWrapperValve.invoke(StandardWrapperValve.java:165) ~[tomcat-embed-core-11.0.21.jar:11.0.21]
	at org.apache.catalina.core.StandardContextValve.invoke(StandardContextValve.java:77) ~[tomcat-embed-core-11.0.21.jar:11.0.21]
	at org.apache.catalina.authenticator.AuthenticatorBase.invoke(AuthenticatorBase.java:492) ~[tomcat-embed-core-11.0.21.jar:11.0.21]
	at org.apache.catalina.core.StandardHostValve.invoke(StandardHostValve.java:113) ~[tomcat-embed-core-11.0.21.jar:11.0.21]
	at org.apache.catalina.valves.ErrorReportValve.invoke(ErrorReportValve.java:83) ~[tomcat-embed-core-11.0.21.jar:11.0.21]
	at org.apache.catalina.core.StandardEngineValve.invoke(StandardEngineValve.java:72) ~[tomcat-embed-core-11.0.21.jar:11.0.21]
	at org.apache.catalina.connector.CoyoteAdapter.service(CoyoteAdapter.java:341) ~[tomcat-embed-core-11.0.21.jar:11.0.21]
	at org.apache.coyote.http11.Http11Processor.service(Http11Processor.java:397) ~[tomcat-embed-core-11.0.21.jar:11.0.21]
	at org.apache.coyote.AbstractProcessorLight.process(AbstractProcessorLight.java:63) ~[tomcat-embed-core-11.0.21.jar:11.0.21]
	at org.apache.coyote.AbstractProtocol$ConnectionHandler.process(AbstractProtocol.java:903) ~[tomcat-embed-core-11.0.21.jar:11.0.21]
	at org.apache.tomcat.util.net.NioEndpoint$SocketProcessor.doRun(NioEndpoint.java:1801) ~[tomcat-embed-core-11.0.21.jar:11.0.21]
	at org.apache.tomcat.util.net.SocketProcessorBase.run(SocketProcessorBase.java:52) ~[tomcat-embed-core-11.0.21.jar:11.0.21]
	at org.apache.tomcat.util.threads.ThreadPoolExecutor.runWorker(ThreadPoolExecutor.java:946) ~[tomcat-embed-core-11.0.21.jar:11.0.21]
	at org.apache.tomcat.util.threads.ThreadPoolExecutor$Worker.run(ThreadPoolExecutor.java:480) ~[tomcat-embed-core-11.0.21.jar:11.0.21]
	at org.apache.tomcat.util.threads.TaskThread$WrappingRunnable.run(TaskThread.java:57) ~[tomcat-embed-core-11.0.21.jar:11.0.21]
	at java.base/java.lang.Thread.run(Thread.java:1516) ~[na:na]
Caused by: tools.jackson.core.exc.UnexpectedEndOfInputException: Unexpected end-of-input in VALUE_STRING
 at [Source: REDACTED (`StreamReadFeature.INCLUDE_SOURCE_IN_LOCATION` disabled); byte offset: #83] (through reference chain: com.backend.dealspot.dto.auth.RegisterRequest["fullName"])
	at tools.jackson.core.base.ParserMinimalBase._reportInvalidEOF(ParserMinimalBase.java:1023) ~[jackson-core-3.1.2.jar:3.1.2]
	at tools.jackson.core.base.ParserMinimalBase._reportInvalidEOF(ParserMinimalBase.java:1006) ~[jackson-core-3.1.2.jar:3.1.2]
	at tools.jackson.core.json.UTF8StreamJsonParser._loadMoreGuaranteed(UTF8StreamJsonParser.java:2911) ~[jackson-core-3.1.2.jar:3.1.2]
	at tools.jackson.core.json.UTF8StreamJsonParser._finishString2(UTF8StreamJsonParser.java:2992) ~[jackson-core-3.1.2.jar:3.1.2]
	at tools.jackson.core.json.UTF8StreamJsonParser._finishAndReturnString(UTF8StreamJsonParser.java:2972) ~[jackson-core-3.1.2.jar:3.1.2]
	at tools.jackson.core.json.UTF8StreamJsonParser.getString(UTF8StreamJsonParser.java:288) ~[jackson-core-3.1.2.jar:3.1.2]
	at tools.jackson.databind.deser.jdk.StringDeserializer.deserialize(StringDeserializer.java:41) ~[jackson-databind-3.1.2.jar:3.1.2]
	at tools.jackson.databind.deser.jdk.StringDeserializer.deserialize(StringDeserializer.java:10) ~[jackson-databind-3.1.2.jar:3.1.2]
	at tools.jackson.databind.deser.impl.MethodProperty.deserializeAndSet(MethodProperty.java:120) ~[jackson-databind-3.1.2.jar:3.1.2]
	at tools.jackson.databind.deser.bean.BeanDeserializer.deserializeFromObject(BeanDeserializer.java:652) ~[jackson-databind-3.1.2.jar:3.1.2]
	at tools.jackson.databind.deser.bean.BeanDeserializer.deserialize(BeanDeserializer.java:200) ~[jackson-databind-3.1.2.jar:3.1.2]
	at tools.jackson.databind.deser.DeserializationContextExt.readRootValue(DeserializationContextExt.java:266) ~[jackson-databind-3.1.2.jar:3.1.2]
	at tools.jackson.databind.ObjectReader._bindAndClose(ObjectReader.java:1888) ~[jackson-databind-3.1.2.jar:3.1.2]
	at tools.jackson.databind.ObjectReader.readValue(ObjectReader.java:1270) ~[jackson-databind-3.1.2.jar:3.1.2]
	at org.springframework.http.converter.AbstractJacksonHttpMessageConverter.readJavaType(AbstractJacksonHttpMessageConverter.java:352) ~[spring-web-7.0.7.jar:7.0.7]
	... 100 common frames omitted

2026-09-15 11:29:40.835  WARN 18540 --- [dea9615d] [userId=anonymous] [.0-8080-exec-10] .m.m.a.ExceptionHandlerExceptionResolver : Resolved [org.springframework.http.converter.HttpMessageNotReadableException: JSON parse error: Unexpected end-of-input in VALUE_STRING]
2026-09-15 11:29:40.835  INFO 18540 --- [dea9615d] [userId=anonymous] [.0-8080-exec-10] c.b.d.config.RequestLoggingFilter        : method=POST uri=/api/dealspot/auth/user/register status=500 duration=24ms
2026-09-15 11:29:53.594  INFO 18540 --- [NA] [userId=anonymous] [   File Watcher] rtingClassPathChangeChangedEventListener : Restarting due to 1 class path change (0 additions, 0 deletions, 1 modification)
2026-09-15 11:29:53.595  INFO 18540 --- [NA] [userId=anonymous] [      Thread-29] o.s.boot.tomcat.GracefulShutdown         : Commencing graceful shutdown. Waiting for active requests to complete
2026-09-15 11:29:53.602  INFO 18540 --- [NA] [userId=anonymous] [tomcat-shutdown] o.s.boot.tomcat.GracefulShutdown         : Graceful shutdown complete
2026-09-15 11:29:53.605  INFO 18540 --- [NA] [userId=anonymous] [      Thread-29] j.LocalContainerEntityManagerFactoryBean : Closing JPA EntityManagerFactory for persistence unit 'default'
2026-09-15 11:29:53.606  INFO 18540 --- [NA] [userId=anonymous] [      Thread-29] com.zaxxer.hikari.HikariDataSource       : HikariPool-9 - Shutdown initiated...
2026-09-15 11:29:53.609  INFO 18540 --- [NA] [userId=anonymous] [      Thread-29] com.zaxxer.hikari.HikariDataSource       : HikariPool-9 - Shutdown completed.
2026-09-15 11:29:53.764  INFO 18540 --- [NA] [userId=anonymous] [  restartedMain] c.backend.dealspot.DealspotApplication   : Starting DealspotApplication using Java 26.0.1 with PID 18540 (C:\Users\User\Desktop\DEVELOPMENT PROJECTS\DEALSPOT\SPRINGBOOT\target\classes started by User in C:\Users\User\Desktop\DEVELOPMENT PROJECTS\DEALSPOT\SPRINGBOOT)
2026-09-15 11:29:53.764 DEBUG 18540 --- [NA] [userId=anonymous] [  restartedMain] c.backend.dealspot.DealspotApplication   : Running with Spring Boot v4.0.6, Spring v7.0.7
2026-09-15 11:29:53.764  INFO 18540 --- [NA] [userId=anonymous] [  restartedMain] c.backend.dealspot.DealspotApplication   : No active profile set, falling back to 1 default profile: "default"
2026-09-15 11:29:54.068  INFO 18540 --- [NA] [userId=anonymous] [  restartedMain] .s.d.r.c.RepositoryConfigurationDelegate : Bootstrapping Spring Data JPA repositories in DEFAULT mode.
2026-09-15 11:29:54.125  INFO 18540 --- [NA] [userId=anonymous] [  restartedMain] .s.d.r.c.RepositoryConfigurationDelegate : Finished Spring Data repository scanning in 55 ms. Found 22 JPA repository interfaces.
2026-09-15 11:29:54.284  INFO 18540 --- [NA] [userId=anonymous] [  restartedMain] o.s.boot.tomcat.TomcatWebServer          : Tomcat initialized with port 8080 (http)
2026-09-15 11:29:54.286  INFO 18540 --- [NA] [userId=anonymous] [  restartedMain] o.apache.catalina.core.StandardService   : Starting service [Tomcat]
2026-09-15 11:29:54.286  INFO 18540 --- [NA] [userId=anonymous] [  restartedMain] o.apache.catalina.core.StandardEngine    : Starting Servlet engine: [Apache Tomcat/11.0.21]
2026-09-15 11:29:54.330  INFO 18540 --- [NA] [userId=anonymous] [  restartedMain] b.w.c.s.WebApplicationContextInitializer : Root WebApplicationContext: initialization completed in 564 ms
2026-09-15 11:29:54.400  INFO 18540 --- [NA] [userId=anonymous] [  restartedMain] org.hibernate.orm.jpa                    : HHH008540: Processing PersistenceUnitInfo [name: default]
2026-09-15 11:29:54.446  INFO 18540 --- [NA] [userId=anonymous] [  restartedMain] o.s.o.j.p.SpringPersistenceUnitInfo      : No LoadTimeWeaver setup: ignoring JPA class transformer
2026-09-15 11:29:54.447  INFO 18540 --- [NA] [userId=anonymous] [  restartedMain] com.zaxxer.hikari.HikariDataSource       : HikariPool-10 - Starting...
2026-09-15 11:29:59.430  INFO 18540 --- [NA] [userId=anonymous] [  restartedMain] com.zaxxer.hikari.pool.HikariPool        : HikariPool-10 - Added connection com.mysql.cj.jdbc.ConnectionImpl@3cc196e7
2026-09-15 11:29:59.430  INFO 18540 --- [NA] [userId=anonymous] [  restartedMain] com.zaxxer.hikari.HikariDataSource       : HikariPool-10 - Start completed.
2026-09-15 11:29:59.434  INFO 18540 --- [NA] [userId=anonymous] [  restartedMain] org.hibernate.orm.connections.pooling    : HHH10001005: Database info:
	Database JDBC URL [jdbc:mysql://192.168.1.110:3306/dealspot_test?useSSL=false&serverTimezone=UTC]
	Database driver: MySQL Connector/J
	Database dialect: MySQLDialect
	Database version: 8.0.46
	Default catalog/schema: dealspot_test/undefined
	Autocommit mode: undefined/unknown
	Isolation level: REPEATABLE_READ [default REPEATABLE_READ]
	JDBC fetch size: none
	Pool: DataSourceConnectionProvider
	Minimum pool size: undefined/unknown
	Maximum pool size: undefined/unknown
2026-09-15 11:29:59.891  INFO 18540 --- [NA] [userId=anonymous] [  restartedMain] org.hibernate.orm.core                   : HHH000489: No JTA platform available (set 'hibernate.transaction.jta.platform' to enable JTA platform integration)
2026-09-15 11:29:59.891  INFO 18540 --- [NA] [userId=anonymous] [  restartedMain] org.hibernate.orm.jdbc.batch             : HHH100501: Automatic JDBC statement batching enabled (maximum batch size 500)
2026-09-15 11:30:00.115  INFO 18540 --- [NA] [userId=anonymous] [  restartedMain] j.LocalContainerEntityManagerFactoryBean : Initialized JPA EntityManagerFactory for persistence unit 'default'
2026-09-15 11:30:00.290 DEBUG 18540 --- [NA] [userId=anonymous] [  restartedMain] c.b.d.security.JwtAuthenticationFilter   : Filter 'jwtAuthenticationFilter' configured for use
2026-09-15 11:30:00.290 DEBUG 18540 --- [NA] [userId=anonymous] [  restartedMain] c.b.d.config.RequestLoggingFilter        : Filter 'requestLoggingFilter' configured for use
2026-09-15 11:30:00.953  WARN 18540 --- [NA] [userId=anonymous] [  restartedMain] JpaBaseConfiguration$JpaWebConfiguration : spring.jpa.open-in-view is enabled by default. Therefore, database queries may be performed during view rendering. Explicitly configure spring.jpa.open-in-view to disable this warning
2026-09-15 11:30:01.385  INFO 18540 --- [NA] [userId=anonymous] [  restartedMain] o.s.boot.tomcat.TomcatWebServer          : Tomcat started on port 8080 (http) with context path '/'
2026-09-15 11:30:01.389  INFO 18540 --- [NA] [userId=anonymous] [  restartedMain] c.backend.dealspot.DealspotApplication   : Started DealspotApplication in 7.663 seconds (process running for 2815.117)
2026-09-15 11:30:01.402  INFO 18540 --- [NA] [userId=anonymous] [  restartedMain] .ConditionEvaluationDeltaLoggingListener : Condition evaluation unchanged
2026-09-15 11:30:06.177  INFO 18540 --- [NA] [userId=anonymous] [0.0-8080-exec-1] o.a.c.c.C.[Tomcat-1].[localhost].[/]     : Initializing Spring DispatcherServlet 'dispatcherServlet'
2026-09-15 11:30:06.177  INFO 18540 --- [NA] [userId=anonymous] [0.0-8080-exec-1] o.s.web.servlet.DispatcherServlet        : Initializing Servlet 'dispatcherServlet'
2026-09-15 11:30:06.179  INFO 18540 --- [NA] [userId=anonymous] [0.0-8080-exec-1] o.s.web.servlet.DispatcherServlet        : Completed initialization in 2 ms
2026-09-15 11:30:06.183  WARN 18540 --- [2b9a7ebd] [userId=anonymous] [0.0-8080-exec-1] c.b.d.c.e.GlobalExceptionHandler         : Malformed JSON request payload: JSON parse error: Unexpected character ('\' (code 92)): was expecting double-quote to start property name
2026-09-15 11:30:06.186  WARN 18540 --- [2b9a7ebd] [userId=anonymous] [0.0-8080-exec-1] .m.m.a.ExceptionHandlerExceptionResolver : Resolved [org.springframework.http.converter.HttpMessageNotReadableException: JSON parse error: Unexpected character ('\' (code 92)): was expecting double-quote to start property name]
2026-09-15 11:30:06.187  INFO 18540 --- [2b9a7ebd] [userId=anonymous] [0.0-8080-exec-1] c.b.d.config.RequestLoggingFilter        : method=POST uri=/api/dealspot/auth/user/register status=400 duration=8ms
2026-09-15 11:30:37.233  INFO 18540 --- [c31d9366] [userId=anonymous] [0.0-8080-exec-2] c.b.dealspot.controller.AuthController   : Received user registration request for email: testcustomer1@dealspot.com
2026-09-15 11:30:37.428  INFO 18540 --- [c31d9366] [userId=anonymous] [0.0-8080-exec-2] c.b.dealspot.controller.AuthController   : User registered successfully with email: testcustomer1@dealspot.com
2026-09-15 11:30:37.436  INFO 18540 --- [c31d9366] [userId=anonymous] [0.0-8080-exec-2] c.b.d.config.RequestLoggingFilter        : method=POST uri=/api/dealspot/auth/user/register status=200 duration=204ms
2026-09-15 11:30:45.566 DEBUG 18540 --- [2a8af19f] [userId=3] [0.0-8080-exec-6] c.b.d.security.JwtAuthenticationFilter   : Authenticated user ID [3] with role(s) [[ROLE_USER]] for URI [/api/dealspot/notifications/my]
2026-09-15 11:30:45.582  WARN 18540 --- [2a8af19f] [userId=3] [0.0-8080-exec-6] ration$PageModule$WarningLoggingModifier : Serializing PageImpl instances as-is is not supported, meaning that there is no guarantee about the stability of the resulting JSON structure!
	For a stable JSON structure, please use Spring Data's PagedModel (globally via @EnableSpringDataWebSupport(pageSerializationMode = VIA_DTO))
	or Spring HATEOAS and Spring Data's PagedResourcesAssembler as documented in https://docs.spring.io/spring-data/commons/reference/repositories/core-extensions.html#core.web.pageables.

2026-09-15 11:30:45.586  INFO 18540 --- [2a8af19f] [userId=3] [0.0-8080-exec-6] c.b.d.config.RequestLoggingFilter        : method=GET uri=/api/dealspot/notifications/my status=200 duration=60ms
2026-09-15 11:31:08.400  INFO 18540 --- [fa4fcebf] [userId=anonymous] [0.0-8080-exec-7] c.b.d.config.RequestLoggingFilter        : method=OPTIONS uri=/api/dealspot/cities/fetch-all status=200 duration=14ms
2026-09-15 11:31:08.400  INFO 18540 --- [961842a4] [userId=anonymous] [0.0-8080-exec-5] c.b.d.config.RequestLoggingFilter        : method=OPTIONS uri=/api/dealspot/notifications/unread-count status=200 duration=16ms
2026-09-15 11:31:08.401  INFO 18540 --- [69549cd4] [userId=anonymous] [0.0-8080-exec-4] c.b.d.config.RequestLoggingFilter        : method=OPTIONS uri=/api/dealspot/notifications/my?page=0&size=5 status=200 duration=14ms
2026-09-15 11:31:08.411  INFO 18540 --- [40a5c9a3] [userId=anonymous] [0.0-8080-exec-1] c.b.d.config.RequestLoggingFilter        : method=OPTIONS uri=/api/dealspot/offers/my-saved status=200 duration=2ms
2026-09-15 11:31:08.412  INFO 18540 --- [67710c8e] [userId=anonymous] [0.0-8080-exec-2] c.b.d.config.RequestLoggingFilter        : method=OPTIONS uri=/api/dealspot/categories/fetch-categories status=200 duration=1ms
2026-09-15 11:31:08.412  INFO 18540 --- [e52a73f5] [userId=anonymous] [0.0-8080-exec-3] c.b.d.config.RequestLoggingFilter        : method=OPTIONS uri=/api/dealspot/stores/fetch-all-stores status=200 duration=1ms
2026-09-15 11:31:08.419  INFO 18540 --- [0b67088c] [userId=anonymous] [0.0-8080-exec-6] c.b.d.config.RequestLoggingFilter        : method=OPTIONS uri=/api/dealspot/brands/search?page=0&size=20 status=200 duration=1ms
2026-09-15 11:31:08.424  INFO 18540 --- [cfee223c] [userId=anonymous] [0.0-8080-exec-7] c.b.d.config.RequestLoggingFilter        : method=OPTIONS uri=/api/dealspot/offers/fetch-all-offers status=200 duration=2ms
2026-09-15 11:31:08.435  INFO 18540 --- [712daeca] [userId=anonymous] [0.0-8080-exec-5] c.b.d.config.RequestLoggingFilter        : method=OPTIONS uri=/api/dealspot/offers/my-saved status=200 duration=1ms
2026-09-15 11:31:08.446 DEBUG 18540 --- [ddafe1b8] [userId=3] [.0-8080-exec-10] c.b.d.security.JwtAuthenticationFilter   : Authenticated user ID [3] with role(s) [[ROLE_STORE_MANAGER]] for URI [/api/dealspot/notifications/my]
2026-09-15 11:31:08.446 DEBUG 18540 --- [25c0f358] [userId=3] [0.0-8080-exec-8] c.b.d.security.JwtAuthenticationFilter   : Authenticated user ID [3] with role(s) [[ROLE_STORE_MANAGER]] for URI [/api/dealspot/cities/fetch-all]
2026-09-15 11:31:08.452 DEBUG 18540 --- [21fa4224] [userId=3] [0.0-8080-exec-9] c.b.d.security.JwtAuthenticationFilter   : Authenticated user ID [3] with role(s) [[ROLE_STORE_MANAGER]] for URI [/api/dealspot/notifications/unread-count]
2026-09-15 11:31:08.466 DEBUG 18540 --- [dfa328d6] [userId=3] [0.0-8080-exec-1] c.b.d.security.JwtAuthenticationFilter   : Authenticated user ID [3] with role(s) [[ROLE_STORE_MANAGER]] for URI [/api/dealspot/categories/fetch-categories]
2026-09-15 11:31:08.536  INFO 18540 --- [ddafe1b8] [userId=3] [.0-8080-exec-10] c.b.d.config.RequestLoggingFilter        : method=GET uri=/api/dealspot/notifications/my?page=0&size=5 status=200 duration=131ms
2026-09-15 11:31:08.538 DEBUG 18540 --- [7f70cfbe] [userId=3] [0.0-8080-exec-5] c.b.d.security.JwtAuthenticationFilter   : Authenticated user ID [3] with role(s) [[ROLE_STORE_MANAGER]] for URI [/api/dealspot/stores/fetch-all-stores]
2026-09-15 11:31:08.569  INFO 18540 --- [25c0f358] [userId=3] [0.0-8080-exec-8] c.b.d.config.RequestLoggingFilter        : method=GET uri=/api/dealspot/cities/fetch-all status=200 duration=164ms
2026-09-15 11:31:08.580 DEBUG 18540 --- [6ab68a48] [userId=3] [0.0-8080-exec-4] c.b.d.security.JwtAuthenticationFilter   : Authenticated user ID [3] with role(s) [[ROLE_STORE_MANAGER]] for URI [/api/dealspot/offers/my-saved]
2026-09-15 11:31:08.573  INFO 18540 --- [dfa328d6] [userId=3] [0.0-8080-exec-1] c.b.d.config.RequestLoggingFilter        : method=GET uri=/api/dealspot/categories/fetch-categories status=200 duration=141ms
2026-09-15 11:31:08.609 DEBUG 18540 --- [16e76da8] [userId=3] [0.0-8080-exec-2] c.b.d.security.JwtAuthenticationFilter   : Authenticated user ID [3] with role(s) [[ROLE_STORE_MANAGER]] for URI [/api/dealspot/brands/search]
2026-09-15 11:31:08.609 DEBUG 18540 --- [3022f424] [userId=3] [0.0-8080-exec-1] c.b.d.security.JwtAuthenticationFilter   : Authenticated user ID [3] with role(s) [[ROLE_STORE_MANAGER]] for URI [/api/dealspot/offers/fetch-all-offers]
2026-09-15 11:31:08.625  INFO 18540 --- [21fa4224] [userId=3] [0.0-8080-exec-9] c.b.d.config.RequestLoggingFilter        : method=GET uri=/api/dealspot/notifications/unread-count status=200 duration=220ms
2026-09-15 11:31:08.644 DEBUG 18540 --- [175ab27e] [userId=3] [0.0-8080-exec-3] c.b.d.security.JwtAuthenticationFilter   : Authenticated user ID [3] with role(s) [[ROLE_STORE_MANAGER]] for URI [/api/dealspot/cities/fetch-all]
2026-09-15 11:31:08.668  INFO 18540 --- [6ab68a48] [userId=3] [0.0-8080-exec-4] c.b.d.config.RequestLoggingFilter        : method=GET uri=/api/dealspot/offers/my-saved status=200 duration=242ms
2026-09-15 11:31:08.689  INFO 18540 --- [7f70cfbe] [userId=3] [0.0-8080-exec-5] c.b.d.config.RequestLoggingFilter        : method=GET uri=/api/dealspot/stores/fetch-all-stores status=200 duration=245ms
2026-09-15 11:31:08.695  INFO 18540 --- [175ab27e] [userId=3] [0.0-8080-exec-3] c.b.d.config.RequestLoggingFilter        : method=GET uri=/api/dealspot/cities/fetch-all status=200 duration=106ms
2026-09-15 11:31:08.718 DEBUG 18540 --- [840bcedd] [userId=3] [0.0-8080-exec-7] c.b.d.security.JwtAuthenticationFilter   : Authenticated user ID [3] with role(s) [[ROLE_STORE_MANAGER]] for URI [/api/dealspot/offers/my-saved]
2026-09-15 11:31:08.735  INFO 18540 --- [840bcedd] [userId=3] [0.0-8080-exec-7] c.b.d.config.RequestLoggingFilter        : method=GET uri=/api/dealspot/offers/my-saved status=200 duration=47ms
2026-09-15 11:31:08.776  INFO 18540 --- [16e76da8] [userId=3] [0.0-8080-exec-2] c.b.d.config.RequestLoggingFilter        : method=GET uri=/api/dealspot/brands/search?page=0&size=20 status=200 duration=210ms
2026-09-15 11:31:08.847  INFO 18540 --- [3022f424] [userId=3] [0.0-8080-exec-1] c.b.d.config.RequestLoggingFilter        : method=GET uri=/api/dealspot/offers/fetch-all-offers status=200 duration=260ms
2026-09-15 11:31:13.595 DEBUG 18540 --- [53422f0e] [userId=3] [0.0-8080-exec-8] c.b.d.security.JwtAuthenticationFilter   : Authenticated user ID [3] with role(s) [[ROLE_STORE_MANAGER]] for URI [/api/dealspot/notifications/my]
2026-09-15 11:31:13.595 DEBUG 18540 --- [13c5daf2] [userId=3] [0.0-8080-exec-6] c.b.d.security.JwtAuthenticationFilter   : Authenticated user ID [3] with role(s) [[ROLE_STORE_MANAGER]] for URI [/api/dealspot/cities/fetch-all]
2026-09-15 11:31:13.598 DEBUG 18540 --- [14509570] [userId=3] [.0-8080-exec-10] c.b.d.security.JwtAuthenticationFilter   : Authenticated user ID [3] with role(s) [[ROLE_STORE_MANAGER]] for URI [/api/dealspot/notifications/unread-count]
2026-09-15 11:31:13.628  INFO 18540 --- [14509570] [userId=3] [.0-8080-exec-10] c.b.d.config.RequestLoggingFilter        : method=GET uri=/api/dealspot/notifications/unread-count status=200 duration=50ms
2026-09-15 11:31:13.632 DEBUG 18540 --- [07cd9ea0] [userId=3] [0.0-8080-exec-5] c.b.d.security.JwtAuthenticationFilter   : Authenticated user ID [3] with role(s) [[ROLE_STORE_MANAGER]] for URI [/api/dealspot/stores/fetch-all-stores]
2026-09-15 11:31:13.629 DEBUG 18540 --- [1d67ec0c] [userId=3] [0.0-8080-exec-9] c.b.d.security.JwtAuthenticationFilter   : Authenticated user ID [3] with role(s) [[ROLE_STORE_MANAGER]] for URI [/api/dealspot/offers/my-saved]
2026-09-15 11:31:13.648 DEBUG 18540 --- [8f2abdb8] [userId=3] [0.0-8080-exec-4] c.b.d.security.JwtAuthenticationFilter   : Authenticated user ID [3] with role(s) [[ROLE_STORE_MANAGER]] for URI [/api/dealspot/categories/fetch-categories]
2026-09-15 11:31:13.668  INFO 18540 --- [13c5daf2] [userId=3] [0.0-8080-exec-6] c.b.d.config.RequestLoggingFilter        : method=GET uri=/api/dealspot/cities/fetch-all status=200 duration=86ms
2026-09-15 11:31:13.672 DEBUG 18540 --- [c01aa065] [userId=3] [.0-8080-exec-10] c.b.d.security.JwtAuthenticationFilter   : Authenticated user ID [3] with role(s) [[ROLE_STORE_MANAGER]] for URI [/api/dealspot/brands/search]
2026-09-15 11:31:13.685  INFO 18540 --- [8f2abdb8] [userId=3] [0.0-8080-exec-4] c.b.d.config.RequestLoggingFilter        : method=GET uri=/api/dealspot/categories/fetch-categories status=200 duration=83ms
2026-09-15 11:31:13.689  INFO 18540 --- [53422f0e] [userId=3] [0.0-8080-exec-8] c.b.d.config.RequestLoggingFilter        : method=GET uri=/api/dealspot/notifications/my?page=0&size=5 status=200 duration=109ms
2026-09-15 11:31:13.719  INFO 18540 --- [1d67ec0c] [userId=3] [0.0-8080-exec-9] c.b.d.config.RequestLoggingFilter        : method=GET uri=/api/dealspot/offers/my-saved status=200 duration=121ms
2026-09-15 11:31:13.738 DEBUG 18540 --- [75b7f40c] [userId=3] [0.0-8080-exec-3] c.b.d.security.JwtAuthenticationFilter   : Authenticated user ID [3] with role(s) [[ROLE_STORE_MANAGER]] for URI [/api/dealspot/offers/fetch-all-offers]
2026-09-15 11:31:13.767 DEBUG 18540 --- [5ba7f3ee] [userId=3] [0.0-8080-exec-7] c.b.d.security.JwtAuthenticationFilter   : Authenticated user ID [3] with role(s) [[ROLE_STORE_MANAGER]] for URI [/api/dealspot/cities/fetch-all]
2026-09-15 11:31:13.767 DEBUG 18540 --- [44e6cb67] [userId=3] [0.0-8080-exec-2] c.b.d.security.JwtAuthenticationFilter   : Authenticated user ID [3] with role(s) [[ROLE_STORE_MANAGER]] for URI [/api/dealspot/offers/my-saved]
2026-09-15 11:31:13.768  INFO 18540 --- [07cd9ea0] [userId=3] [0.0-8080-exec-5] c.b.d.config.RequestLoggingFilter        : method=GET uri=/api/dealspot/stores/fetch-all-stores status=200 duration=166ms
2026-09-15 11:31:13.805  INFO 18540 --- [44e6cb67] [userId=3] [0.0-8080-exec-2] c.b.d.config.RequestLoggingFilter        : method=GET uri=/api/dealspot/offers/my-saved status=200 duration=61ms
2026-09-15 11:31:13.805  INFO 18540 --- [5ba7f3ee] [userId=3] [0.0-8080-exec-7] c.b.d.config.RequestLoggingFilter        : method=GET uri=/api/dealspot/cities/fetch-all status=200 duration=58ms
2026-09-15 11:31:13.856  INFO 18540 --- [c01aa065] [userId=3] [.0-8080-exec-10] c.b.d.config.RequestLoggingFilter        : method=GET uri=/api/dealspot/brands/search?page=0&size=20 status=200 duration=220ms
2026-09-15 11:31:13.976  INFO 18540 --- [75b7f40c] [userId=3] [0.0-8080-exec-3] c.b.d.config.RequestLoggingFilter        : method=GET uri=/api/dealspot/offers/fetch-all-offers status=200 duration=290ms
2026-09-15 11:31:18.254 DEBUG 18540 --- [8ac4ab9c] [userId=3] [0.0-8080-exec-6] c.b.d.security.JwtAuthenticationFilter   : Authenticated user ID [3] with role(s) [[ROLE_STORE_MANAGER]] for URI [/api/dealspot/notifications/my]
2026-09-15 11:31:18.254 DEBUG 18540 --- [b4122757] [userId=3] [0.0-8080-exec-1] c.b.d.security.JwtAuthenticationFilter   : Authenticated user ID [3] with role(s) [[ROLE_STORE_MANAGER]] for URI [/api/dealspot/notifications/unread-count]
2026-09-15 11:31:18.255  INFO 18540 --- [61ca132a] [userId=anonymous] [0.0-8080-exec-8] c.b.d.config.RequestLoggingFilter        : method=OPTIONS uri=/api/dealspot/offers/fetch-offer/3 status=200 duration=2ms
2026-09-15 11:31:18.272  INFO 18540 --- [8ac4ab9c] [userId=3] [0.0-8080-exec-6] c.b.d.config.RequestLoggingFilter        : method=GET uri=/api/dealspot/notifications/my?page=0&size=5 status=200 duration=31ms
2026-09-15 11:31:18.273 DEBUG 18540 --- [20afe814] [userId=3] [0.0-8080-exec-4] c.b.d.security.JwtAuthenticationFilter   : Authenticated user ID [3] with role(s) [[ROLE_STORE_MANAGER]] for URI [/api/dealspot/cities/fetch-all]
2026-09-15 11:31:18.273  INFO 18540 --- [b4122757] [userId=3] [0.0-8080-exec-1] c.b.d.config.RequestLoggingFilter        : method=GET uri=/api/dealspot/notifications/unread-count status=200 duration=32ms
2026-09-15 11:31:18.281 DEBUG 18540 --- [ab1ddd9b] [userId=3] [0.0-8080-exec-9] c.b.d.security.JwtAuthenticationFilter   : Authenticated user ID [3] with role(s) [[ROLE_STORE_MANAGER]] for URI [/api/dealspot/offers/fetch-offer/3]
2026-09-15 11:31:18.295  INFO 18540 --- [20afe814] [userId=3] [0.0-8080-exec-4] c.b.d.config.RequestLoggingFilter        : method=GET uri=/api/dealspot/cities/fetch-all status=200 duration=53ms
2026-09-15 11:31:18.338  INFO 18540 --- [ab1ddd9b] [userId=3] [0.0-8080-exec-9] c.b.d.config.RequestLoggingFilter        : method=GET uri=/api/dealspot/offers/fetch-offer/3 status=200 duration=81ms
2026-09-15 11:31:18.348  INFO 18540 --- [b9548885] [userId=anonymous] [0.0-8080-exec-7] c.b.d.config.RequestLoggingFilter        : method=OPTIONS uri=/api/dealspot/stores/fetch-store/2 status=200 duration=2ms
2026-09-15 11:31:18.351  INFO 18540 --- [7fd37c5e] [userId=anonymous] [0.0-8080-exec-5] c.b.d.config.RequestLoggingFilter        : method=OPTIONS uri=/api/dealspot/offers/3/is-saved status=200 duration=6ms
2026-09-15 11:31:18.348  INFO 18540 --- [30afa9a1] [userId=anonymous] [.0-8080-exec-10] c.b.d.config.RequestLoggingFilter        : method=OPTIONS uri=/api/dealspot/products/fetch-product/5522 status=200 duration=2ms
2026-09-15 11:31:18.351  INFO 18540 --- [5828b3a6] [userId=anonymous] [0.0-8080-exec-2] c.b.d.config.RequestLoggingFilter        : method=OPTIONS uri=/api/dealspot/store-branches/store/2/branches status=200 duration=5ms
2026-09-15 11:31:18.354  INFO 18540 --- [fa055eb4] [userId=anonymous] [0.0-8080-exec-3] c.b.d.config.RequestLoggingFilter        : method=OPTIONS uri=/api/coupons/fetch-all status=200 duration=2ms
2026-09-15 11:31:18.355  INFO 18540 --- [6982d4dd] [userId=anonymous] [0.0-8080-exec-7] c.b.d.config.RequestLoggingFilter        : method=OPTIONS uri=/api/dealspot/products/get-product-details/5522 status=200 duration=3ms
2026-09-15 11:31:18.385 DEBUG 18540 --- [70ffad33] [userId=3] [0.0-8080-exec-4] c.b.d.security.JwtAuthenticationFilter   : Authenticated user ID [3] with role(s) [[ROLE_STORE_MANAGER]] for URI [/api/dealspot/store-branches/store/2/branches]
2026-09-15 11:31:18.390 DEBUG 18540 --- [1c44b5a8] [userId=3] [0.0-8080-exec-9] c.b.d.security.JwtAuthenticationFilter   : Authenticated user ID [3] with role(s) [[ROLE_STORE_MANAGER]] for URI [/api/dealspot/products/fetch-product/5522]
2026-09-15 11:31:18.392 DEBUG 18540 --- [4def3875] [userId=3] [0.0-8080-exec-1] c.b.d.security.JwtAuthenticationFilter   : Authenticated user ID [3] with role(s) [[ROLE_STORE_MANAGER]] for URI [/api/dealspot/offers/3/is-saved]
2026-09-15 11:31:18.393 DEBUG 18540 --- [819054ff] [userId=3] [0.0-8080-exec-6] c.b.d.security.JwtAuthenticationFilter   : Authenticated user ID [3] with role(s) [[ROLE_STORE_MANAGER]] for URI [/api/dealspot/stores/fetch-store/2]
2026-09-15 11:31:18.409 DEBUG 18540 --- [6e58ec0a] [userId=3] [0.0-8080-exec-7] c.b.d.security.JwtAuthenticationFilter   : Authenticated user ID [3] with role(s) [[ROLE_STORE_MANAGER]] for URI [/api/dealspot/products/get-product-details/5522]
2026-09-15 11:31:18.410 DEBUG 18540 --- [21e69af1] [userId=3] [0.0-8080-exec-8] c.b.d.security.JwtAuthenticationFilter   : Authenticated user ID [3] with role(s) [[ROLE_STORE_MANAGER]] for URI [/api/coupons/fetch-all]
2026-09-15 11:31:18.459  INFO 18540 --- [70ffad33] [userId=3] [0.0-8080-exec-4] c.b.d.config.RequestLoggingFilter        : method=GET uri=/api/dealspot/store-branches/store/2/branches status=200 duration=95ms
2026-09-15 11:31:18.459  INFO 18540 --- [6e58ec0a] [userId=3] [0.0-8080-exec-7] c.b.d.config.RequestLoggingFilter        : method=GET uri=/api/dealspot/products/get-product-details/5522 status=200 duration=63ms
2026-09-15 11:31:18.466  INFO 18540 --- [21e69af1] [userId=3] [0.0-8080-exec-8] c.b.d.config.RequestLoggingFilter        : method=GET uri=/api/coupons/fetch-all status=200 duration=72ms
2026-09-15 11:31:18.477  INFO 18540 --- [4def3875] [userId=3] [0.0-8080-exec-1] c.b.d.config.RequestLoggingFilter        : method=GET uri=/api/dealspot/offers/3/is-saved status=200 duration=110ms
2026-09-15 11:31:18.491  INFO 18540 --- [819054ff] [userId=3] [0.0-8080-exec-6] c.b.d.config.RequestLoggingFilter        : method=GET uri=/api/dealspot/stores/fetch-store/2 status=200 duration=127ms
2026-09-15 11:31:18.502  INFO 18540 --- [1c44b5a8] [userId=3] [0.0-8080-exec-9] c.b.d.config.RequestLoggingFilter        : method=GET uri=/api/dealspot/products/fetch-product/5522 status=200 duration=136ms
2026-09-15 11:31:24.975  INFO 18540 --- [090aac2b] [userId=anonymous] [0.0-8080-exec-5] c.b.d.config.RequestLoggingFilter        : method=GET uri=/api/dealspot/non-existing-path-404 status=401 duration=3ms
2026-09-15 11:31:30.824  WARN 18540 --- [e03c0931] [userId=anonymous] [0.0-8080-exec-2] c.b.d.c.e.GlobalExceptionHandler         : Resource not found: No static resource api/dealspot/stores/999999999/not-found-endpoint for request '/api/dealspot/stores/999999999/not-found-endpoint'.
2026-09-15 11:31:30.825  WARN 18540 --- [e03c0931] [userId=anonymous] [0.0-8080-exec-2] .m.m.a.ExceptionHandlerExceptionResolver : Resolved [org.springframework.web.servlet.resource.NoResourceFoundException: No static resource api/dealspot/stores/999999999/not-found-endpoint for request '/api/dealspot/stores/999999999/not-found-endpoint'.]
2026-09-15 11:31:30.825  INFO 18540 --- [e03c0931] [userId=anonymous] [0.0-8080-exec-2] c.b.d.config.RequestLoggingFilter        : method=GET uri=/api/dealspot/stores/999999999/not-found-endpoint status=404 duration=5ms
2026-09-15 11:31:37.883 DEBUG 18540 --- [e49f8454] [userId=3] [0.0-8080-exec-4] c.b.d.security.JwtAuthenticationFilter   : Authenticated user ID [3] with role(s) [[ROLE_USER]] for URI [/api/dealspot/admin/audit-logs]
2026-09-15 11:31:37.901  WARN 18540 --- [e49f8454] [userId=3] [0.0-8080-exec-4] c.b.d.c.e.GlobalExceptionHandler         : Access denied: Access Denied
2026-09-15 11:31:37.902  WARN 18540 --- [e49f8454] [userId=3] [0.0-8080-exec-4] .m.m.a.ExceptionHandlerExceptionResolver : Resolved [org.springframework.security.authorization.AuthorizationDeniedException: Access Denied]
2026-09-15 11:31:37.902  INFO 18540 --- [e49f8454] [userId=3] [0.0-8080-exec-4] c.b.d.config.RequestLoggingFilter        : method=GET uri=/api/dealspot/admin/audit-logs status=403 duration=30ms
2026-09-15 11:32:07.536  WARN 18540 --- [3c2be74c] [userId=anonymous] [0.0-8080-exec-1] c.b.d.c.e.GlobalExceptionHandler         : Malformed JSON request payload: JSON parse error: Unexpected character ('\' (code 92)): was expecting double-quote to start property name
2026-09-15 11:32:07.537  WARN 18540 --- [3c2be74c] [userId=anonymous] [0.0-8080-exec-1] .m.m.a.ExceptionHandlerExceptionResolver : Resolved [org.springframework.http.converter.HttpMessageNotReadableException: JSON parse error: Unexpected character ('\' (code 92)): was expecting double-quote to start property name]
2026-09-15 11:32:07.538  INFO 18540 --- [3c2be74c] [userId=anonymous] [0.0-8080-exec-1] c.b.d.config.RequestLoggingFilter        : method=POST uri=/api/dealspot/auth/user/register status=400 duration=4ms
2026-09-15 11:32:20.167  INFO 18540 --- [6c6022ec] [userId=anonymous] [0.0-8080-exec-4] c.b.dealspot.controller.AuthController   : Received user registration request for email: testcustomer1@dealspot.com
2026-09-15 11:32:20.171 ERROR 18540 --- [6c6022ec] [userId=anonymous] [0.0-8080-exec-4] c.b.d.c.e.GlobalExceptionHandler         : Unhandled server exception: java.lang.RuntimeException - Email already exists

java.lang.RuntimeException: Email already exists
	at com.backend.dealspot.serviceImpl.auth.UserServiceImpl.userRegister(UserServiceImpl.java:149) ~[classes/:na]
	at com.backend.dealspot.controller.AuthController.register(AuthController.java:32) ~[classes/:na]
	at java.base/jdk.internal.reflect.DirectMethodHandleAccessor.invoke(DirectMethodHandleAccessor.java:104) ~[na:na]
	at java.base/java.lang.reflect.Method.invoke(Method.java:565) ~[na:na]
	at org.springframework.web.method.support.InvocableHandlerMethod.doInvoke(InvocableHandlerMethod.java:252) ~[spring-web-7.0.7.jar:7.0.7]
	at org.springframework.web.method.support.InvocableHandlerMethod.invokeForRequest(InvocableHandlerMethod.java:184) ~[spring-web-7.0.7.jar:7.0.7]
	at org.springframework.web.servlet.mvc.method.annotation.ServletInvocableHandlerMethod.invokeAndHandle(ServletInvocableHandlerMethod.java:117) ~[spring-webmvc-7.0.7.jar:7.0.7]
	at org.springframework.web.servlet.mvc.method.annotation.RequestMappingHandlerAdapter.invokeHandlerMethod(RequestMappingHandlerAdapter.java:934) ~[spring-webmvc-7.0.7.jar:7.0.7]
	at org.springframework.web.servlet.mvc.method.annotation.RequestMappingHandlerAdapter.handleInternal(RequestMappingHandlerAdapter.java:853) ~[spring-webmvc-7.0.7.jar:7.0.7]
	at org.springframework.web.servlet.mvc.method.AbstractHandlerMethodAdapter.handle(AbstractHandlerMethodAdapter.java:86) ~[spring-webmvc-7.0.7.jar:7.0.7]
	at org.springframework.web.servlet.DispatcherServlet.doDispatch(DispatcherServlet.java:963) ~[spring-webmvc-7.0.7.jar:7.0.7]
	at org.springframework.web.servlet.DispatcherServlet.doService(DispatcherServlet.java:866) ~[spring-webmvc-7.0.7.jar:7.0.7]
	at org.springframework.web.servlet.FrameworkServlet.processRequest(FrameworkServlet.java:1000) ~[spring-webmvc-7.0.7.jar:7.0.7]
	at org.springframework.web.servlet.FrameworkServlet.doPost(FrameworkServlet.java:903) ~[spring-webmvc-7.0.7.jar:7.0.7]
	at jakarta.servlet.http.HttpServlet.service(HttpServlet.java:649) ~[tomcat-embed-core-11.0.21.jar:6.1]
	at org.springframework.web.servlet.FrameworkServlet.service(FrameworkServlet.java:874) ~[spring-webmvc-7.0.7.jar:7.0.7]
	at jakarta.servlet.http.HttpServlet.service(HttpServlet.java:710) ~[tomcat-embed-core-11.0.21.jar:6.1]
	at org.apache.catalina.core.ApplicationFilterChain.doFilter(ApplicationFilterChain.java:128) ~[tomcat-embed-core-11.0.21.jar:11.0.21]
	at org.apache.tomcat.websocket.server.WsFilter.doFilter(WsFilter.java:53) ~[tomcat-embed-websocket-11.0.21.jar:11.0.21]
	at org.apache.catalina.core.ApplicationFilterChain.doFilter(ApplicationFilterChain.java:107) ~[tomcat-embed-core-11.0.21.jar:11.0.21]
	at org.springframework.web.filter.OncePerRequestFilter.doFilter(OncePerRequestFilter.java:110) ~[spring-web-7.0.7.jar:7.0.7]
	at org.apache.catalina.core.ApplicationFilterChain.doFilter(ApplicationFilterChain.java:107) ~[tomcat-embed-core-11.0.21.jar:11.0.21]
	at org.springframework.web.filter.CompositeFilter$VirtualFilterChain.doFilter(CompositeFilter.java:108) ~[spring-web-7.0.7.jar:7.0.7]
	at org.springframework.security.web.FilterChainProxy.lambda$doFilterInternal$3(FilterChainProxy.java:235) ~[spring-security-web-7.0.5.jar:7.0.5]
	at org.springframework.security.web.FilterChainProxy$VirtualFilterChain.doFilter(FilterChainProxy.java:376) ~[spring-security-web-7.0.5.jar:7.0.5]
	at org.springframework.security.web.access.intercept.AuthorizationFilter.doFilter(AuthorizationFilter.java:101) ~[spring-security-web-7.0.5.jar:7.0.5]
	at org.springframework.security.web.FilterChainProxy$VirtualFilterChain.doFilter(FilterChainProxy.java:385) ~[spring-security-web-7.0.5.jar:7.0.5]
	at org.springframework.security.web.access.ExceptionTranslationFilter.doFilter(ExceptionTranslationFilter.java:126) ~[spring-security-web-7.0.5.jar:7.0.5]
	at org.springframework.security.web.access.ExceptionTranslationFilter.doFilter(ExceptionTranslationFilter.java:120) ~[spring-security-web-7.0.5.jar:7.0.5]
	at org.springframework.security.web.FilterChainProxy$VirtualFilterChain.doFilter(FilterChainProxy.java:385) ~[spring-security-web-7.0.5.jar:7.0.5]
	at org.springframework.security.web.session.SessionManagementFilter.doFilter(SessionManagementFilter.java:132) ~[spring-security-web-7.0.5.jar:7.0.5]
	at org.springframework.security.web.session.SessionManagementFilter.doFilter(SessionManagementFilter.java:86) ~[spring-security-web-7.0.5.jar:7.0.5]
	at org.springframework.security.web.FilterChainProxy$VirtualFilterChain.doFilter(FilterChainProxy.java:385) ~[spring-security-web-7.0.5.jar:7.0.5]
	at org.springframework.security.web.authentication.AnonymousAuthenticationFilter.doFilter(AnonymousAuthenticationFilter.java:100) ~[spring-security-web-7.0.5.jar:7.0.5]
	at org.springframework.security.web.FilterChainProxy$VirtualFilterChain.doFilter(FilterChainProxy.java:385) ~[spring-security-web-7.0.5.jar:7.0.5]
	at org.springframework.security.web.servletapi.SecurityContextHolderAwareRequestFilter.doFilter(SecurityContextHolderAwareRequestFilter.java:181) ~[spring-security-web-7.0.5.jar:7.0.5]
	at org.springframework.security.web.FilterChainProxy$VirtualFilterChain.doFilter(FilterChainProxy.java:385) ~[spring-security-web-7.0.5.jar:7.0.5]
	at org.springframework.security.web.savedrequest.RequestCacheAwareFilter.doFilter(RequestCacheAwareFilter.java:63) ~[spring-security-web-7.0.5.jar:7.0.5]
	at org.springframework.security.web.FilterChainProxy$VirtualFilterChain.doFilter(FilterChainProxy.java:385) ~[spring-security-web-7.0.5.jar:7.0.5]
	at com.backend.dealspot.security.JwtAuthenticationFilter.doFilterInternal(JwtAuthenticationFilter.java:42) ~[classes/:na]
	at org.springframework.web.filter.OncePerRequestFilter.doFilter(OncePerRequestFilter.java:116) ~[spring-web-7.0.7.jar:7.0.7]
	at org.springframework.security.web.FilterChainProxy$VirtualFilterChain.doFilter(FilterChainProxy.java:385) ~[spring-security-web-7.0.5.jar:7.0.5]
	at org.springframework.security.web.authentication.logout.LogoutFilter.doFilter(LogoutFilter.java:110) ~[spring-security-web-7.0.5.jar:7.0.5]
	at org.springframework.security.web.authentication.logout.LogoutFilter.doFilter(LogoutFilter.java:96) ~[spring-security-web-7.0.5.jar:7.0.5]
	at org.springframework.security.web.FilterChainProxy$VirtualFilterChain.doFilter(FilterChainProxy.java:385) ~[spring-security-web-7.0.5.jar:7.0.5]
	at org.springframework.web.filter.CorsFilter.doFilterInternal(CorsFilter.java:91) ~[spring-web-7.0.7.jar:7.0.7]
	at org.springframework.web.filter.OncePerRequestFilter.doFilter(OncePerRequestFilter.java:116) ~[spring-web-7.0.7.jar:7.0.7]
	at org.springframework.security.web.FilterChainProxy$VirtualFilterChain.doFilter(FilterChainProxy.java:385) ~[spring-security-web-7.0.5.jar:7.0.5]
	at org.springframework.security.web.header.HeaderWriterFilter.doHeadersAfter(HeaderWriterFilter.java:90) ~[spring-security-web-7.0.5.jar:7.0.5]
	at org.springframework.security.web.header.HeaderWriterFilter.doFilterInternal(HeaderWriterFilter.java:75) ~[spring-security-web-7.0.5.jar:7.0.5]
	at org.springframework.web.filter.OncePerRequestFilter.doFilter(OncePerRequestFilter.java:116) ~[spring-web-7.0.7.jar:7.0.7]
	at org.springframework.security.web.FilterChainProxy$VirtualFilterChain.doFilter(FilterChainProxy.java:385) ~[spring-security-web-7.0.5.jar:7.0.5]
	at org.springframework.security.web.context.SecurityContextHolderFilter.doFilter(SecurityContextHolderFilter.java:82) ~[spring-security-web-7.0.5.jar:7.0.5]
	at org.springframework.security.web.context.SecurityContextHolderFilter.doFilter(SecurityContextHolderFilter.java:69) ~[spring-security-web-7.0.5.jar:7.0.5]
	at org.springframework.security.web.FilterChainProxy$VirtualFilterChain.doFilter(FilterChainProxy.java:385) ~[spring-security-web-7.0.5.jar:7.0.5]
	at org.springframework.security.web.context.request.async.WebAsyncManagerIntegrationFilter.doFilterInternal(WebAsyncManagerIntegrationFilter.java:62) ~[spring-security-web-7.0.5.jar:7.0.5]
	at org.springframework.web.filter.OncePerRequestFilter.doFilter(OncePerRequestFilter.java:116) ~[spring-web-7.0.7.jar:7.0.7]
	at org.springframework.security.web.FilterChainProxy$VirtualFilterChain.doFilter(FilterChainProxy.java:385) ~[spring-security-web-7.0.5.jar:7.0.5]
	at org.springframework.security.web.session.DisableEncodeUrlFilter.doFilterInternal(DisableEncodeUrlFilter.java:42) ~[spring-security-web-7.0.5.jar:7.0.5]
	at org.springframework.web.filter.OncePerRequestFilter.doFilter(OncePerRequestFilter.java:116) ~[spring-web-7.0.7.jar:7.0.7]
	at org.springframework.security.web.FilterChainProxy$VirtualFilterChain.doFilter(FilterChainProxy.java:385) ~[spring-security-web-7.0.5.jar:7.0.5]
	at org.springframework.security.web.FilterChainProxy.doFilterInternal(FilterChainProxy.java:237) ~[spring-security-web-7.0.5.jar:7.0.5]
	at org.springframework.security.web.FilterChainProxy.doFilter(FilterChainProxy.java:195) ~[spring-security-web-7.0.5.jar:7.0.5]
	at org.springframework.web.filter.CompositeFilter$VirtualFilterChain.doFilter(CompositeFilter.java:113) ~[spring-web-7.0.7.jar:7.0.7]
	at org.springframework.web.filter.ServletRequestPathFilter.doFilter(ServletRequestPathFilter.java:52) ~[spring-web-7.0.7.jar:7.0.7]
	at org.springframework.web.filter.CompositeFilter$VirtualFilterChain.doFilter(CompositeFilter.java:113) ~[spring-web-7.0.7.jar:7.0.7]
	at org.springframework.web.filter.CompositeFilter.doFilter(CompositeFilter.java:74) ~[spring-web-7.0.7.jar:7.0.7]
	at org.springframework.security.config.annotation.web.configuration.WebSecurityConfiguration$CompositeFilterChainProxy.doFilter(WebSecurityConfiguration.java:317) ~[spring-security-config-7.0.5.jar:7.0.5]
	at org.springframework.web.filter.DelegatingFilterProxy.invokeDelegate(DelegatingFilterProxy.java:355) ~[spring-web-7.0.7.jar:7.0.7]
	at org.springframework.web.filter.DelegatingFilterProxy.doFilter(DelegatingFilterProxy.java:272) ~[spring-web-7.0.7.jar:7.0.7]
	at org.apache.catalina.core.ApplicationFilterChain.doFilter(ApplicationFilterChain.java:107) ~[tomcat-embed-core-11.0.21.jar:11.0.21]
	at org.springframework.web.filter.RequestContextFilter.doFilterInternal(RequestContextFilter.java:100) ~[spring-web-7.0.7.jar:7.0.7]
	at org.springframework.web.filter.OncePerRequestFilter.doFilter(OncePerRequestFilter.java:116) ~[spring-web-7.0.7.jar:7.0.7]
	at org.apache.catalina.core.ApplicationFilterChain.doFilter(ApplicationFilterChain.java:107) ~[tomcat-embed-core-11.0.21.jar:11.0.21]
	at org.springframework.web.filter.FormContentFilter.doFilterInternal(FormContentFilter.java:93) ~[spring-web-7.0.7.jar:7.0.7]
	at org.springframework.web.filter.OncePerRequestFilter.doFilter(OncePerRequestFilter.java:116) ~[spring-web-7.0.7.jar:7.0.7]
	at org.apache.catalina.core.ApplicationFilterChain.doFilter(ApplicationFilterChain.java:107) ~[tomcat-embed-core-11.0.21.jar:11.0.21]
	at org.springframework.web.filter.CharacterEncodingFilter.doFilterInternal(CharacterEncodingFilter.java:199) ~[spring-web-7.0.7.jar:7.0.7]
	at org.springframework.web.filter.OncePerRequestFilter.doFilter(OncePerRequestFilter.java:116) ~[spring-web-7.0.7.jar:7.0.7]
	at org.apache.catalina.core.ApplicationFilterChain.doFilter(ApplicationFilterChain.java:107) ~[tomcat-embed-core-11.0.21.jar:11.0.21]
	at com.backend.dealspot.config.RequestLoggingFilter.doFilterInternal(RequestLoggingFilter.java:63) ~[classes/:na]
	at org.springframework.web.filter.OncePerRequestFilter.doFilter(OncePerRequestFilter.java:116) ~[spring-web-7.0.7.jar:7.0.7]
	at org.apache.catalina.core.ApplicationFilterChain.doFilter(ApplicationFilterChain.java:107) ~[tomcat-embed-core-11.0.21.jar:11.0.21]
	at org.apache.catalina.core.StandardWrapperValve.invoke(StandardWrapperValve.java:165) ~[tomcat-embed-core-11.0.21.jar:11.0.21]
	at org.apache.catalina.core.StandardContextValve.invoke(StandardContextValve.java:77) ~[tomcat-embed-core-11.0.21.jar:11.0.21]
	at org.apache.catalina.authenticator.AuthenticatorBase.invoke(AuthenticatorBase.java:492) ~[tomcat-embed-core-11.0.21.jar:11.0.21]
	at org.apache.catalina.core.StandardHostValve.invoke(StandardHostValve.java:113) ~[tomcat-embed-core-11.0.21.jar:11.0.21]
	at org.apache.catalina.valves.ErrorReportValve.invoke(ErrorReportValve.java:83) ~[tomcat-embed-core-11.0.21.jar:11.0.21]
	at org.apache.catalina.core.StandardEngineValve.invoke(StandardEngineValve.java:72) ~[tomcat-embed-core-11.0.21.jar:11.0.21]
	at org.apache.catalina.connector.CoyoteAdapter.service(CoyoteAdapter.java:341) ~[tomcat-embed-core-11.0.21.jar:11.0.21]
	at org.apache.coyote.http11.Http11Processor.service(Http11Processor.java:397) ~[tomcat-embed-core-11.0.21.jar:11.0.21]
	at org.apache.coyote.AbstractProcessorLight.process(AbstractProcessorLight.java:63) ~[tomcat-embed-core-11.0.21.jar:11.0.21]
	at org.apache.coyote.AbstractProtocol$ConnectionHandler.process(AbstractProtocol.java:903) ~[tomcat-embed-core-11.0.21.jar:11.0.21]
	at org.apache.tomcat.util.net.NioEndpoint$SocketProcessor.doRun(NioEndpoint.java:1801) ~[tomcat-embed-core-11.0.21.jar:11.0.21]
	at org.apache.tomcat.util.net.SocketProcessorBase.run(SocketProcessorBase.java:52) ~[tomcat-embed-core-11.0.21.jar:11.0.21]
	at org.apache.tomcat.util.threads.ThreadPoolExecutor.runWorker(ThreadPoolExecutor.java:946) ~[tomcat-embed-core-11.0.21.jar:11.0.21]
	at org.apache.tomcat.util.threads.ThreadPoolExecutor$Worker.run(ThreadPoolExecutor.java:480) ~[tomcat-embed-core-11.0.21.jar:11.0.21]
	at org.apache.tomcat.util.threads.TaskThread$WrappingRunnable.run(TaskThread.java:57) ~[tomcat-embed-core-11.0.21.jar:11.0.21]
	at java.base/java.lang.Thread.run(Thread.java:1516) ~[na:na]

2026-09-15 11:32:20.177  WARN 18540 --- [6c6022ec] [userId=anonymous] [0.0-8080-exec-4] .m.m.a.ExceptionHandlerExceptionResolver : Resolved [java.lang.RuntimeException: Email already exists]
2026-09-15 11:32:20.178  INFO 18540 --- [6c6022ec] [userId=anonymous] [0.0-8080-exec-4] c.b.d.config.RequestLoggingFilter        : method=POST uri=/api/dealspot/auth/user/register status=500 duration=12ms
2026-09-15 11:32:52.264  INFO 18540 --- [client-custom-req-12345] [userId=anonymous] [0.0-8080-exec-7] c.b.d.config.RequestLoggingFilter        : method=GET uri=/api/dealspot/stores/fetch-all-stores status=200 duration=29ms
2026-09-15 11:33:03.529  INFO 18540 --- [d1b85851] [userId=anonymous] [0.0-8080-exec-2] c.b.d.config.RequestLoggingFilter        : method=OPTIONS uri=/api/flyers/fetch-all-flyers status=200 duration=2ms
2026-09-15 11:33:03.530  INFO 18540 --- [f84e8c29] [userId=anonymous] [0.0-8080-exec-6] c.b.d.config.RequestLoggingFilter        : method=OPTIONS uri=/api/dealspot/brands/search?page=0&size=15&featured=true status=200 duration=1ms
2026-09-15 11:33:03.537 DEBUG 18540 --- [4f1ad97c] [userId=3] [0.0-8080-exec-5] c.b.d.security.JwtAuthenticationFilter   : Authenticated user ID [3] with role(s) [[ROLE_STORE_MANAGER]] for URI [/api/dealspot/stores/fetch-all-stores]
2026-09-15 11:33:03.544 DEBUG 18540 --- [09fc8132] [userId=3] [0.0-8080-exec-1] c.b.d.security.JwtAuthenticationFilter   : Authenticated user ID [3] with role(s) [[ROLE_STORE_MANAGER]] for URI [/api/dealspot/offers/my-saved]
2026-09-15 11:33:03.548 DEBUG 18540 --- [f862e5bb] [userId=3] [0.0-8080-exec-3] c.b.d.security.JwtAuthenticationFilter   : Authenticated user ID [3] with role(s) [[ROLE_STORE_MANAGER]] for URI [/api/dealspot/offers/fetch-all-offers]
2026-09-15 11:33:03.552 DEBUG 18540 --- [66afaa6e] [userId=3] [0.0-8080-exec-9] c.b.d.security.JwtAuthenticationFilter   : Authenticated user ID [3] with role(s) [[ROLE_STORE_MANAGER]] for URI [/api/dealspot/categories/fetch-categories]
2026-09-15 11:33:03.560 DEBUG 18540 --- [c1a6120e] [userId=3] [.0-8080-exec-10] c.b.d.security.JwtAuthenticationFilter   : Authenticated user ID [3] with role(s) [[ROLE_STORE_MANAGER]] for URI [/api/dealspot/brands/search]
2026-09-15 11:33:03.572  INFO 18540 --- [66afaa6e] [userId=3] [0.0-8080-exec-9] c.b.d.config.RequestLoggingFilter        : method=GET uri=/api/dealspot/categories/fetch-categories status=200 duration=42ms
2026-09-15 11:33:03.575 DEBUG 18540 --- [5d95de34] [userId=3] [0.0-8080-exec-6] c.b.d.security.JwtAuthenticationFilter   : Authenticated user ID [3] with role(s) [[ROLE_STORE_MANAGER]] for URI [/api/flyers/fetch-all-flyers]
2026-09-15 11:33:03.584  INFO 18540 --- [c1a6120e] [userId=3] [.0-8080-exec-10] c.b.d.config.RequestLoggingFilter        : method=GET uri=/api/dealspot/brands/search?page=0&size=15&featured=true status=200 duration=48ms
2026-09-15 11:33:03.593  INFO 18540 --- [09fc8132] [userId=3] [0.0-8080-exec-1] c.b.d.config.RequestLoggingFilter        : method=GET uri=/api/dealspot/offers/my-saved status=200 duration=69ms
2026-09-15 11:33:03.602  INFO 18540 --- [4f1ad97c] [userId=3] [0.0-8080-exec-5] c.b.d.config.RequestLoggingFilter        : method=GET uri=/api/dealspot/stores/fetch-all-stores status=200 duration=78ms
2026-09-15 11:33:03.611 DEBUG 18540 --- [db20c2c0] [userId=3] [0.0-8080-exec-1] c.b.d.security.JwtAuthenticationFilter   : Authenticated user ID [3] with role(s) [[ROLE_STORE_MANAGER]] for URI [/api/dealspot/offers/my-saved]
2026-09-15 11:33:03.625  INFO 18540 --- [5d95de34] [userId=3] [0.0-8080-exec-6] c.b.d.config.RequestLoggingFilter        : method=GET uri=/api/flyers/fetch-all-flyers status=200 duration=90ms
2026-09-15 11:33:03.675  INFO 18540 --- [db20c2c0] [userId=3] [0.0-8080-exec-1] c.b.d.config.RequestLoggingFilter        : method=GET uri=/api/dealspot/offers/my-saved status=200 duration=81ms
2026-09-15 11:33:03.692 DEBUG 18540 --- [593aabeb] [userId=3] [0.0-8080-exec-7] c.b.d.security.JwtAuthenticationFilter   : Authenticated user ID [3] with role(s) [[ROLE_STORE_MANAGER]] for URI [/api/dealspot/stores/fetch-all-stores]
2026-09-15 11:33:03.760  INFO 18540 --- [593aabeb] [userId=3] [0.0-8080-exec-7] c.b.d.config.RequestLoggingFilter        : method=GET uri=/api/dealspot/stores/fetch-all-stores status=200 duration=101ms
2026-09-15 11:33:03.913  INFO 18540 --- [f862e5bb] [userId=3] [0.0-8080-exec-3] c.b.d.config.RequestLoggingFilter        : method=GET uri=/api/dealspot/offers/fetch-all-offers status=200 duration=382ms
2026-09-15 11:33:58.809  INFO 18540 --- [NA] [userId=anonymous] [   File Watcher] rtingClassPathChangeChangedEventListener : Restarting due to 1 class path change (0 additions, 0 deletions, 1 modification)
2026-09-15 11:33:58.902  INFO 18540 --- [NA] [userId=anonymous] [      Thread-36] o.s.boot.tomcat.GracefulShutdown         : Commencing graceful shutdown. Waiting for active requests to complete
2026-09-15 11:33:58.999  INFO 18540 --- [NA] [userId=anonymous] [tomcat-shutdown] o.s.boot.tomcat.GracefulShutdown         : Graceful shutdown complete
2026-09-15 11:33:59.007  INFO 18540 --- [NA] [userId=anonymous] [      Thread-36] j.LocalContainerEntityManagerFactoryBean : Closing JPA EntityManagerFactory for persistence unit 'default'
2026-09-15 11:33:59.008  INFO 18540 --- [NA] [userId=anonymous] [      Thread-36] com.zaxxer.hikari.HikariDataSource       : HikariPool-10 - Shutdown initiated...
2026-09-15 11:33:59.014  INFO 18540 --- [NA] [userId=anonymous] [      Thread-36] com.zaxxer.hikari.HikariDataSource       : HikariPool-10 - Shutdown completed.
2026-09-15 11:33:59.178  INFO 18540 --- [NA] [userId=anonymous] [  restartedMain] c.backend.dealspot.DealspotApplication   : Starting DealspotApplication using Java 26.0.1 with PID 18540 (C:\Users\User\Desktop\DEVELOPMENT PROJECTS\DEALSPOT\SPRINGBOOT\target\classes started by User in C:\Users\User\Desktop\DEVELOPMENT PROJECTS\DEALSPOT\SPRINGBOOT)
2026-09-15 11:33:59.178 DEBUG 18540 --- [NA] [userId=anonymous] [  restartedMain] c.backend.dealspot.DealspotApplication   : Running with Spring Boot v4.0.6, Spring v7.0.7
2026-09-15 11:33:59.178  INFO 18540 --- [NA] [userId=anonymous] [  restartedMain] c.backend.dealspot.DealspotApplication   : No active profile set, falling back to 1 default profile: "default"
2026-09-15 11:33:59.490  INFO 18540 --- [NA] [userId=anonymous] [  restartedMain] .s.d.r.c.RepositoryConfigurationDelegate : Bootstrapping Spring Data JPA repositories in DEFAULT mode.
2026-09-15 11:33:59.560  INFO 18540 --- [NA] [userId=anonymous] [  restartedMain] .s.d.r.c.RepositoryConfigurationDelegate : Finished Spring Data repository scanning in 67 ms. Found 22 JPA repository interfaces.
2026-09-15 11:33:59.731  INFO 18540 --- [NA] [userId=anonymous] [  restartedMain] o.s.boot.tomcat.TomcatWebServer          : Tomcat initialized with port 8080 (http)
2026-09-15 11:33:59.732  INFO 18540 --- [NA] [userId=anonymous] [  restartedMain] o.apache.catalina.core.StandardService   : Starting service [Tomcat]
2026-09-15 11:33:59.732  INFO 18540 --- [NA] [userId=anonymous] [  restartedMain] o.apache.catalina.core.StandardEngine    : Starting Servlet engine: [Apache Tomcat/11.0.21]
2026-09-15 11:33:59.777  INFO 18540 --- [NA] [userId=anonymous] [  restartedMain] b.w.c.s.WebApplicationContextInitializer : Root WebApplicationContext: initialization completed in 596 ms
2026-09-15 11:33:59.854  INFO 18540 --- [NA] [userId=anonymous] [  restartedMain] org.hibernate.orm.jpa                    : HHH008540: Processing PersistenceUnitInfo [name: default]
2026-09-15 11:33:59.924  INFO 18540 --- [NA] [userId=anonymous] [  restartedMain] o.s.o.j.p.SpringPersistenceUnitInfo      : No LoadTimeWeaver setup: ignoring JPA class transformer
2026-09-15 11:33:59.926  INFO 18540 --- [NA] [userId=anonymous] [  restartedMain] com.zaxxer.hikari.HikariDataSource       : HikariPool-11 - Starting...
2026-09-15 11:34:04.950  INFO 18540 --- [NA] [userId=anonymous] [  restartedMain] com.zaxxer.hikari.pool.HikariPool        : HikariPool-11 - Added connection com.mysql.cj.jdbc.ConnectionImpl@46188e2d
2026-09-15 11:34:04.951  INFO 18540 --- [NA] [userId=anonymous] [  restartedMain] com.zaxxer.hikari.HikariDataSource       : HikariPool-11 - Start completed.
2026-09-15 11:34:04.955  INFO 18540 --- [NA] [userId=anonymous] [  restartedMain] org.hibernate.orm.connections.pooling    : HHH10001005: Database info:
	Database JDBC URL [jdbc:mysql://192.168.1.110:3306/dealspot_test?useSSL=false&serverTimezone=UTC]
	Database driver: MySQL Connector/J
	Database dialect: MySQLDialect
	Database version: 8.0.46
	Default catalog/schema: dealspot_test/undefined
	Autocommit mode: undefined/unknown
	Isolation level: REPEATABLE_READ [default REPEATABLE_READ]
	JDBC fetch size: none
	Pool: DataSourceConnectionProvider
	Minimum pool size: undefined/unknown
	Maximum pool size: undefined/unknown
2026-09-15 11:34:05.316  INFO 18540 --- [NA] [userId=anonymous] [  restartedMain] org.hibernate.orm.core                   : HHH000489: No JTA platform available (set 'hibernate.transaction.jta.platform' to enable JTA platform integration)
2026-09-15 11:34:05.316  INFO 18540 --- [NA] [userId=anonymous] [  restartedMain] org.hibernate.orm.jdbc.batch             : HHH100501: Automatic JDBC statement batching enabled (maximum batch size 500)
2026-09-15 11:34:05.606  INFO 18540 --- [NA] [userId=anonymous] [  restartedMain] j.LocalContainerEntityManagerFactoryBean : Initialized JPA EntityManagerFactory for persistence unit 'default'
2026-09-15 11:34:05.786 DEBUG 18540 --- [NA] [userId=anonymous] [  restartedMain] c.b.d.security.JwtAuthenticationFilter   : Filter 'jwtAuthenticationFilter' configured for use
2026-09-15 11:34:05.788 DEBUG 18540 --- [NA] [userId=anonymous] [  restartedMain] c.b.d.config.RequestLoggingFilter        : Filter 'requestLoggingFilter' configured for use
2026-09-15 11:34:05.899  WARN 18540 --- [NA] [userId=anonymous] [  restartedMain] ConfigServletWebServerApplicationContext : Exception encountered during context initialization - cancelling refresh attempt: org.springframework.beans.factory.BeanCreationException: Error creating bean with name 'authController' defined in file [C:\Users\User\Desktop\DEVELOPMENT PROJECTS\DEALSPOT\SPRINGBOOT\target\classes\com\backend\dealspot\controller\AuthController.class]: Failed to instantiate [com.backend.dealspot.controller.AuthController]: Constructor threw exception
2026-09-15 11:34:05.900  INFO 18540 --- [NA] [userId=anonymous] [  restartedMain] j.LocalContainerEntityManagerFactoryBean : Closing JPA EntityManagerFactory for persistence unit 'default'
2026-09-15 11:34:05.901  INFO 18540 --- [NA] [userId=anonymous] [  restartedMain] com.zaxxer.hikari.HikariDataSource       : HikariPool-11 - Shutdown initiated...
2026-09-15 11:34:09.621  INFO 18540 --- [NA] [userId=anonymous] [  restartedMain] com.zaxxer.hikari.HikariDataSource       : HikariPool-11 - Shutdown completed.
2026-09-15 11:34:09.622  INFO 18540 --- [NA] [userId=anonymous] [  restartedMain] o.apache.catalina.core.StandardService   : Stopping service [Tomcat]
2026-09-15 11:34:09.628  INFO 18540 --- [NA] [userId=anonymous] [  restartedMain] .s.b.a.l.ConditionEvaluationReportLogger : 

Error starting ApplicationContext. To display the condition evaluation report re-run your application with 'debug' enabled.
2026-09-15 11:34:09.632 ERROR 18540 --- [NA] [userId=anonymous] [  restartedMain] o.s.boot.SpringApplication               : Application run failed

org.springframework.beans.factory.BeanCreationException: Error creating bean with name 'authController' defined in file [C:\Users\User\Desktop\DEVELOPMENT PROJECTS\DEALSPOT\SPRINGBOOT\target\classes\com\backend\dealspot\controller\AuthController.class]: Failed to instantiate [com.backend.dealspot.controller.AuthController]: Constructor threw exception
	at org.springframework.beans.factory.support.ConstructorResolver.instantiate(ConstructorResolver.java:321) ~[spring-beans-7.0.7.jar:7.0.7]
	at org.springframework.beans.factory.support.ConstructorResolver.autowireConstructor(ConstructorResolver.java:309) ~[spring-beans-7.0.7.jar:7.0.7]
	at org.springframework.beans.factory.support.AbstractAutowireCapableBeanFactory.autowireConstructor(AbstractAutowireCapableBeanFactory.java:1382) ~[spring-beans-7.0.7.jar:7.0.7]
	at org.springframework.beans.factory.support.AbstractAutowireCapableBeanFactory.createBeanInstance(AbstractAutowireCapableBeanFactory.java:1221) ~[spring-beans-7.0.7.jar:7.0.7]
	at org.springframework.beans.factory.support.AbstractAutowireCapableBeanFactory.doCreateBean(AbstractAutowireCapableBeanFactory.java:565) ~[spring-beans-7.0.7.jar:7.0.7]
	at org.springframework.beans.factory.support.AbstractAutowireCapableBeanFactory.createBean(AbstractAutowireCapableBeanFactory.java:525) ~[spring-beans-7.0.7.jar:7.0.7]
	at org.springframework.beans.factory.support.AbstractBeanFactory.lambda$doGetBean$0(AbstractBeanFactory.java:333) ~[spring-beans-7.0.7.jar:7.0.7]
	at org.springframework.beans.factory.support.DefaultSingletonBeanRegistry.getSingleton(DefaultSingletonBeanRegistry.java:371) ~[spring-beans-7.0.7.jar:7.0.7]
	at org.springframework.beans.factory.support.AbstractBeanFactory.doGetBean(AbstractBeanFactory.java:331) ~[spring-beans-7.0.7.jar:7.0.7]
	at org.springframework.beans.factory.support.AbstractBeanFactory.getBean(AbstractBeanFactory.java:196) ~[spring-beans-7.0.7.jar:7.0.7]
	at org.springframework.beans.factory.support.DefaultListableBeanFactory.instantiateSingleton(DefaultListableBeanFactory.java:1218) ~[spring-beans-7.0.7.jar:7.0.7]
	at org.springframework.beans.factory.support.DefaultListableBeanFactory.preInstantiateSingleton(DefaultListableBeanFactory.java:1184) ~[spring-beans-7.0.7.jar:7.0.7]
	at org.springframework.beans.factory.support.DefaultListableBeanFactory.preInstantiateSingletons(DefaultListableBeanFactory.java:1121) ~[spring-beans-7.0.7.jar:7.0.7]
	at org.springframework.context.support.AbstractApplicationContext.finishBeanFactoryInitialization(AbstractApplicationContext.java:994) ~[spring-context-7.0.7.jar:7.0.7]
	at org.springframework.context.support.AbstractApplicationContext.refresh(AbstractApplicationContext.java:621) ~[spring-context-7.0.7.jar:7.0.7]
	at org.springframework.boot.web.server.servlet.context.ServletWebServerApplicationContext.refresh(ServletWebServerApplicationContext.java:143) ~[spring-boot-web-server-4.0.6.jar:4.0.6]
	at org.springframework.boot.SpringApplication.refresh(SpringApplication.java:756) ~[spring-boot-4.0.6.jar:4.0.6]
	at org.springframework.boot.SpringApplication.refreshContext(SpringApplication.java:445) ~[spring-boot-4.0.6.jar:4.0.6]
	at org.springframework.boot.SpringApplication.run(SpringApplication.java:321) ~[spring-boot-4.0.6.jar:4.0.6]
	at org.springframework.boot.SpringApplication.run(SpringApplication.java:1365) ~[spring-boot-4.0.6.jar:4.0.6]
	at org.springframework.boot.SpringApplication.run(SpringApplication.java:1354) ~[spring-boot-4.0.6.jar:4.0.6]
	at com.backend.dealspot.DealspotApplication.main(DealspotApplication.java:12) ~[classes/:na]
	at java.base/jdk.internal.reflect.DirectMethodHandleAccessor.invoke(DirectMethodHandleAccessor.java:104) ~[na:na]
	at java.base/java.lang.reflect.Method.invoke(Method.java:565) ~[na:na]
	at org.springframework.boot.devtools.restart.RestartLauncher.run(RestartLauncher.java:52) ~[spring-boot-devtools-4.0.6.jar:4.0.6]
Caused by: org.springframework.beans.BeanInstantiationException: Failed to instantiate [com.backend.dealspot.controller.AuthController]: Constructor threw exception
	at org.springframework.beans.BeanUtils.instantiateClass(BeanUtils.java:220) ~[spring-beans-7.0.7.jar:7.0.7]
	at org.springframework.beans.factory.support.SimpleInstantiationStrategy.instantiate(SimpleInstantiationStrategy.java:129) ~[spring-beans-7.0.7.jar:7.0.7]
	at org.springframework.beans.factory.support.ConstructorResolver.instantiate(ConstructorResolver.java:318) ~[spring-beans-7.0.7.jar:7.0.7]
	... 24 common frames omitted
Caused by: java.lang.Error: Unresolved compilation problem: 
	The declared package "" does not match the expected package "com.backend.dealspot.controller"

	at com.backend.dealspot.controller.AuthController.<init>(AuthController.java:1) ~[classes/:na]
	at java.base/jdk.internal.reflect.DirectConstructorHandleAccessor.newInstance(DirectConstructorHandleAccessor.java:62) ~[na:na]
	at java.base/java.lang.reflect.Constructor.newInstanceWithCaller(Constructor.java:499) ~[na:na]
	at java.base/java.lang.reflect.Constructor.newInstance(Constructor.java:483) ~[na:na]
	at org.springframework.beans.BeanUtils.instantiateClass(BeanUtils.java:207) ~[spring-beans-7.0.7.jar:7.0.7]
	... 26 common frames omitted

2026-09-15 11:34:34.317  INFO 18540 --- [NA] [userId=anonymous] [  restartedMain] c.backend.dealspot.DealspotApplication   : Starting DealspotApplication using Java 26.0.1 with PID 18540 (C:\Users\User\Desktop\DEVELOPMENT PROJECTS\DEALSPOT\SPRINGBOOT\target\classes started by User in C:\Users\User\Desktop\DEVELOPMENT PROJECTS\DEALSPOT\SPRINGBOOT)
2026-09-15 11:34:34.318 DEBUG 18540 --- [NA] [userId=anonymous] [  restartedMain] c.backend.dealspot.DealspotApplication   : Running with Spring Boot v4.0.6, Spring v7.0.7
2026-09-15 11:34:34.320  INFO 18540 --- [NA] [userId=anonymous] [  restartedMain] c.backend.dealspot.DealspotApplication   : No active profile set, falling back to 1 default profile: "default"
2026-09-15 11:34:34.740  INFO 18540 --- [NA] [userId=anonymous] [  restartedMain] .s.d.r.c.RepositoryConfigurationDelegate : Bootstrapping Spring Data JPA repositories in DEFAULT mode.
2026-09-15 11:34:34.836  INFO 18540 --- [NA] [userId=anonymous] [  restartedMain] .s.d.r.c.RepositoryConfigurationDelegate : Finished Spring Data repository scanning in 93 ms. Found 22 JPA repository interfaces.
2026-09-15 11:34:35.078  INFO 18540 --- [NA] [userId=anonymous] [  restartedMain] o.s.boot.tomcat.TomcatWebServer          : Tomcat initialized with port 8080 (http)
2026-09-15 11:34:35.080  INFO 18540 --- [NA] [userId=anonymous] [  restartedMain] o.apache.catalina.core.StandardService   : Starting service [Tomcat]
2026-09-15 11:34:35.082  INFO 18540 --- [NA] [userId=anonymous] [  restartedMain] o.apache.catalina.core.StandardEngine    : Starting Servlet engine: [Apache Tomcat/11.0.21]
2026-09-15 11:34:35.148  INFO 18540 --- [NA] [userId=anonymous] [  restartedMain] b.w.c.s.WebApplicationContextInitializer : Root WebApplicationContext: initialization completed in 820 ms
2026-09-15 11:34:35.243  INFO 18540 --- [NA] [userId=anonymous] [  restartedMain] org.hibernate.orm.jpa                    : HHH008540: Processing PersistenceUnitInfo [name: default]
2026-09-15 11:34:35.287  INFO 18540 --- [NA] [userId=anonymous] [  restartedMain] o.s.o.j.p.SpringPersistenceUnitInfo      : No LoadTimeWeaver setup: ignoring JPA class transformer
2026-09-15 11:34:35.288  INFO 18540 --- [NA] [userId=anonymous] [  restartedMain] com.zaxxer.hikari.HikariDataSource       : HikariPool-12 - Starting...
2026-09-15 11:34:40.257  INFO 18540 --- [NA] [userId=anonymous] [  restartedMain] com.zaxxer.hikari.pool.HikariPool        : HikariPool-12 - Added connection com.mysql.cj.jdbc.ConnectionImpl@4d2903a2
2026-09-15 11:34:40.257  INFO 18540 --- [NA] [userId=anonymous] [  restartedMain] com.zaxxer.hikari.HikariDataSource       : HikariPool-12 - Start completed.
2026-09-15 11:34:40.260  INFO 18540 --- [NA] [userId=anonymous] [  restartedMain] org.hibernate.orm.connections.pooling    : HHH10001005: Database info:
	Database JDBC URL [jdbc:mysql://192.168.1.110:3306/dealspot_test?useSSL=false&serverTimezone=UTC]
	Database driver: MySQL Connector/J
	Database dialect: MySQLDialect
	Database version: 8.0.46
	Default catalog/schema: dealspot_test/undefined
	Autocommit mode: undefined/unknown
	Isolation level: REPEATABLE_READ [default REPEATABLE_READ]
	JDBC fetch size: none
	Pool: DataSourceConnectionProvider
	Minimum pool size: undefined/unknown
	Maximum pool size: undefined/unknown
2026-09-15 11:34:40.608  INFO 18540 --- [NA] [userId=anonymous] [  restartedMain] org.hibernate.orm.core                   : HHH000489: No JTA platform available (set 'hibernate.transaction.jta.platform' to enable JTA platform integration)
2026-09-15 11:34:40.610  INFO 18540 --- [NA] [userId=anonymous] [  restartedMain] org.hibernate.orm.jdbc.batch             : HHH100501: Automatic JDBC statement batching enabled (maximum batch size 500)
2026-09-15 11:34:40.861  INFO 18540 --- [NA] [userId=anonymous] [  restartedMain] j.LocalContainerEntityManagerFactoryBean : Initialized JPA EntityManagerFactory for persistence unit 'default'
2026-09-15 11:34:41.029 DEBUG 18540 --- [NA] [userId=anonymous] [  restartedMain] c.b.d.security.JwtAuthenticationFilter   : Filter 'jwtAuthenticationFilter' configured for use
2026-09-15 11:34:41.030 DEBUG 18540 --- [NA] [userId=anonymous] [  restartedMain] c.b.d.config.RequestLoggingFilter        : Filter 'requestLoggingFilter' configured for use
2026-09-15 11:34:41.601  WARN 18540 --- [NA] [userId=anonymous] [  restartedMain] JpaBaseConfiguration$JpaWebConfiguration : spring.jpa.open-in-view is enabled by default. Therefore, database queries may be performed during view rendering. Explicitly configure spring.jpa.open-in-view to disable this warning
2026-09-15 11:34:42.070  INFO 18540 --- [NA] [userId=anonymous] [  restartedMain] o.s.boot.tomcat.TomcatWebServer          : Tomcat started on port 8080 (http) with context path '/'
2026-09-15 11:34:42.074  INFO 18540 --- [NA] [userId=anonymous] [  restartedMain] c.backend.dealspot.DealspotApplication   : Started DealspotApplication in 7.806 seconds (process running for 3095.802)
2026-09-15 11:34:42.082  INFO 18540 --- [NA] [userId=anonymous] [  restartedMain] .ConditionEvaluationDeltaLoggingListener : Condition evaluation unchanged
2026-09-15 11:37:22.195  INFO 18540 --- [NA] [userId=anonymous] [0.0-8080-exec-4] o.a.c.c.C.[Tomcat-2].[localhost].[/]     : Initializing Spring DispatcherServlet 'dispatcherServlet'
2026-09-15 11:37:22.199  INFO 18540 --- [NA] [userId=anonymous] [0.0-8080-exec-4] o.s.web.servlet.DispatcherServlet        : Initializing Servlet 'dispatcherServlet'
2026-09-15 11:37:22.202  INFO 18540 --- [NA] [userId=anonymous] [0.0-8080-exec-4] o.s.web.servlet.DispatcherServlet        : Completed initialization in 3 ms
2026-09-15 11:37:22.419 DEBUG 18540 --- [31b87299] [userId=3] [0.0-8080-exec-6] c.b.d.security.JwtAuthenticationFilter   : Authenticated user ID [3] with role(s) [[ROLE_STORE_MANAGER]] for URI [/api/dealspot/categories/fetch-categories]
2026-09-15 11:37:22.422 DEBUG 18540 --- [3e2cd03c] [userId=3] [0.0-8080-exec-5] c.b.d.security.JwtAuthenticationFilter   : Authenticated user ID [3] with role(s) [[ROLE_STORE_MANAGER]] for URI [/api/dealspot/stores/fetch-all-stores]
2026-09-15 11:37:22.422 DEBUG 18540 --- [ee348a16] [userId=3] [0.0-8080-exec-4] c.b.d.security.JwtAuthenticationFilter   : Authenticated user ID [3] with role(s) [[ROLE_STORE_MANAGER]] for URI [/api/dealspot/notifications/my]
2026-09-15 11:37:22.422 DEBUG 18540 --- [b71e95b9] [userId=3] [0.0-8080-exec-8] c.b.d.security.JwtAuthenticationFilter   : Authenticated user ID [3] with role(s) [[ROLE_STORE_MANAGER]] for URI [/api/dealspot/offers/my-saved]
2026-09-15 11:37:22.423 DEBUG 18540 --- [46c5a75a] [userId=3] [0.0-8080-exec-1] c.b.d.security.JwtAuthenticationFilter   : Authenticated user ID [3] with role(s) [[ROLE_STORE_MANAGER]] for URI [/api/dealspot/notifications/unread-count]
2026-09-15 11:37:22.425 DEBUG 18540 --- [0b3900c0] [userId=3] [0.0-8080-exec-3] c.b.d.security.JwtAuthenticationFilter   : Authenticated user ID [3] with role(s) [[ROLE_STORE_MANAGER]] for URI [/api/dealspot/cities/fetch-all]
2026-09-15 11:37:22.498  WARN 18540 --- [ee348a16] [userId=3] [0.0-8080-exec-4] ration$PageModule$WarningLoggingModifier : Serializing PageImpl instances as-is is not supported, meaning that there is no guarantee about the stability of the resulting JSON structure!
	For a stable JSON structure, please use Spring Data's PagedModel (globally via @EnableSpringDataWebSupport(pageSerializationMode = VIA_DTO))
	or Spring HATEOAS and Spring Data's PagedResourcesAssembler as documented in https://docs.spring.io/spring-data/commons/reference/repositories/core-extensions.html#core.web.pageables.

2026-09-15 11:37:22.499  INFO 18540 --- [46c5a75a] [userId=3] [0.0-8080-exec-1] c.b.d.config.RequestLoggingFilter        : method=GET uri=/api/dealspot/notifications/unread-count status=200 duration=294ms
2026-09-15 11:37:22.505  INFO 18540 --- [b71e95b9] [userId=3] [0.0-8080-exec-8] c.b.d.config.RequestLoggingFilter        : method=GET uri=/api/dealspot/offers/my-saved status=200 duration=267ms
2026-09-15 11:37:22.526  INFO 18540 --- [ee348a16] [userId=3] [0.0-8080-exec-4] c.b.d.config.RequestLoggingFilter        : method=GET uri=/api/dealspot/notifications/my?page=0&size=5 status=200 duration=322ms
2026-09-15 11:37:22.514  INFO 18540 --- [0b3900c0] [userId=3] [0.0-8080-exec-3] c.b.d.config.RequestLoggingFilter        : method=GET uri=/api/dealspot/cities/fetch-all status=200 duration=309ms
2026-09-15 11:37:22.521  INFO 18540 --- [3e2cd03c] [userId=3] [0.0-8080-exec-5] c.b.d.config.RequestLoggingFilter        : method=GET uri=/api/dealspot/stores/fetch-all-stores status=200 duration=274ms
2026-09-15 11:37:22.530  INFO 18540 --- [31b87299] [userId=3] [0.0-8080-exec-6] c.b.d.config.RequestLoggingFilter        : method=GET uri=/api/dealspot/categories/fetch-categories status=200 duration=233ms
2026-09-15 11:37:22.553 DEBUG 18540 --- [aca3ec4a] [userId=3] [0.0-8080-exec-2] c.b.d.security.JwtAuthenticationFilter   : Authenticated user ID [3] with role(s) [[ROLE_STORE_MANAGER]] for URI [/api/flyers/fetch-all-flyers]
2026-09-15 11:37:22.553 DEBUG 18540 --- [e2f24d4c] [userId=3] [.0-8080-exec-10] c.b.d.security.JwtAuthenticationFilter   : Authenticated user ID [3] with role(s) [[ROLE_STORE_MANAGER]] for URI [/api/dealspot/offers/my-saved]
2026-09-15 11:37:22.560 DEBUG 18540 --- [52d52406] [userId=3] [0.0-8080-exec-7] c.b.d.security.JwtAuthenticationFilter   : Authenticated user ID [3] with role(s) [[ROLE_STORE_MANAGER]] for URI [/api/dealspot/offers/fetch-all-offers]
2026-09-15 11:37:22.565 DEBUG 18540 --- [633d9f4a] [userId=3] [0.0-8080-exec-9] c.b.d.security.JwtAuthenticationFilter   : Authenticated user ID [3] with role(s) [[ROLE_STORE_MANAGER]] for URI [/api/dealspot/brands/search]
2026-09-15 11:37:22.586  INFO 18540 --- [e2f24d4c] [userId=3] [.0-8080-exec-10] c.b.d.config.RequestLoggingFilter        : method=GET uri=/api/dealspot/offers/my-saved status=200 duration=49ms
2026-09-15 11:37:22.595  INFO 18540 --- [633d9f4a] [userId=3] [0.0-8080-exec-9] c.b.d.config.RequestLoggingFilter        : method=GET uri=/api/dealspot/brands/search?page=0&size=15&featured=true status=200 duration=62ms
2026-09-15 11:37:22.606  INFO 18540 --- [aca3ec4a] [userId=3] [0.0-8080-exec-2] c.b.d.config.RequestLoggingFilter        : method=GET uri=/api/flyers/fetch-all-flyers status=200 duration=76ms
2026-09-15 11:37:22.698 DEBUG 18540 --- [8132d4cd] [userId=3] [0.0-8080-exec-1] c.b.d.security.JwtAuthenticationFilter   : Authenticated user ID [3] with role(s) [[ROLE_STORE_MANAGER]] for URI [/api/dealspot/stores/fetch-all-stores]
2026-09-15 11:37:22.829  INFO 18540 --- [8132d4cd] [userId=3] [0.0-8080-exec-1] c.b.d.config.RequestLoggingFilter        : method=GET uri=/api/dealspot/stores/fetch-all-stores status=200 duration=172ms
2026-09-15 11:37:22.929  INFO 18540 --- [52d52406] [userId=3] [0.0-8080-exec-7] c.b.d.config.RequestLoggingFilter        : method=GET uri=/api/dealspot/offers/fetch-all-offers status=200 duration=398ms
2026-09-15 11:37:38.628 DEBUG 18540 --- [290c2cdd] [userId=3] [0.0-8080-exec-4] c.b.d.security.JwtAuthenticationFilter   : Authenticated user ID [3] with role(s) [[ROLE_STORE_MANAGER]] for URI [/api/dealspot/notifications/my]
2026-09-15 11:37:38.628 DEBUG 18540 --- [387f03b3] [userId=3] [0.0-8080-exec-8] c.b.d.security.JwtAuthenticationFilter   : Authenticated user ID [3] with role(s) [[ROLE_STORE_MANAGER]] for URI [/api/dealspot/notifications/unread-count]
2026-09-15 11:37:38.628 DEBUG 18540 --- [cf0b3e22] [userId=3] [0.0-8080-exec-5] c.b.d.security.JwtAuthenticationFilter   : Authenticated user ID [3] with role(s) [[ROLE_STORE_MANAGER]] for URI [/api/dealspot/cities/fetch-all]
2026-09-15 11:37:38.631  INFO 18540 --- [56ce50ab] [userId=anonymous] [0.0-8080-exec-3] c.b.d.config.RequestLoggingFilter        : method=OPTIONS uri=/api/dealspot/offers/fetch-offer/2 status=200 duration=3ms
2026-09-15 11:37:38.638  INFO 18540 --- [cf0b3e22] [userId=3] [0.0-8080-exec-5] c.b.d.config.RequestLoggingFilter        : method=GET uri=/api/dealspot/cities/fetch-all status=200 duration=19ms
2026-09-15 11:37:38.641  INFO 18540 --- [387f03b3] [userId=3] [0.0-8080-exec-8] c.b.d.config.RequestLoggingFilter        : method=GET uri=/api/dealspot/notifications/unread-count status=200 duration=23ms
2026-09-15 11:37:38.643  INFO 18540 --- [290c2cdd] [userId=3] [0.0-8080-exec-4] c.b.d.config.RequestLoggingFilter        : method=GET uri=/api/dealspot/notifications/my?page=0&size=5 status=200 duration=25ms
2026-09-15 11:37:38.651 DEBUG 18540 --- [68152931] [userId=3] [0.0-8080-exec-6] c.b.d.security.JwtAuthenticationFilter   : Authenticated user ID [3] with role(s) [[ROLE_STORE_MANAGER]] for URI [/api/dealspot/offers/fetch-offer/2]
2026-09-15 11:37:38.705  INFO 18540 --- [68152931] [userId=3] [0.0-8080-exec-6] c.b.d.config.RequestLoggingFilter        : method=GET uri=/api/dealspot/offers/fetch-offer/2 status=200 duration=71ms
2026-09-15 11:37:38.714  INFO 18540 --- [b418101c] [userId=anonymous] [0.0-8080-exec-9] c.b.d.config.RequestLoggingFilter        : method=OPTIONS uri=/api/dealspot/store-branches/store/1/branches status=200 duration=4ms
2026-09-15 11:37:38.715  INFO 18540 --- [63cfe966] [userId=anonymous] [.0-8080-exec-10] c.b.d.config.RequestLoggingFilter        : method=OPTIONS uri=/api/dealspot/offers/2/is-saved status=200 duration=6ms
2026-09-15 11:37:38.718  INFO 18540 --- [c7ead98d] [userId=anonymous] [0.0-8080-exec-2] c.b.d.config.RequestLoggingFilter        : method=OPTIONS uri=/api/dealspot/stores/fetch-store/1 status=200 duration=2ms
2026-09-15 11:37:38.718  INFO 18540 --- [a24dccda] [userId=anonymous] [0.0-8080-exec-7] c.b.d.config.RequestLoggingFilter        : method=OPTIONS uri=/api/dealspot/products/get-product-details/5268 status=200 duration=2ms
2026-09-15 11:37:38.718  INFO 18540 --- [ace8d422] [userId=anonymous] [0.0-8080-exec-1] c.b.d.config.RequestLoggingFilter        : method=OPTIONS uri=/api/dealspot/products/fetch-product/5268 status=200 duration=2ms
2026-09-15 11:37:38.754 DEBUG 18540 --- [c838a71d] [userId=3] [0.0-8080-exec-2] c.b.d.security.JwtAuthenticationFilter   : Authenticated user ID [3] with role(s) [[ROLE_STORE_MANAGER]] for URI [/api/dealspot/offers/2/is-saved]
2026-09-15 11:37:38.756 DEBUG 18540 --- [9b0b621a] [userId=3] [.0-8080-exec-10] c.b.d.security.JwtAuthenticationFilter   : Authenticated user ID [3] with role(s) [[ROLE_STORE_MANAGER]] for URI [/api/dealspot/store-branches/store/1/branches]
2026-09-15 11:37:38.756 DEBUG 18540 --- [13dc1468] [userId=3] [0.0-8080-exec-8] c.b.d.security.JwtAuthenticationFilter   : Authenticated user ID [3] with role(s) [[ROLE_STORE_MANAGER]] for URI [/api/dealspot/stores/fetch-store/1]
2026-09-15 11:37:38.759 DEBUG 18540 --- [65ea4af3] [userId=3] [0.0-8080-exec-4] c.b.d.security.JwtAuthenticationFilter   : Authenticated user ID [3] with role(s) [[ROLE_STORE_MANAGER]] for URI [/api/dealspot/products/get-product-details/5268]
2026-09-15 11:37:38.768 DEBUG 18540 --- [8de12189] [userId=3] [0.0-8080-exec-3] c.b.d.security.JwtAuthenticationFilter   : Authenticated user ID [3] with role(s) [[ROLE_STORE_MANAGER]] for URI [/api/coupons/fetch-all]
2026-09-15 11:37:38.769 DEBUG 18540 --- [8741bd54] [userId=3] [0.0-8080-exec-6] c.b.d.security.JwtAuthenticationFilter   : Authenticated user ID [3] with role(s) [[ROLE_STORE_MANAGER]] for URI [/api/dealspot/products/fetch-product/5268]
2026-09-15 11:37:38.810  INFO 18540 --- [8de12189] [userId=3] [0.0-8080-exec-3] c.b.d.config.RequestLoggingFilter        : method=GET uri=/api/coupons/fetch-all status=200 duration=86ms
2026-09-15 11:37:38.818  INFO 18540 --- [65ea4af3] [userId=3] [0.0-8080-exec-4] c.b.d.config.RequestLoggingFilter        : method=GET uri=/api/dealspot/products/get-product-details/5268 status=200 duration=82ms
2026-09-15 11:37:38.818  INFO 18540 --- [c838a71d] [userId=3] [0.0-8080-exec-2] c.b.d.config.RequestLoggingFilter        : method=GET uri=/api/dealspot/offers/2/is-saved status=200 duration=90ms
2026-09-15 11:37:38.837  INFO 18540 --- [9b0b621a] [userId=3] [.0-8080-exec-10] c.b.d.config.RequestLoggingFilter        : method=GET uri=/api/dealspot/store-branches/store/1/branches status=200 duration=115ms
2026-09-15 11:37:38.837  INFO 18540 --- [13dc1468] [userId=3] [0.0-8080-exec-8] c.b.d.config.RequestLoggingFilter        : method=GET uri=/api/dealspot/stores/fetch-store/1 status=200 duration=108ms
2026-09-15 11:37:38.884  INFO 18540 --- [8741bd54] [userId=3] [0.0-8080-exec-6] c.b.d.config.RequestLoggingFilter        : method=GET uri=/api/dealspot/products/fetch-product/5268 status=200 duration=136ms
2026-09-15 11:40:40.626  INFO 18540 --- [1255824f] [userId=anonymous] [.0-8080-exec-10] c.b.d.config.RequestLoggingFilter        : method=GET uri=/api/dealspot/categories/fetch-categories status=200 duration=22ms
2026-09-15 11:40:40.634  INFO 18540 --- [b2fb1df5] [userId=anonymous] [0.0-8080-exec-5] c.b.d.config.RequestLoggingFilter        : method=GET uri=/api/dealspot/brands/search?page=0&size=15&featured=true status=200 duration=28ms
2026-09-15 11:40:40.661  INFO 18540 --- [ecd495b8] [userId=anonymous] [0.0-8080-exec-6] c.b.d.config.RequestLoggingFilter        : method=GET uri=/api/flyers/fetch-all-flyers status=200 duration=56ms
2026-09-15 11:40:40.695  INFO 18540 --- [55b149d6] [userId=anonymous] [0.0-8080-exec-2] c.b.d.config.RequestLoggingFilter        : method=GET uri=/api/dealspot/stores/fetch-all-stores status=200 duration=93ms
2026-09-15 11:40:40.854  INFO 18540 --- [e8d9b7c9] [userId=anonymous] [0.0-8080-exec-7] c.b.d.config.RequestLoggingFilter        : method=GET uri=/api/dealspot/stores/fetch-all-stores status=200 duration=134ms
2026-09-15 11:40:41.063  INFO 18540 --- [276f2ec7] [userId=anonymous] [0.0-8080-exec-8] c.b.d.config.RequestLoggingFilter        : method=GET uri=/api/dealspot/offers/fetch-all-offers status=200 duration=458ms
2026-09-15 11:40:42.722  INFO 18540 --- [ea70b4e0] [userId=anonymous] [0.0-8080-exec-3] c.b.d.config.RequestLoggingFilter        : method=GET uri=/api/dealspot/cities/fetch-all status=200 duration=33ms
2026-09-15 11:40:42.737  INFO 18540 --- [621cfe01] [userId=anonymous] [0.0-8080-exec-4] c.b.d.config.RequestLoggingFilter        : method=GET uri=/api/dealspot/categories/fetch-categories status=200 duration=38ms
2026-09-15 11:40:42.738  INFO 18540 --- [53b5f574] [userId=anonymous] [0.0-8080-exec-5] c.b.d.config.RequestLoggingFilter        : method=GET uri=/api/dealspot/brands/search?page=0&size=15&featured=true status=200 duration=29ms
2026-09-15 11:40:42.743  INFO 18540 --- [6a86bc27] [userId=anonymous] [.0-8080-exec-10] c.b.d.config.RequestLoggingFilter        : method=GET uri=/api/flyers/fetch-all-flyers status=200 duration=36ms
2026-09-15 11:40:42.783  INFO 18540 --- [aee1f42a] [userId=anonymous] [0.0-8080-exec-9] c.b.d.config.RequestLoggingFilter        : method=GET uri=/api/dealspot/stores/fetch-all-stores status=200 duration=79ms
2026-09-15 11:40:43.008  INFO 18540 --- [69712bd0] [userId=anonymous] [0.0-8080-exec-6] c.b.d.config.RequestLoggingFilter        : method=GET uri=/api/dealspot/stores/fetch-all-stores status=200 duration=121ms
2026-09-15 11:40:43.076  INFO 18540 --- [4224dc92] [userId=anonymous] [0.0-8080-exec-1] c.b.d.config.RequestLoggingFilter        : method=GET uri=/api/dealspot/offers/fetch-all-offers status=200 duration=377ms
2026-09-15 11:40:45.525  INFO 18540 --- [ca6cecce] [userId=anonymous] [0.0-8080-exec-5] c.b.d.config.RequestLoggingFilter        : method=GET uri=/api/dealspot/brands/search?page=0&size=15&featured=true status=200 duration=36ms
2026-09-15 11:40:45.529  INFO 18540 --- [a71ade5e] [userId=anonymous] [0.0-8080-exec-8] c.b.d.config.RequestLoggingFilter        : method=GET uri=/api/dealspot/categories/fetch-categories status=200 duration=41ms
2026-09-15 11:40:45.542  INFO 18540 --- [0801f7ce] [userId=anonymous] [0.0-8080-exec-4] c.b.d.config.RequestLoggingFilter        : method=GET uri=/api/flyers/fetch-all-flyers status=200 duration=54ms
2026-09-15 11:40:45.549  INFO 18540 --- [b303f5d2] [userId=anonymous] [0.0-8080-exec-2] c.b.d.config.RequestLoggingFilter        : method=GET uri=/api/dealspot/cities/fetch-all status=200 duration=77ms
2026-09-15 11:40:45.586  INFO 18540 --- [820d71ee] [userId=anonymous] [0.0-8080-exec-7] c.b.d.config.RequestLoggingFilter        : method=GET uri=/api/dealspot/stores/fetch-all-stores status=200 duration=101ms
2026-09-15 11:40:45.963  INFO 18540 --- [baa31268] [userId=anonymous] [.0-8080-exec-10] c.b.d.config.RequestLoggingFilter        : method=GET uri=/api/dealspot/stores/fetch-all-stores status=200 duration=175ms
2026-09-15 11:40:46.039  INFO 18540 --- [a1f2e73f] [userId=anonymous] [0.0-8080-exec-3] c.b.d.config.RequestLoggingFilter        : method=GET uri=/api/dealspot/offers/fetch-all-offers status=200 duration=551ms
2026-09-15 11:41:03.217  INFO 18540 --- [7add90f0] [userId=anonymous] [0.0-8080-exec-9] c.b.d.config.RequestLoggingFilter        : method=GET uri=/api/dealspot/cities/fetch-all status=200 duration=31ms
2026-09-15 11:41:03.236  INFO 18540 --- [0d9077f3] [userId=anonymous] [0.0-8080-exec-6] c.b.d.config.RequestLoggingFilter        : method=GET uri=/api/dealspot/cities/fetch-all status=200 duration=18ms
2026-09-15 11:41:08.992  INFO 18540 --- [bd90e5c6] [userId=anonymous] [0.0-8080-exec-1] c.b.d.config.RequestLoggingFilter        : method=OPTIONS uri=/api/dealspot/auth/admin/login status=200 duration=2ms
2026-09-15 11:41:08.997 DEBUG 18540 --- [2048dd74] [userId=anonymous] [0.0-8080-exec-5] c.b.dealspot.controller.AuthController   : Admin login attempt for email: c@1
2026-09-15 11:41:09.003  WARN 18540 --- [2048dd74] [userId=anonymous] [0.0-8080-exec-5] c.b.d.c.e.GlobalExceptionHandler         : Authentication failed: Invalid email or password
2026-09-15 11:41:09.007  WARN 18540 --- [2048dd74] [userId=anonymous] [0.0-8080-exec-5] .m.m.a.ExceptionHandlerExceptionResolver : Resolved [org.springframework.security.authentication.BadCredentialsException: Invalid email or password]
2026-09-15 11:41:09.008  INFO 18540 --- [2048dd74] [userId=anonymous] [0.0-8080-exec-5] c.b.d.config.RequestLoggingFilter        : method=POST uri=/api/dealspot/auth/admin/login status=401 duration=14ms
2026-09-15 11:41:28.598 DEBUG 18540 --- [a6f03b0a] [userId=anonymous] [0.0-8080-exec-8] c.b.dealspot.controller.AuthController   : Admin login attempt for email: lulu@1.com
2026-09-15 11:41:28.716  INFO 18540 --- [a6f03b0a] [userId=anonymous] [0.0-8080-exec-8] c.b.dealspot.controller.AuthController   : Admin login successful for email: lulu@1.com
2026-09-15 11:41:28.719  INFO 18540 --- [a6f03b0a] [userId=anonymous] [0.0-8080-exec-8] c.b.d.config.RequestLoggingFilter        : method=POST uri=/api/dealspot/auth/admin/login status=200 duration=122ms
2026-09-15 11:41:29.285  INFO 18540 --- [dd8dc2a4] [userId=anonymous] [0.0-8080-exec-7] c.b.d.config.RequestLoggingFilter        : method=OPTIONS uri=/api/dealspot/brands/search?page=0&size=50 status=200 duration=1ms
2026-09-15 11:41:29.288  INFO 18540 --- [a39077c0] [userId=anonymous] [.0-8080-exec-10] c.b.d.config.RequestLoggingFilter        : method=OPTIONS uri=/api/dealspot/products/paged?page=0&size=20&sortBy=createdAt&direction=desc status=200 duration=1ms
2026-09-15 11:41:29.288 DEBUG 18540 --- [194294e6] [userId=3] [0.0-8080-exec-4] c.b.d.security.JwtAuthenticationFilter   : Authenticated user ID [3] with role(s) [[ROLE_STORE_MANAGER]] for URI [/api/dealspot/notifications/unread-count]
2026-09-15 11:41:29.288 DEBUG 18540 --- [72406b3c] [userId=3] [0.0-8080-exec-2] c.b.d.security.JwtAuthenticationFilter   : Authenticated user ID [3] with role(s) [[ROLE_STORE_MANAGER]] for URI [/api/dealspot/notifications/my]
2026-09-15 11:41:29.303 DEBUG 18540 --- [1dfe7a3d] [userId=3] [0.0-8080-exec-3] c.b.d.security.JwtAuthenticationFilter   : Authenticated user ID [3] with role(s) [[ROLE_STORE_MANAGER]] for URI [/api/dealspot/categories/fetch-categories]
2026-09-15 11:41:29.315 DEBUG 18540 --- [bbee23bd] [userId=3] [0.0-8080-exec-9] c.b.d.security.JwtAuthenticationFilter   : Authenticated user ID [3] with role(s) [[ROLE_STORE_MANAGER]] for URI [/api/dealspot/brands/search]
2026-09-15 11:41:29.318 DEBUG 18540 --- [cb09606b] [userId=3] [0.0-8080-exec-6] c.b.d.security.JwtAuthenticationFilter   : Authenticated user ID [3] with role(s) [[ROLE_STORE_MANAGER]] for URI [/api/dealspot/products/paged]
2026-09-15 11:41:29.317  INFO 18540 --- [1dfe7a3d] [userId=3] [0.0-8080-exec-3] c.b.d.config.RequestLoggingFilter        : method=GET uri=/api/dealspot/categories/fetch-categories status=200 duration=29ms
2026-09-15 11:41:29.325  INFO 18540 --- [72406b3c] [userId=3] [0.0-8080-exec-2] c.b.d.config.RequestLoggingFilter        : method=GET uri=/api/dealspot/notifications/my?page=0&size=5 status=200 duration=59ms
2026-09-15 11:41:29.326  INFO 18540 --- [194294e6] [userId=3] [0.0-8080-exec-4] c.b.d.config.RequestLoggingFilter        : method=GET uri=/api/dealspot/notifications/unread-count status=200 duration=57ms
2026-09-15 11:41:29.656  INFO 18540 --- [bbee23bd] [userId=3] [0.0-8080-exec-9] c.b.d.config.RequestLoggingFilter        : method=GET uri=/api/dealspot/brands/search?page=0&size=50 status=200 duration=362ms
2026-09-15 11:41:29.687  INFO 18540 --- [cb09606b] [userId=3] [0.0-8080-exec-6] c.b.d.config.RequestLoggingFilter        : method=GET uri=/api/dealspot/products/paged?page=0&size=20&sortBy=createdAt&direction=desc status=200 duration=394ms
2026-09-15 11:41:38.643  INFO 18540 --- [37230578] [userId=anonymous] [0.0-8080-exec-1] c.b.d.config.RequestLoggingFilter        : method=OPTIONS uri=/api/dealspot/products/delete-product/5551 status=200 duration=3ms
2026-09-15 11:41:38.657 DEBUG 18540 --- [8d3e2e21] [userId=3] [0.0-8080-exec-5] c.b.d.security.JwtAuthenticationFilter   : Authenticated user ID [3] with role(s) [[ROLE_STORE_MANAGER]] for URI [/api/dealspot/products/delete-product/5551]
2026-09-15 11:41:38.664  WARN 18540 --- [8d3e2e21] [userId=3] [0.0-8080-exec-5] c.b.d.c.e.GlobalExceptionHandler         : Resource not found: No static resource api/dealspot/products/delete-product/5551 for request '/api/dealspot/products/delete-product/5551'.
2026-09-15 11:41:38.667  WARN 18540 --- [8d3e2e21] [userId=3] [0.0-8080-exec-5] .m.m.a.ExceptionHandlerExceptionResolver : Resolved [org.springframework.web.servlet.resource.NoResourceFoundException: No static resource api/dealspot/products/delete-product/5551 for request '/api/dealspot/products/delete-product/5551'.]
2026-09-15 11:41:38.669  INFO 18540 --- [8d3e2e21] [userId=3] [0.0-8080-exec-5] c.b.d.config.RequestLoggingFilter        : method=DELETE uri=/api/dealspot/products/delete-product/5551 status=404 duration=23ms
2026-09-15 11:43:39.901  INFO 18540 --- [d9eaf3b4] [userId=anonymous] [0.0-8080-exec-8] c.b.d.config.RequestLoggingFilter        : method=OPTIONS uri=/api/dealspot/offers/fetch-all-offers?storeId=1&includeExpired=true status=200 duration=1ms
2026-09-15 11:43:39.905  INFO 18540 --- [57d11334] [userId=anonymous] [0.0-8080-exec-7] c.b.d.config.RequestLoggingFilter        : method=OPTIONS uri=/api/dealspot/stores/1/followers-count status=200 duration=2ms
2026-09-15 11:43:39.905 DEBUG 18540 --- [7868ddd4] [userId=3] [0.0-8080-exec-9] c.b.d.security.JwtAuthenticationFilter   : Authenticated user ID [3] with role(s) [[ROLE_STORE_MANAGER]] for URI [/api/dealspot/notifications/unread-count]
2026-09-15 11:43:39.919 DEBUG 18540 --- [2e7d7fb4] [userId=3] [0.0-8080-exec-5] c.b.d.security.JwtAuthenticationFilter   : Authenticated user ID [3] with role(s) [[ROLE_STORE_MANAGER]] for URI [/api/dealspot/store-branches/store/1/branches]
2026-09-15 11:43:39.919 DEBUG 18540 --- [41034af5] [userId=3] [0.0-8080-exec-6] c.b.d.security.JwtAuthenticationFilter   : Authenticated user ID [3] with role(s) [[ROLE_STORE_MANAGER]] for URI [/api/dealspot/notifications/my]
2026-09-15 11:43:39.922 DEBUG 18540 --- [009b4ad2] [userId=3] [.0-8080-exec-10] c.b.d.security.JwtAuthenticationFilter   : Authenticated user ID [3] with role(s) [[ROLE_STORE_MANAGER]] for URI [/api/flyers/fetch-all-flyers]
2026-09-15 11:43:39.939 DEBUG 18540 --- [8c201a5d] [userId=3] [0.0-8080-exec-1] c.b.d.security.JwtAuthenticationFilter   : Authenticated user ID [3] with role(s) [[ROLE_STORE_MANAGER]] for URI [/api/dealspot/stores/fetch-store/1]
2026-09-15 11:43:39.949  INFO 18540 --- [7868ddd4] [userId=3] [0.0-8080-exec-9] c.b.d.config.RequestLoggingFilter        : method=GET uri=/api/dealspot/notifications/unread-count status=200 duration=64ms
2026-09-15 11:43:39.952 DEBUG 18540 --- [5231ff92] [userId=3] [0.0-8080-exec-3] c.b.d.security.JwtAuthenticationFilter   : Authenticated user ID [3] with role(s) [[ROLE_STORE_MANAGER]] for URI [/api/coupons/fetch-all]
2026-09-15 11:43:39.963  INFO 18540 --- [41034af5] [userId=3] [0.0-8080-exec-6] c.b.d.config.RequestLoggingFilter        : method=GET uri=/api/dealspot/notifications/my?page=0&size=5 status=200 duration=78ms
2026-09-15 11:43:39.963  INFO 18540 --- [009b4ad2] [userId=3] [.0-8080-exec-10] c.b.d.config.RequestLoggingFilter        : method=GET uri=/api/flyers/fetch-all-flyers status=200 duration=54ms
2026-09-15 11:43:39.969  INFO 18540 --- [5231ff92] [userId=3] [0.0-8080-exec-3] c.b.d.config.RequestLoggingFilter        : method=GET uri=/api/coupons/fetch-all status=200 duration=41ms
2026-09-15 11:43:39.972 DEBUG 18540 --- [9e80c39a] [userId=3] [0.0-8080-exec-2] c.b.d.security.JwtAuthenticationFilter   : Authenticated user ID [3] with role(s) [[ROLE_STORE_MANAGER]] for URI [/api/dealspot/offers/fetch-all-offers]
2026-09-15 11:43:39.983  INFO 18540 --- [2e7d7fb4] [userId=3] [0.0-8080-exec-5] c.b.d.config.RequestLoggingFilter        : method=GET uri=/api/dealspot/store-branches/store/1/branches status=200 duration=84ms
2026-09-15 11:43:39.985 DEBUG 18540 --- [1cd775d9] [userId=3] [0.0-8080-exec-4] c.b.d.security.JwtAuthenticationFilter   : Authenticated user ID [3] with role(s) [[ROLE_STORE_MANAGER]] for URI [/api/dealspot/stores/1/followers-count]
2026-09-15 11:43:39.997  INFO 18540 --- [8c201a5d] [userId=3] [0.0-8080-exec-1] c.b.d.config.RequestLoggingFilter        : method=GET uri=/api/dealspot/stores/fetch-store/1 status=200 duration=98ms
2026-09-15 11:43:40.011  INFO 18540 --- [1cd775d9] [userId=3] [0.0-8080-exec-4] c.b.d.config.RequestLoggingFilter        : method=GET uri=/api/dealspot/stores/1/followers-count status=200 duration=44ms
2026-09-15 11:43:40.091  INFO 18540 --- [9e80c39a] [userId=3] [0.0-8080-exec-2] c.b.d.config.RequestLoggingFilter        : method=GET uri=/api/dealspot/offers/fetch-all-offers?storeId=1&includeExpired=true status=200 duration=134ms
2026-09-15 11:44:06.783 DEBUG 18540 --- [27659f43] [userId=3] [0.0-8080-exec-8] c.b.d.security.JwtAuthenticationFilter   : Authenticated user ID [3] with role(s) [[ROLE_STORE_MANAGER]] for URI [/api/dealspot/notifications/unread-count]
2026-09-15 11:44:06.788 DEBUG 18540 --- [9b53b3f6] [userId=3] [0.0-8080-exec-7] c.b.d.security.JwtAuthenticationFilter   : Authenticated user ID [3] with role(s) [[ROLE_STORE_MANAGER]] for URI [/api/dealspot/notifications/my]
2026-09-15 11:44:06.795 DEBUG 18540 --- [4101e8ad] [userId=3] [0.0-8080-exec-6] c.b.d.security.JwtAuthenticationFilter   : Authenticated user ID [3] with role(s) [[ROLE_STORE_MANAGER]] for URI [/api/dealspot/store-branches/store/1/branches]
2026-09-15 11:44:06.806 DEBUG 18540 --- [2161e38a] [userId=3] [0.0-8080-exec-9] c.b.d.security.JwtAuthenticationFilter   : Authenticated user ID [3] with role(s) [[ROLE_STORE_MANAGER]] for URI [/api/dealspot/stores/fetch-store/1]
2026-09-15 11:44:06.813 DEBUG 18540 --- [91f8bff2] [userId=3] [0.0-8080-exec-3] c.b.d.security.JwtAuthenticationFilter   : Authenticated user ID [3] with role(s) [[ROLE_STORE_MANAGER]] for URI [/api/flyers/fetch-all-flyers]
2026-09-15 11:44:06.819  INFO 18540 --- [27659f43] [userId=3] [0.0-8080-exec-8] c.b.d.config.RequestLoggingFilter        : method=GET uri=/api/dealspot/notifications/unread-count status=200 duration=48ms
2026-09-15 11:44:06.819 DEBUG 18540 --- [e80812cf] [userId=3] [.0-8080-exec-10] c.b.d.security.JwtAuthenticationFilter   : Authenticated user ID [3] with role(s) [[ROLE_STORE_MANAGER]] for URI [/api/dealspot/offers/fetch-all-offers]
2026-09-15 11:44:06.858  INFO 18540 --- [9b53b3f6] [userId=3] [0.0-8080-exec-7] c.b.d.config.RequestLoggingFilter        : method=GET uri=/api/dealspot/notifications/my?page=0&size=5 status=200 duration=88ms
2026-09-15 11:44:06.869 DEBUG 18540 --- [d1f9b0c3] [userId=3] [0.0-8080-exec-5] c.b.d.security.JwtAuthenticationFilter   : Authenticated user ID [3] with role(s) [[ROLE_STORE_MANAGER]] for URI [/api/dealspot/stores/1/followers-count]
2026-09-15 11:44:06.876  INFO 18540 --- [91f8bff2] [userId=3] [0.0-8080-exec-3] c.b.d.config.RequestLoggingFilter        : method=GET uri=/api/flyers/fetch-all-flyers status=200 duration=84ms
2026-09-15 11:44:06.901 DEBUG 18540 --- [926b5f11] [userId=3] [0.0-8080-exec-1] c.b.d.security.JwtAuthenticationFilter   : Authenticated user ID [3] with role(s) [[ROLE_STORE_MANAGER]] for URI [/api/coupons/fetch-all]
2026-09-15 11:44:06.906  INFO 18540 --- [2161e38a] [userId=3] [0.0-8080-exec-9] c.b.d.config.RequestLoggingFilter        : method=GET uri=/api/dealspot/stores/fetch-store/1 status=200 duration=125ms
2026-09-15 11:44:06.959  INFO 18540 --- [d1f9b0c3] [userId=3] [0.0-8080-exec-5] c.b.d.config.RequestLoggingFilter        : method=GET uri=/api/dealspot/stores/1/followers-count status=200 duration=112ms
2026-09-15 11:44:06.914  INFO 18540 --- [4101e8ad] [userId=3] [0.0-8080-exec-6] c.b.d.config.RequestLoggingFilter        : method=GET uri=/api/dealspot/store-branches/store/1/branches status=200 duration=133ms
2026-09-15 11:44:06.978  INFO 18540 --- [926b5f11] [userId=3] [0.0-8080-exec-1] c.b.d.config.RequestLoggingFilter        : method=GET uri=/api/coupons/fetch-all status=200 duration=90ms
2026-09-15 11:44:07.248  INFO 18540 --- [e80812cf] [userId=3] [.0-8080-exec-10] c.b.d.config.RequestLoggingFilter        : method=GET uri=/api/dealspot/offers/fetch-all-offers?storeId=1&includeExpired=true status=200 duration=465ms
2026-09-15 11:54:54.780 DEBUG 18540 --- [31ae401b] [userId=3] [0.0-8080-exec-5] c.b.d.security.JwtAuthenticationFilter   : Authenticated user ID [3] with role(s) [[ROLE_STORE_MANAGER]] for URI [/api/dealspot/notifications/unread-count]
2026-09-15 11:54:54.780 DEBUG 18540 --- [211856dc] [userId=3] [0.0-8080-exec-6] c.b.d.security.JwtAuthenticationFilter   : Authenticated user ID [3] with role(s) [[ROLE_STORE_MANAGER]] for URI [/api/dealspot/notifications/my]
2026-09-15 11:54:54.805 DEBUG 18540 --- [76e79b26] [userId=3] [0.0-8080-exec-4] c.b.d.security.JwtAuthenticationFilter   : Authenticated user ID [3] with role(s) [[ROLE_STORE_MANAGER]] for URI [/api/flyers/fetch-all-flyers]
2026-09-15 11:54:54.818 DEBUG 18540 --- [fdaa0770] [userId=3] [0.0-8080-exec-8] c.b.d.security.JwtAuthenticationFilter   : Authenticated user ID [3] with role(s) [[ROLE_STORE_MANAGER]] for URI [/api/dealspot/offers/fetch-all-offers]
2026-09-15 11:54:54.819 DEBUG 18540 --- [a36ac323] [userId=3] [0.0-8080-exec-1] c.b.d.security.JwtAuthenticationFilter   : Authenticated user ID [3] with role(s) [[ROLE_STORE_MANAGER]] for URI [/api/dealspot/stores/fetch-store/1]
2026-09-15 11:54:54.834 DEBUG 18540 --- [d42c0fa3] [userId=3] [.0-8080-exec-10] c.b.d.security.JwtAuthenticationFilter   : Authenticated user ID [3] with role(s) [[ROLE_STORE_MANAGER]] for URI [/api/dealspot/store-branches/store/1/branches]
2026-09-15 11:54:54.844  INFO 18540 --- [76e79b26] [userId=3] [0.0-8080-exec-4] c.b.d.config.RequestLoggingFilter        : method=GET uri=/api/flyers/fetch-all-flyers status=200 duration=63ms
2026-09-15 11:54:54.877  INFO 18540 --- [211856dc] [userId=3] [0.0-8080-exec-6] c.b.d.config.RequestLoggingFilter        : method=GET uri=/api/dealspot/notifications/my?page=0&size=5 status=200 duration=133ms
2026-09-15 11:54:54.907 DEBUG 18540 --- [2a6acbe3] [userId=3] [0.0-8080-exec-2] c.b.d.security.JwtAuthenticationFilter   : Authenticated user ID [3] with role(s) [[ROLE_STORE_MANAGER]] for URI [/api/dealspot/stores/1/followers-count]
2026-09-15 11:54:54.923 DEBUG 18540 --- [c962de4c] [userId=3] [0.0-8080-exec-7] c.b.d.security.JwtAuthenticationFilter   : Authenticated user ID [3] with role(s) [[ROLE_STORE_MANAGER]] for URI [/api/coupons/fetch-all]
2026-09-15 11:54:54.936  INFO 18540 --- [31ae401b] [userId=3] [0.0-8080-exec-5] c.b.d.config.RequestLoggingFilter        : method=GET uri=/api/dealspot/notifications/unread-count status=200 duration=193ms
2026-09-15 11:54:54.967  INFO 18540 --- [c962de4c] [userId=3] [0.0-8080-exec-7] c.b.d.config.RequestLoggingFilter        : method=GET uri=/api/coupons/fetch-all status=200 duration=56ms
2026-09-15 11:54:54.980  INFO 18540 --- [2a6acbe3] [userId=3] [0.0-8080-exec-2] c.b.d.config.RequestLoggingFilter        : method=GET uri=/api/dealspot/stores/1/followers-count status=200 duration=98ms
2026-09-15 11:54:54.981  INFO 18540 --- [d42c0fa3] [userId=3] [.0-8080-exec-10] c.b.d.config.RequestLoggingFilter        : method=GET uri=/api/dealspot/store-branches/store/1/branches status=200 duration=210ms
2026-09-15 11:54:54.997  INFO 18540 --- [a36ac323] [userId=3] [0.0-8080-exec-1] c.b.d.config.RequestLoggingFilter        : method=GET uri=/api/dealspot/stores/fetch-store/1 status=200 duration=240ms
2026-09-15 11:54:55.081  INFO 18540 --- [fdaa0770] [userId=3] [0.0-8080-exec-8] c.b.d.config.RequestLoggingFilter        : method=GET uri=/api/dealspot/offers/fetch-all-offers?storeId=1&includeExpired=true status=200 duration=291ms
2026-09-15 11:54:59.204 DEBUG 18540 --- [8bf25091] [userId=3] [0.0-8080-exec-3] c.b.d.security.JwtAuthenticationFilter   : Authenticated user ID [3] with role(s) [[ROLE_STORE_MANAGER]] for URI [/api/dealspot/notifications/unread-count]
2026-09-15 11:54:59.214 DEBUG 18540 --- [d6f80f87] [userId=3] [0.0-8080-exec-9] c.b.d.security.JwtAuthenticationFilter   : Authenticated user ID [3] with role(s) [[ROLE_STORE_MANAGER]] for URI [/api/dealspot/notifications/my]
2026-09-15 11:54:59.230  INFO 18540 --- [8bf25091] [userId=3] [0.0-8080-exec-3] c.b.d.config.RequestLoggingFilter        : method=GET uri=/api/dealspot/notifications/unread-count status=200 duration=45ms
2026-09-15 11:54:59.235 DEBUG 18540 --- [0ba6a9de] [userId=3] [0.0-8080-exec-6] c.b.d.security.JwtAuthenticationFilter   : Authenticated user ID [3] with role(s) [[ROLE_STORE_MANAGER]] for URI [/api/dealspot/store-branches/store/1/branches]
2026-09-15 11:54:59.239 DEBUG 18540 --- [154affb8] [userId=3] [0.0-8080-exec-7] c.b.d.security.JwtAuthenticationFilter   : Authenticated user ID [3] with role(s) [[ROLE_STORE_MANAGER]] for URI [/api/flyers/fetch-all-flyers]
2026-09-15 11:54:59.240 DEBUG 18540 --- [c13e34a5] [userId=3] [0.0-8080-exec-4] c.b.d.security.JwtAuthenticationFilter   : Authenticated user ID [3] with role(s) [[ROLE_STORE_MANAGER]] for URI [/api/dealspot/stores/fetch-store/1]
2026-09-15 11:54:59.254 DEBUG 18540 --- [bfd5e8e5] [userId=3] [0.0-8080-exec-5] c.b.d.security.JwtAuthenticationFilter   : Authenticated user ID [3] with role(s) [[ROLE_STORE_MANAGER]] for URI [/api/dealspot/offers/fetch-all-offers]
2026-09-15 11:54:59.270  INFO 18540 --- [154affb8] [userId=3] [0.0-8080-exec-7] c.b.d.config.RequestLoggingFilter        : method=GET uri=/api/flyers/fetch-all-flyers status=200 duration=58ms
2026-09-15 11:54:59.278  INFO 18540 --- [c13e34a5] [userId=3] [0.0-8080-exec-4] c.b.d.config.RequestLoggingFilter        : method=GET uri=/api/dealspot/stores/fetch-store/1 status=200 duration=68ms
2026-09-15 11:54:59.287 DEBUG 18540 --- [a5998979] [userId=3] [0.0-8080-exec-2] c.b.d.security.JwtAuthenticationFilter   : Authenticated user ID [3] with role(s) [[ROLE_STORE_MANAGER]] for URI [/api/dealspot/stores/1/followers-count]
2026-09-15 11:54:59.296  INFO 18540 --- [a5998979] [userId=3] [0.0-8080-exec-2] c.b.d.config.RequestLoggingFilter        : method=GET uri=/api/dealspot/stores/1/followers-count status=200 duration=24ms
2026-09-15 11:54:59.301 DEBUG 18540 --- [94d907f6] [userId=3] [0.0-8080-exec-7] c.b.d.security.JwtAuthenticationFilter   : Authenticated user ID [3] with role(s) [[ROLE_STORE_MANAGER]] for URI [/api/coupons/fetch-all]
2026-09-15 11:54:59.333  INFO 18540 --- [d6f80f87] [userId=3] [0.0-8080-exec-9] c.b.d.config.RequestLoggingFilter        : method=GET uri=/api/dealspot/notifications/my?page=0&size=5 status=200 duration=138ms
2026-09-15 11:54:59.344  INFO 18540 --- [0ba6a9de] [userId=3] [0.0-8080-exec-6] c.b.d.config.RequestLoggingFilter        : method=GET uri=/api/dealspot/store-branches/store/1/branches status=200 duration=134ms
2026-09-15 11:54:59.348  INFO 18540 --- [94d907f6] [userId=3] [0.0-8080-exec-7] c.b.d.config.RequestLoggingFilter        : method=GET uri=/api/coupons/fetch-all status=200 duration=61ms
2026-09-15 11:54:59.760  INFO 18540 --- [bfd5e8e5] [userId=3] [0.0-8080-exec-5] c.b.d.config.RequestLoggingFilter        : method=GET uri=/api/dealspot/offers/fetch-all-offers?storeId=1&includeExpired=true status=200 duration=548ms
2026-09-15 11:56:00.206 DEBUG 18540 --- [3a14ee0d] [userId=3] [0.0-8080-exec-9] c.b.d.security.JwtAuthenticationFilter   : Authenticated user ID [3] with role(s) [[ROLE_STORE_MANAGER]] for URI [/api/dealspot/stores/fetch-store/1]
2026-09-15 11:56:00.207 DEBUG 18540 --- [6a3e42f2] [userId=3] [0.0-8080-exec-7] c.b.d.security.JwtAuthenticationFilter   : Authenticated user ID [3] with role(s) [[ROLE_STORE_MANAGER]] for URI [/api/dealspot/store-branches/store/1/branches]
2026-09-15 11:56:00.213 DEBUG 18540 --- [7bd203e4] [userId=3] [0.0-8080-exec-6] c.b.d.security.JwtAuthenticationFilter   : Authenticated user ID [3] with role(s) [[ROLE_STORE_MANAGER]] for URI [/api/dealspot/cities/fetch-all]
2026-09-15 11:56:00.237  INFO 18540 --- [6a3e42f2] [userId=3] [0.0-8080-exec-7] c.b.d.config.RequestLoggingFilter        : method=GET uri=/api/dealspot/store-branches/store/1/branches status=200 duration=52ms
2026-09-15 11:56:00.240  INFO 18540 --- [7bd203e4] [userId=3] [0.0-8080-exec-6] c.b.d.config.RequestLoggingFilter        : method=GET uri=/api/dealspot/cities/fetch-all status=200 duration=52ms
2026-09-15 11:56:00.245  INFO 18540 --- [3a14ee0d] [userId=3] [0.0-8080-exec-9] c.b.d.config.RequestLoggingFilter        : method=GET uri=/api/dealspot/stores/fetch-store/1 status=200 duration=65ms
2026-09-15 11:56:20.678 DEBUG 18540 --- [4d5efe23] [userId=3] [0.0-8080-exec-5] c.b.d.security.JwtAuthenticationFilter   : Authenticated user ID [3] with role(s) [[ROLE_STORE_MANAGER]] for URI [/api/dealspot/stores/fetch-all-stores]
2026-09-15 11:56:20.679 DEBUG 18540 --- [84d89385] [userId=3] [.0-8080-exec-10] c.b.d.security.JwtAuthenticationFilter   : Authenticated user ID [3] with role(s) [[ROLE_STORE_MANAGER]] for URI [/api/dealspot/cities/fetch-all]
2026-09-15 11:56:20.683 DEBUG 18540 --- [646a7f63] [userId=3] [0.0-8080-exec-8] c.b.d.security.JwtAuthenticationFilter   : Authenticated user ID [3] with role(s) [[ROLE_STORE_MANAGER]] for URI [/api/dealspot/categories/fetch-categories]
2026-09-15 11:56:20.699  INFO 18540 --- [646a7f63] [userId=3] [0.0-8080-exec-8] c.b.d.config.RequestLoggingFilter        : method=GET uri=/api/dealspot/categories/fetch-categories status=200 duration=31ms
2026-09-15 11:56:20.705  INFO 18540 --- [84d89385] [userId=3] [.0-8080-exec-10] c.b.d.config.RequestLoggingFilter        : method=GET uri=/api/dealspot/cities/fetch-all status=200 duration=40ms
2026-09-15 11:56:20.720  INFO 18540 --- [4d5efe23] [userId=3] [0.0-8080-exec-5] c.b.d.config.RequestLoggingFilter        : method=GET uri=/api/dealspot/stores/fetch-all-stores status=200 duration=56ms
2026-09-15 11:56:23.988 DEBUG 18540 --- [14efa2ec] [userId=3] [0.0-8080-exec-3] c.b.d.security.JwtAuthenticationFilter   : Authenticated user ID [3] with role(s) [[ROLE_STORE_MANAGER]] for URI [/api/dealspot/store-branches/store/1/branches]
2026-09-15 11:56:23.988 DEBUG 18540 --- [290fca41] [userId=3] [0.0-8080-exec-1] c.b.d.security.JwtAuthenticationFilter   : Authenticated user ID [3] with role(s) [[ROLE_STORE_MANAGER]] for URI [/api/dealspot/stores/fetch-store/1]
2026-09-15 11:56:23.988 DEBUG 18540 --- [950df4ec] [userId=3] [0.0-8080-exec-4] c.b.d.security.JwtAuthenticationFilter   : Authenticated user ID [3] with role(s) [[ROLE_STORE_MANAGER]] for URI [/api/dealspot/cities/fetch-all]
2026-09-15 11:56:23.997  INFO 18540 --- [950df4ec] [userId=3] [0.0-8080-exec-4] c.b.d.config.RequestLoggingFilter        : method=GET uri=/api/dealspot/cities/fetch-all status=200 duration=20ms
2026-09-15 11:56:24.002  INFO 18540 --- [14efa2ec] [userId=3] [0.0-8080-exec-3] c.b.d.config.RequestLoggingFilter        : method=GET uri=/api/dealspot/store-branches/store/1/branches status=200 duration=29ms
2026-09-15 11:56:24.005  INFO 18540 --- [290fca41] [userId=3] [0.0-8080-exec-1] c.b.d.config.RequestLoggingFilter        : method=GET uri=/api/dealspot/stores/fetch-store/1 status=200 duration=33ms
2026-09-15 11:56:26.922  INFO 18540 --- [bcb0d46f] [userId=anonymous] [0.0-8080-exec-2] c.b.d.config.RequestLoggingFilter        : method=OPTIONS uri=/api/dealspot/offers/paged?page=0&size=20&storeId=1 status=200 duration=1ms
2026-09-15 11:56:26.932  INFO 18540 --- [9e4feb8d] [userId=anonymous] [0.0-8080-exec-8] c.b.d.config.RequestLoggingFilter        : method=OPTIONS uri=/api/dealspot/products/paged?page=0&size=30&sortBy=createdAt&direction=desc status=200 duration=1ms
2026-09-15 11:56:26.944 DEBUG 18540 --- [4b6b3f1e] [userId=3] [0.0-8080-exec-6] c.b.d.security.JwtAuthenticationFilter   : Authenticated user ID [3] with role(s) [[ROLE_STORE_MANAGER]] for URI [/api/dealspot/categories/fetch-categories]
2026-09-15 11:56:26.949 DEBUG 18540 --- [32f9d840] [userId=3] [0.0-8080-exec-7] c.b.d.security.JwtAuthenticationFilter   : Authenticated user ID [3] with role(s) [[ROLE_STORE_MANAGER]] for URI [/api/dealspot/stores/fetch-all-stores]
2026-09-15 11:56:26.953  INFO 18540 --- [4b6b3f1e] [userId=3] [0.0-8080-exec-6] c.b.d.config.RequestLoggingFilter        : method=GET uri=/api/dealspot/categories/fetch-categories status=200 duration=28ms
2026-09-15 11:56:26.954 DEBUG 18540 --- [bf16968f] [userId=3] [0.0-8080-exec-9] c.b.d.security.JwtAuthenticationFilter   : Authenticated user ID [3] with role(s) [[ROLE_STORE_MANAGER]] for URI [/api/dealspot/offers/paged]
2026-09-15 11:56:26.954 DEBUG 18540 --- [d14e8c11] [userId=3] [.0-8080-exec-10] c.b.d.security.JwtAuthenticationFilter   : Authenticated user ID [3] with role(s) [[ROLE_STORE_MANAGER]] for URI [/api/dealspot/cities/fetch-all]
2026-09-15 11:56:26.955 DEBUG 18540 --- [ab12ac5a] [userId=3] [0.0-8080-exec-5] c.b.d.security.JwtAuthenticationFilter   : Authenticated user ID [3] with role(s) [[ROLE_STORE_MANAGER]] for URI [/api/dealspot/products/paged]
2026-09-15 11:56:26.971  INFO 18540 --- [d14e8c11] [userId=3] [.0-8080-exec-10] c.b.d.config.RequestLoggingFilter        : method=GET uri=/api/dealspot/cities/fetch-all status=200 duration=39ms
2026-09-15 11:56:26.984  INFO 18540 --- [32f9d840] [userId=3] [0.0-8080-exec-7] c.b.d.config.RequestLoggingFilter        : method=GET uri=/api/dealspot/stores/fetch-all-stores status=200 duration=61ms
2026-09-15 11:56:27.155  INFO 18540 --- [bf16968f] [userId=3] [0.0-8080-exec-9] c.b.d.config.RequestLoggingFilter        : method=GET uri=/api/dealspot/offers/paged?page=0&size=20&storeId=1 status=200 duration=227ms
2026-09-15 11:56:27.320  INFO 18540 --- [ab12ac5a] [userId=3] [0.0-8080-exec-5] c.b.d.config.RequestLoggingFilter        : method=GET uri=/api/dealspot/products/paged?page=0&size=30&sortBy=createdAt&direction=desc status=200 duration=383ms
2026-09-15 11:57:19.397 DEBUG 18540 --- [4505f418] [userId=3] [0.0-8080-exec-4] c.b.d.security.JwtAuthenticationFilter   : Authenticated user ID [3] with role(s) [[ROLE_STORE_MANAGER]] for URI [/api/dealspot/notifications/unread-count]
2026-09-15 11:57:19.398 DEBUG 18540 --- [aebb8997] [userId=3] [0.0-8080-exec-3] c.b.d.security.JwtAuthenticationFilter   : Authenticated user ID [3] with role(s) [[ROLE_STORE_MANAGER]] for URI [/api/dealspot/notifications/my]
2026-09-15 11:57:19.409  INFO 18540 --- [aebb8997] [userId=3] [0.0-8080-exec-3] c.b.d.config.RequestLoggingFilter        : method=GET uri=/api/dealspot/notifications/my?page=0&size=5 status=200 duration=21ms
2026-09-15 11:57:19.409  INFO 18540 --- [4505f418] [userId=3] [0.0-8080-exec-4] c.b.d.config.RequestLoggingFilter        : method=GET uri=/api/dealspot/notifications/unread-count status=200 duration=23ms
2026-09-15 11:57:19.499 DEBUG 18540 --- [59cc2044] [userId=3] [0.0-8080-exec-2] c.b.d.security.JwtAuthenticationFilter   : Authenticated user ID [3] with role(s) [[ROLE_STORE_MANAGER]] for URI [/api/dealspot/stores/fetch-all-stores]
2026-09-15 11:57:19.514 DEBUG 18540 --- [54312682] [userId=3] [.0-8080-exec-10] c.b.d.security.JwtAuthenticationFilter   : Authenticated user ID [3] with role(s) [[ROLE_STORE_MANAGER]] for URI [/api/dealspot/products/paged]
2026-09-15 11:57:19.514 DEBUG 18540 --- [c20c5385] [userId=3] [0.0-8080-exec-8] c.b.d.security.JwtAuthenticationFilter   : Authenticated user ID [3] with role(s) [[ROLE_STORE_MANAGER]] for URI [/api/dealspot/categories/fetch-categories]
2026-09-15 11:57:19.515 DEBUG 18540 --- [b83553a6] [userId=3] [0.0-8080-exec-1] c.b.d.security.JwtAuthenticationFilter   : Authenticated user ID [3] with role(s) [[ROLE_STORE_MANAGER]] for URI [/api/dealspot/offers/paged]
2026-09-15 11:57:19.545 DEBUG 18540 --- [d1b0ae8d] [userId=3] [0.0-8080-exec-6] c.b.d.security.JwtAuthenticationFilter   : Authenticated user ID [3] with role(s) [[ROLE_STORE_MANAGER]] for URI [/api/dealspot/cities/fetch-all]
2026-09-15 11:57:19.546  INFO 18540 --- [c20c5385] [userId=3] [0.0-8080-exec-8] c.b.d.config.RequestLoggingFilter        : method=GET uri=/api/dealspot/categories/fetch-categories status=200 duration=116ms
2026-09-15 11:57:19.664  INFO 18540 --- [59cc2044] [userId=3] [0.0-8080-exec-2] c.b.d.config.RequestLoggingFilter        : method=GET uri=/api/dealspot/stores/fetch-all-stores status=200 duration=239ms
2026-09-15 11:57:19.682  INFO 18540 --- [d1b0ae8d] [userId=3] [0.0-8080-exec-6] c.b.d.config.RequestLoggingFilter        : method=GET uri=/api/dealspot/cities/fetch-all status=200 duration=181ms
2026-09-15 11:57:20.024  INFO 18540 --- [b83553a6] [userId=3] [0.0-8080-exec-1] c.b.d.config.RequestLoggingFilter        : method=GET uri=/api/dealspot/offers/paged?page=0&size=20&storeId=1 status=200 duration=599ms
2026-09-15 11:57:20.077  INFO 18540 --- [54312682] [userId=3] [.0-8080-exec-10] c.b.d.config.RequestLoggingFilter        : method=GET uri=/api/dealspot/products/paged?page=0&size=30&sortBy=createdAt&direction=desc status=200 duration=575ms
2026-09-15 12:08:46.055  INFO 18540 --- [NA] [userId=anonymous] [   File Watcher] rtingClassPathChangeChangedEventListener : Restarting due to 1 class path change (0 additions, 0 deletions, 1 modification)
2026-09-15 12:08:46.062  INFO 18540 --- [NA] [userId=anonymous] [      Thread-40] o.s.boot.tomcat.GracefulShutdown         : Commencing graceful shutdown. Waiting for active requests to complete
2026-09-15 12:08:46.504  INFO 18540 --- [NA] [userId=anonymous] [tomcat-shutdown] o.s.boot.tomcat.GracefulShutdown         : Graceful shutdown complete
2026-09-15 12:08:46.510  INFO 18540 --- [NA] [userId=anonymous] [      Thread-40] j.LocalContainerEntityManagerFactoryBean : Closing JPA EntityManagerFactory for persistence unit 'default'
2026-09-15 12:08:46.511  INFO 18540 --- [NA] [userId=anonymous] [      Thread-40] com.zaxxer.hikari.HikariDataSource       : HikariPool-12 - Shutdown initiated...
2026-09-15 12:08:46.516  INFO 18540 --- [NA] [userId=anonymous] [      Thread-40] com.zaxxer.hikari.HikariDataSource       : HikariPool-12 - Shutdown completed.
2026-09-15 12:08:46.761  INFO 18540 --- [NA] [userId=anonymous] [  restartedMain] c.backend.dealspot.DealspotApplication   : Starting DealspotApplication using Java 26.0.1 with PID 18540 (C:\Users\User\Desktop\DEVELOPMENT PROJECTS\DEALSPOT\SPRINGBOOT\target\classes started by User in C:\Users\User\Desktop\DEVELOPMENT PROJECTS\DEALSPOT\SPRINGBOOT)
2026-09-15 12:08:46.771 DEBUG 18540 --- [NA] [userId=anonymous] [  restartedMain] c.backend.dealspot.DealspotApplication   : Running with Spring Boot v4.0.6, Spring v7.0.7
2026-09-15 12:08:46.772  INFO 18540 --- [NA] [userId=anonymous] [  restartedMain] c.backend.dealspot.DealspotApplication   : No active profile set, falling back to 1 default profile: "default"
2026-09-15 12:08:47.898  INFO 18540 --- [NA] [userId=anonymous] [  restartedMain] .s.d.r.c.RepositoryConfigurationDelegate : Bootstrapping Spring Data JPA repositories in DEFAULT mode.
2026-09-15 12:08:48.221  INFO 18540 --- [NA] [userId=anonymous] [  restartedMain] .s.d.r.c.RepositoryConfigurationDelegate : Finished Spring Data repository scanning in 320 ms. Found 22 JPA repository interfaces.
2026-09-15 12:08:48.662  INFO 18540 --- [NA] [userId=anonymous] [  restartedMain] o.s.boot.tomcat.TomcatWebServer          : Tomcat initialized with port 8080 (http)
2026-09-15 12:08:48.666  INFO 18540 --- [NA] [userId=anonymous] [  restartedMain] o.apache.catalina.core.StandardService   : Starting service [Tomcat]
2026-09-15 12:08:48.666  INFO 18540 --- [NA] [userId=anonymous] [  restartedMain] o.apache.catalina.core.StandardEngine    : Starting Servlet engine: [Apache Tomcat/11.0.21]
2026-09-15 12:08:48.735  INFO 18540 --- [NA] [userId=anonymous] [  restartedMain] b.w.c.s.WebApplicationContextInitializer : Root WebApplicationContext: initialization completed in 1935 ms
2026-09-15 12:08:48.878  INFO 18540 --- [NA] [userId=anonymous] [  restartedMain] org.hibernate.orm.jpa                    : HHH008540: Processing PersistenceUnitInfo [name: default]
2026-09-15 12:08:48.972  INFO 18540 --- [NA] [userId=anonymous] [  restartedMain] o.s.o.j.p.SpringPersistenceUnitInfo      : No LoadTimeWeaver setup: ignoring JPA class transformer
2026-09-15 12:08:48.977  INFO 18540 --- [NA] [userId=anonymous] [  restartedMain] com.zaxxer.hikari.HikariDataSource       : HikariPool-13 - Starting...
2026-09-15 12:08:53.927  INFO 18540 --- [NA] [userId=anonymous] [  restartedMain] com.zaxxer.hikari.pool.HikariPool        : HikariPool-13 - Added connection com.mysql.cj.jdbc.ConnectionImpl@18900a52
2026-09-15 12:08:53.927  INFO 18540 --- [NA] [userId=anonymous] [  restartedMain] com.zaxxer.hikari.HikariDataSource       : HikariPool-13 - Start completed.
2026-09-15 12:08:53.931  INFO 18540 --- [NA] [userId=anonymous] [  restartedMain] org.hibernate.orm.connections.pooling    : HHH10001005: Database info:
	Database JDBC URL [jdbc:mysql://192.168.1.110:3306/dealspot_test?useSSL=false&serverTimezone=UTC]
	Database driver: MySQL Connector/J
	Database dialect: MySQLDialect
	Database version: 8.0.46
	Default catalog/schema: dealspot_test/undefined
	Autocommit mode: undefined/unknown
	Isolation level: REPEATABLE_READ [default REPEATABLE_READ]
	JDBC fetch size: none
	Pool: DataSourceConnectionProvider
	Minimum pool size: undefined/unknown
	Maximum pool size: undefined/unknown
2026-09-15 12:08:54.666  INFO 18540 --- [NA] [userId=anonymous] [  restartedMain] org.hibernate.orm.core                   : HHH000489: No JTA platform available (set 'hibernate.transaction.jta.platform' to enable JTA platform integration)
2026-09-15 12:08:54.667  INFO 18540 --- [NA] [userId=anonymous] [  restartedMain] org.hibernate.orm.jdbc.batch             : HHH100501: Automatic JDBC statement batching enabled (maximum batch size 500)
2026-09-15 12:08:54.909  INFO 18540 --- [NA] [userId=anonymous] [  restartedMain] j.LocalContainerEntityManagerFactoryBean : Initialized JPA EntityManagerFactory for persistence unit 'default'
2026-09-15 12:08:55.398 DEBUG 18540 --- [NA] [userId=anonymous] [  restartedMain] c.b.d.security.JwtAuthenticationFilter   : Filter 'jwtAuthenticationFilter' configured for use
2026-09-15 12:08:55.399 DEBUG 18540 --- [NA] [userId=anonymous] [  restartedMain] c.b.d.config.RequestLoggingFilter        : Filter 'requestLoggingFilter' configured for use
2026-09-15 12:08:56.426  WARN 18540 --- [NA] [userId=anonymous] [  restartedMain] JpaBaseConfiguration$JpaWebConfiguration : spring.jpa.open-in-view is enabled by default. Therefore, database queries may be performed during view rendering. Explicitly configure spring.jpa.open-in-view to disable this warning
2026-09-15 12:08:57.337  INFO 18540 --- [NA] [userId=anonymous] [  restartedMain] o.s.boot.tomcat.TomcatWebServer          : Tomcat started on port 8080 (http) with context path '/'
2026-09-15 12:08:57.341  INFO 18540 --- [NA] [userId=anonymous] [  restartedMain] c.backend.dealspot.DealspotApplication   : Started DealspotApplication in 10.667 seconds (process running for 5151.069)
2026-09-15 12:08:57.355  INFO 18540 --- [NA] [userId=anonymous] [  restartedMain] .ConditionEvaluationDeltaLoggingListener : Condition evaluation unchanged
2026-09-15 12:27:08.224  INFO 18540 --- [NA] [userId=anonymous] [0.0-8080-exec-4] o.a.c.c.C.[Tomcat-2].[localhost].[/]     : Initializing Spring DispatcherServlet 'dispatcherServlet'
2026-09-15 12:27:08.224  INFO 18540 --- [NA] [userId=anonymous] [0.0-8080-exec-4] o.s.web.servlet.DispatcherServlet        : Initializing Servlet 'dispatcherServlet'
2026-09-15 12:27:08.230  INFO 18540 --- [NA] [userId=anonymous] [0.0-8080-exec-4] o.s.web.servlet.DispatcherServlet        : Completed initialization in 5 ms
2026-09-15 12:27:08.287  INFO 18540 --- [30b1039d] [userId=anonymous] [0.0-8080-exec-4] c.b.d.config.RequestLoggingFilter        : method=GET uri=/api/dealspot/cities/fetch-all status=200 duration=57ms
2026-09-15 12:27:08.306  INFO 18540 --- [d1f1c3c3] [userId=anonymous] [0.0-8080-exec-3] c.b.d.config.RequestLoggingFilter        : method=GET uri=/api/dealspot/cities/fetch-all status=200 duration=16ms
2026-09-15 12:35:42.393  WARN 18540 --- [fb5fa9c7] [userId=anonymous] [0.0-8080-exec-6] ration$PageModule$WarningLoggingModifier : Serializing PageImpl instances as-is is not supported, meaning that there is no guarantee about the stability of the resulting JSON structure!
	For a stable JSON structure, please use Spring Data's PagedModel (globally via @EnableSpringDataWebSupport(pageSerializationMode = VIA_DTO))
	or Spring HATEOAS and Spring Data's PagedResourcesAssembler as documented in https://docs.spring.io/spring-data/commons/reference/repositories/core-extensions.html#core.web.pageables.

2026-09-15 12:35:42.409  INFO 18540 --- [b3ca1239] [userId=anonymous] [0.0-8080-exec-2] c.b.d.config.RequestLoggingFilter        : method=GET uri=/api/flyers/fetch-all-flyers status=200 duration=47ms
2026-09-15 12:35:42.409  INFO 18540 --- [fb5fa9c7] [userId=anonymous] [0.0-8080-exec-6] c.b.d.config.RequestLoggingFilter        : method=GET uri=/api/dealspot/brands/search?page=0&size=15&featured=true status=200 duration=46ms
2026-09-15 12:35:42.425  INFO 18540 --- [b2067317] [userId=anonymous] [0.0-8080-exec-9] c.b.d.config.RequestLoggingFilter        : method=GET uri=/api/dealspot/stores/fetch-all-stores status=200 duration=63ms
2026-09-15 12:35:42.431  INFO 18540 --- [2ebcbf8b] [userId=anonymous] [.0-8080-exec-10] c.b.d.config.RequestLoggingFilter        : method=GET uri=/api/dealspot/categories/fetch-categories status=200 duration=69ms
2026-09-15 12:35:42.582  INFO 18540 --- [cb6e21fb] [userId=anonymous] [0.0-8080-exec-7] c.b.d.config.RequestLoggingFilter        : method=GET uri=/api/dealspot/stores/fetch-all-stores status=200 duration=92ms
2026-09-15 12:35:42.702  INFO 18540 --- [39efeecd] [userId=anonymous] [0.0-8080-exec-1] c.b.d.config.RequestLoggingFilter        : method=GET uri=/api/dealspot/offers/fetch-all-offers status=200 duration=340ms
2026-09-15 12:35:46.366  INFO 18540 --- [780afa21] [userId=anonymous] [0.0-8080-exec-8] c.b.d.config.RequestLoggingFilter        : method=GET uri=/api/dealspot/cities/fetch-all status=200 duration=19ms
2026-09-15 12:36:07.479  INFO 18540 --- [211929a5] [userId=anonymous] [0.0-8080-exec-4] c.b.d.config.RequestLoggingFilter        : method=OPTIONS uri=/api/dealspot/auth/admin/login status=200 duration=2ms
2026-09-15 12:36:07.486 DEBUG 18540 --- [06c62bd1] [userId=anonymous] [0.0-8080-exec-3] c.b.dealspot.controller.AuthController   : Admin login attempt for email: lulu@1.com
2026-09-15 12:36:07.600  INFO 18540 --- [06c62bd1] [userId=anonymous] [0.0-8080-exec-3] c.b.dealspot.controller.AuthController   : Admin login successful for email: lulu@1.com
2026-09-15 12:36:07.607  INFO 18540 --- [06c62bd1] [userId=anonymous] [0.0-8080-exec-3] c.b.d.config.RequestLoggingFilter        : method=POST uri=/api/dealspot/auth/admin/login status=200 duration=125ms
2026-09-15 12:36:08.145  INFO 18540 --- [def48c7f] [userId=anonymous] [0.0-8080-exec-2] c.b.d.config.RequestLoggingFilter        : method=OPTIONS uri=/api/dealspot/notifications/my?page=0&size=5 status=200 duration=2ms
2026-09-15 12:36:08.149  INFO 18540 --- [57139bfb] [userId=anonymous] [0.0-8080-exec-5] c.b.d.config.RequestLoggingFilter        : method=OPTIONS uri=/api/dealspot/notifications/unread-count status=200 duration=9ms
2026-09-15 12:36:08.171  INFO 18540 --- [c0917dd3] [userId=anonymous] [.0-8080-exec-10] c.b.d.config.RequestLoggingFilter        : method=OPTIONS uri=/api/dealspot/stores/fetch-store/1 status=200 duration=3ms
2026-09-15 12:36:08.174  INFO 18540 --- [a8e84b7e] [userId=anonymous] [0.0-8080-exec-7] c.b.d.config.RequestLoggingFilter        : method=OPTIONS uri=/api/dealspot/store-branches/store/1/branches status=200 duration=6ms
2026-09-15 12:36:08.183  INFO 18540 --- [34fa63e5] [userId=anonymous] [0.0-8080-exec-8] c.b.d.config.RequestLoggingFilter        : method=OPTIONS uri=/api/flyers/fetch-all-flyers status=200 duration=5ms
2026-09-15 12:36:08.187  INFO 18540 --- [6e870f4c] [userId=anonymous] [0.0-8080-exec-1] c.b.d.config.RequestLoggingFilter        : method=OPTIONS uri=/api/dealspot/offers/fetch-all-offers?storeId=1&includeExpired=true status=200 duration=14ms
2026-09-15 12:36:08.189  INFO 18540 --- [e80e1b8b] [userId=anonymous] [0.0-8080-exec-4] c.b.d.config.RequestLoggingFilter        : method=OPTIONS uri=/api/dealspot/stores/1/followers-count status=200 duration=6ms
2026-09-15 12:36:08.193  INFO 18540 --- [19a799ed] [userId=anonymous] [0.0-8080-exec-3] c.b.d.config.RequestLoggingFilter        : method=OPTIONS uri=/api/coupons/fetch-all status=200 duration=1ms
2026-09-15 12:36:08.259 DEBUG 18540 --- [80324d1f] [userId=3] [0.0-8080-exec-6] c.b.d.security.JwtAuthenticationFilter   : Authenticated user ID [3] with role(s) [[ROLE_STORE_MANAGER]] for URI [/api/dealspot/notifications/unread-count]
2026-09-15 12:36:08.259 DEBUG 18540 --- [e62e3254] [userId=3] [0.0-8080-exec-5] c.b.d.security.JwtAuthenticationFilter   : Authenticated user ID [3] with role(s) [[ROLE_STORE_MANAGER]] for URI [/api/dealspot/notifications/my]
2026-09-15 12:36:08.260 DEBUG 18540 --- [c47dd351] [userId=3] [.0-8080-exec-10] c.b.d.security.JwtAuthenticationFilter   : Authenticated user ID [3] with role(s) [[ROLE_STORE_MANAGER]] for URI [/api/flyers/fetch-all-flyers]
2026-09-15 12:36:08.266 DEBUG 18540 --- [52e21545] [userId=3] [0.0-8080-exec-7] c.b.d.security.JwtAuthenticationFilter   : Authenticated user ID [3] with role(s) [[ROLE_STORE_MANAGER]] for URI [/api/dealspot/stores/1/followers-count]
2026-09-15 12:36:08.266 DEBUG 18540 --- [3940144d] [userId=3] [0.0-8080-exec-9] c.b.d.security.JwtAuthenticationFilter   : Authenticated user ID [3] with role(s) [[ROLE_STORE_MANAGER]] for URI [/api/dealspot/store-branches/store/1/branches]
2026-09-15 12:36:08.272 DEBUG 18540 --- [a5282a93] [userId=3] [0.0-8080-exec-2] c.b.d.security.JwtAuthenticationFilter   : Authenticated user ID [3] with role(s) [[ROLE_STORE_MANAGER]] for URI [/api/dealspot/stores/fetch-store/1]
2026-09-15 12:36:08.290  INFO 18540 --- [80324d1f] [userId=3] [0.0-8080-exec-6] c.b.d.config.RequestLoggingFilter        : method=GET uri=/api/dealspot/notifications/unread-count status=200 duration=131ms
2026-09-15 12:36:08.290  INFO 18540 --- [52e21545] [userId=3] [0.0-8080-exec-7] c.b.d.config.RequestLoggingFilter        : method=GET uri=/api/dealspot/stores/1/followers-count status=200 duration=77ms
2026-09-15 12:36:08.292  INFO 18540 --- [e62e3254] [userId=3] [0.0-8080-exec-5] c.b.d.config.RequestLoggingFilter        : method=GET uri=/api/dealspot/notifications/my?page=0&size=5 status=200 duration=135ms
2026-09-15 12:36:08.292  INFO 18540 --- [c47dd351] [userId=3] [.0-8080-exec-10] c.b.d.config.RequestLoggingFilter        : method=GET uri=/api/flyers/fetch-all-flyers status=200 duration=81ms
2026-09-15 12:36:08.315  INFO 18540 --- [3940144d] [userId=3] [0.0-8080-exec-9] c.b.d.config.RequestLoggingFilter        : method=GET uri=/api/dealspot/store-branches/store/1/branches status=200 duration=113ms
2026-09-15 12:36:08.317 DEBUG 18540 --- [db96a2a5] [userId=3] [0.0-8080-exec-8] c.b.d.security.JwtAuthenticationFilter   : Authenticated user ID [3] with role(s) [[ROLE_STORE_MANAGER]] for URI [/api/dealspot/offers/fetch-all-offers]
2026-09-15 12:36:08.317 DEBUG 18540 --- [b8f02a16] [userId=3] [0.0-8080-exec-1] c.b.d.security.JwtAuthenticationFilter   : Authenticated user ID [3] with role(s) [[ROLE_STORE_MANAGER]] for URI [/api/coupons/fetch-all]
2026-09-15 12:36:08.318  INFO 18540 --- [a5282a93] [userId=3] [0.0-8080-exec-2] c.b.d.config.RequestLoggingFilter        : method=GET uri=/api/dealspot/stores/fetch-store/1 status=200 duration=117ms
2026-09-15 12:36:08.356  INFO 18540 --- [b8f02a16] [userId=3] [0.0-8080-exec-1] c.b.d.config.RequestLoggingFilter        : method=GET uri=/api/coupons/fetch-all status=200 duration=54ms
2026-09-15 12:36:08.565  INFO 18540 --- [db96a2a5] [userId=3] [0.0-8080-exec-8] c.b.d.config.RequestLoggingFilter        : method=GET uri=/api/dealspot/offers/fetch-all-offers?storeId=1&includeExpired=true status=200 duration=266ms
2026-09-15 12:40:22.812  INFO 18540 --- [NA] [userId=anonymous] [   File Watcher] rtingClassPathChangeChangedEventListener : Restarting due to 17 class path changes (0 additions, 0 deletions, 17 modifications)
2026-09-15 12:40:22.815  INFO 18540 --- [NA] [userId=anonymous] [      Thread-47] o.s.boot.tomcat.GracefulShutdown         : Commencing graceful shutdown. Waiting for active requests to complete
2026-09-15 12:40:22.822  INFO 18540 --- [NA] [userId=anonymous] [tomcat-shutdown] o.s.boot.tomcat.GracefulShutdown         : Graceful shutdown complete
2026-09-15 12:40:22.828  INFO 18540 --- [NA] [userId=anonymous] [      Thread-47] j.LocalContainerEntityManagerFactoryBean : Closing JPA EntityManagerFactory for persistence unit 'default'
2026-09-15 12:40:22.830  INFO 18540 --- [NA] [userId=anonymous] [      Thread-47] com.zaxxer.hikari.HikariDataSource       : HikariPool-13 - Shutdown initiated...
2026-09-15 12:40:22.832  INFO 18540 --- [NA] [userId=anonymous] [      Thread-47] com.zaxxer.hikari.HikariDataSource       : HikariPool-13 - Shutdown completed.
2026-09-15 12:40:23.102  INFO 18540 --- [NA] [userId=anonymous] [  restartedMain] c.backend.dealspot.DealspotApplication   : Starting DealspotApplication using Java 26.0.1 with PID 18540 (C:\Users\User\Desktop\DEVELOPMENT PROJECTS\DEALSPOT\SPRINGBOOT\target\classes started by User in C:\Users\User\Desktop\DEVELOPMENT PROJECTS\DEALSPOT\SPRINGBOOT)
2026-09-15 12:40:23.102 DEBUG 18540 --- [NA] [userId=anonymous] [  restartedMain] c.backend.dealspot.DealspotApplication   : Running with Spring Boot v4.0.6, Spring v7.0.7
2026-09-15 12:40:23.102  INFO 18540 --- [NA] [userId=anonymous] [  restartedMain] c.backend.dealspot.DealspotApplication   : No active profile set, falling back to 1 default profile: "default"
2026-09-15 12:40:23.614  INFO 18540 --- [NA] [userId=anonymous] [  restartedMain] .s.d.r.c.RepositoryConfigurationDelegate : Bootstrapping Spring Data JPA repositories in DEFAULT mode.
2026-09-15 12:40:23.854  INFO 18540 --- [NA] [userId=anonymous] [  restartedMain] .s.d.r.c.RepositoryConfigurationDelegate : Finished Spring Data repository scanning in 237 ms. Found 22 JPA repository interfaces.
2026-09-15 12:40:24.165  INFO 18540 --- [NA] [userId=anonymous] [  restartedMain] o.s.boot.tomcat.TomcatWebServer          : Tomcat initialized with port 8080 (http)
2026-09-15 12:40:24.167  INFO 18540 --- [NA] [userId=anonymous] [  restartedMain] o.apache.catalina.core.StandardService   : Starting service [Tomcat]
2026-09-15 12:40:24.167  INFO 18540 --- [NA] [userId=anonymous] [  restartedMain] o.apache.catalina.core.StandardEngine    : Starting Servlet engine: [Apache Tomcat/11.0.21]
2026-09-15 12:40:24.216  INFO 18540 --- [NA] [userId=anonymous] [  restartedMain] b.w.c.s.WebApplicationContextInitializer : Root WebApplicationContext: initialization completed in 1110 ms
2026-09-15 12:40:24.341  INFO 18540 --- [NA] [userId=anonymous] [  restartedMain] org.hibernate.orm.jpa                    : HHH008540: Processing PersistenceUnitInfo [name: default]
2026-09-15 12:40:24.484  INFO 18540 --- [NA] [userId=anonymous] [  restartedMain] o.s.o.j.p.SpringPersistenceUnitInfo      : No LoadTimeWeaver setup: ignoring JPA class transformer
2026-09-15 12:40:24.501  INFO 18540 --- [NA] [userId=anonymous] [  restartedMain] com.zaxxer.hikari.HikariDataSource       : HikariPool-14 - Starting...
2026-09-15 12:40:29.660  INFO 18540 --- [NA] [userId=anonymous] [  restartedMain] com.zaxxer.hikari.pool.HikariPool        : HikariPool-14 - Added connection com.mysql.cj.jdbc.ConnectionImpl@f6459aa
2026-09-15 12:40:29.660  INFO 18540 --- [NA] [userId=anonymous] [  restartedMain] com.zaxxer.hikari.HikariDataSource       : HikariPool-14 - Start completed.
2026-09-15 12:40:29.669  INFO 18540 --- [NA] [userId=anonymous] [  restartedMain] org.hibernate.orm.connections.pooling    : HHH10001005: Database info:
	Database JDBC URL [jdbc:mysql://192.168.1.110:3306/dealspot_test?useSSL=false&serverTimezone=UTC]
	Database driver: MySQL Connector/J
	Database dialect: MySQLDialect
	Database version: 8.0.46
	Default catalog/schema: dealspot_test/undefined
	Autocommit mode: undefined/unknown
	Isolation level: REPEATABLE_READ [default REPEATABLE_READ]
	JDBC fetch size: none
	Pool: DataSourceConnectionProvider
	Minimum pool size: undefined/unknown
	Maximum pool size: undefined/unknown
2026-09-15 12:40:31.141  INFO 18540 --- [NA] [userId=anonymous] [  restartedMain] org.hibernate.orm.core                   : HHH000489: No JTA platform available (set 'hibernate.transaction.jta.platform' to enable JTA platform integration)
2026-09-15 12:40:31.141  INFO 18540 --- [NA] [userId=anonymous] [  restartedMain] org.hibernate.orm.jdbc.batch             : HHH100501: Automatic JDBC statement batching enabled (maximum batch size 500)
2026-09-15 12:40:31.466  INFO 18540 --- [NA] [userId=anonymous] [  restartedMain] j.LocalContainerEntityManagerFactoryBean : Initialized JPA EntityManagerFactory for persistence unit 'default'
2026-09-15 12:40:31.693 DEBUG 18540 --- [NA] [userId=anonymous] [  restartedMain] c.b.d.security.JwtAuthenticationFilter   : Filter 'jwtAuthenticationFilter' configured for use
2026-09-15 12:40:31.693 DEBUG 18540 --- [NA] [userId=anonymous] [  restartedMain] c.b.d.config.RequestLoggingFilter        : Filter 'requestLoggingFilter' configured for use
2026-09-15 12:40:32.362  WARN 18540 --- [NA] [userId=anonymous] [  restartedMain] JpaBaseConfiguration$JpaWebConfiguration : spring.jpa.open-in-view is enabled by default. Therefore, database queries may be performed during view rendering. Explicitly configure spring.jpa.open-in-view to disable this warning
2026-09-15 12:40:32.793  INFO 18540 --- [NA] [userId=anonymous] [  restartedMain] o.s.boot.tomcat.TomcatWebServer          : Tomcat started on port 8080 (http) with context path '/'
2026-09-15 12:40:32.796  INFO 18540 --- [NA] [userId=anonymous] [  restartedMain] c.backend.dealspot.DealspotApplication   : Started DealspotApplication in 9.796 seconds (process running for 7046.525)
2026-09-15 12:40:32.812  INFO 18540 --- [NA] [userId=anonymous] [  restartedMain] .ConditionEvaluationDeltaLoggingListener : Condition evaluation unchanged
2026-09-15 12:40:35.343  INFO 18540 --- [NA] [userId=anonymous] [   File Watcher] rtingClassPathChangeChangedEventListener : Restarting due to 2 class path changes (0 additions, 0 deletions, 2 modifications)
2026-09-15 12:40:35.345  INFO 18540 --- [NA] [userId=anonymous] [      Thread-51] o.s.boot.tomcat.GracefulShutdown         : Commencing graceful shutdown. Waiting for active requests to complete
2026-09-15 12:40:35.355  INFO 18540 --- [NA] [userId=anonymous] [tomcat-shutdown] o.s.boot.tomcat.GracefulShutdown         : Graceful shutdown complete
2026-09-15 12:40:35.369  INFO 18540 --- [NA] [userId=anonymous] [      Thread-51] j.LocalContainerEntityManagerFactoryBean : Closing JPA EntityManagerFactory for persistence unit 'default'
2026-09-15 12:40:35.371  INFO 18540 --- [NA] [userId=anonymous] [      Thread-51] com.zaxxer.hikari.HikariDataSource       : HikariPool-14 - Shutdown initiated...
2026-09-15 12:40:39.514  INFO 18540 --- [NA] [userId=anonymous] [      Thread-51] com.zaxxer.hikari.HikariDataSource       : HikariPool-14 - Shutdown completed.
2026-09-15 12:40:39.716  INFO 18540 --- [NA] [userId=anonymous] [  restartedMain] c.backend.dealspot.DealspotApplication   : Starting DealspotApplication using Java 26.0.1 with PID 18540 (C:\Users\User\Desktop\DEVELOPMENT PROJECTS\DEALSPOT\SPRINGBOOT\target\classes started by User in C:\Users\User\Desktop\DEVELOPMENT PROJECTS\DEALSPOT\SPRINGBOOT)
2026-09-15 12:40:39.716 DEBUG 18540 --- [NA] [userId=anonymous] [  restartedMain] c.backend.dealspot.DealspotApplication   : Running with Spring Boot v4.0.6, Spring v7.0.7
2026-09-15 12:40:39.716  INFO 18540 --- [NA] [userId=anonymous] [  restartedMain] c.backend.dealspot.DealspotApplication   : No active profile set, falling back to 1 default profile: "default"
2026-09-15 12:40:40.053  INFO 18540 --- [NA] [userId=anonymous] [  restartedMain] .s.d.r.c.RepositoryConfigurationDelegate : Bootstrapping Spring Data JPA repositories in DEFAULT mode.
2026-09-15 12:40:40.165  INFO 18540 --- [NA] [userId=anonymous] [  restartedMain] .s.d.r.c.RepositoryConfigurationDelegate : Finished Spring Data repository scanning in 110 ms. Found 22 JPA repository interfaces.
2026-09-15 12:40:40.352  INFO 18540 --- [NA] [userId=anonymous] [  restartedMain] o.s.boot.tomcat.TomcatWebServer          : Tomcat initialized with port 8080 (http)
2026-09-15 12:40:40.353  INFO 18540 --- [NA] [userId=anonymous] [  restartedMain] o.apache.catalina.core.StandardService   : Starting service [Tomcat]
2026-09-15 12:40:40.353  INFO 18540 --- [NA] [userId=anonymous] [  restartedMain] o.apache.catalina.core.StandardEngine    : Starting Servlet engine: [Apache Tomcat/11.0.21]
2026-09-15 12:40:40.396  INFO 18540 --- [NA] [userId=anonymous] [  restartedMain] b.w.c.s.WebApplicationContextInitializer : Root WebApplicationContext: initialization completed in 678 ms
2026-09-15 12:40:40.463  INFO 18540 --- [NA] [userId=anonymous] [  restartedMain] org.hibernate.orm.jpa                    : HHH008540: Processing PersistenceUnitInfo [name: default]
2026-09-15 12:40:40.511  INFO 18540 --- [NA] [userId=anonymous] [  restartedMain] o.s.o.j.p.SpringPersistenceUnitInfo      : No LoadTimeWeaver setup: ignoring JPA class transformer
2026-09-15 12:40:40.513  INFO 18540 --- [NA] [userId=anonymous] [  restartedMain] com.zaxxer.hikari.HikariDataSource       : HikariPool-15 - Starting...
2026-09-15 12:40:45.481  INFO 18540 --- [NA] [userId=anonymous] [  restartedMain] com.zaxxer.hikari.pool.HikariPool        : HikariPool-15 - Added connection com.mysql.cj.jdbc.ConnectionImpl@44870bf
2026-09-15 12:40:45.482  INFO 18540 --- [NA] [userId=anonymous] [  restartedMain] com.zaxxer.hikari.HikariDataSource       : HikariPool-15 - Start completed.
2026-09-15 12:40:45.485  INFO 18540 --- [NA] [userId=anonymous] [  restartedMain] org.hibernate.orm.connections.pooling    : HHH10001005: Database info:
	Database JDBC URL [jdbc:mysql://192.168.1.110:3306/dealspot_test?useSSL=false&serverTimezone=UTC]
	Database driver: MySQL Connector/J
	Database dialect: MySQLDialect
	Database version: 8.0.46
	Default catalog/schema: dealspot_test/undefined
	Autocommit mode: undefined/unknown
	Isolation level: REPEATABLE_READ [default REPEATABLE_READ]
	JDBC fetch size: none
	Pool: DataSourceConnectionProvider
	Minimum pool size: undefined/unknown
	Maximum pool size: undefined/unknown
2026-09-15 12:40:45.972  INFO 18540 --- [NA] [userId=anonymous] [  restartedMain] org.hibernate.orm.core                   : HHH000489: No JTA platform available (set 'hibernate.transaction.jta.platform' to enable JTA platform integration)
2026-09-15 12:40:45.973  INFO 18540 --- [NA] [userId=anonymous] [  restartedMain] org.hibernate.orm.jdbc.batch             : HHH100501: Automatic JDBC statement batching enabled (maximum batch size 500)
2026-09-15 12:40:46.453  INFO 18540 --- [NA] [userId=anonymous] [  restartedMain] j.LocalContainerEntityManagerFactoryBean : Initialized JPA EntityManagerFactory for persistence unit 'default'
2026-09-15 12:40:46.825 DEBUG 18540 --- [NA] [userId=anonymous] [  restartedMain] c.b.d.security.JwtAuthenticationFilter   : Filter 'jwtAuthenticationFilter' configured for use
2026-09-15 12:40:46.825 DEBUG 18540 --- [NA] [userId=anonymous] [  restartedMain] c.b.d.config.RequestLoggingFilter        : Filter 'requestLoggingFilter' configured for use
2026-09-15 12:40:47.678  WARN 18540 --- [NA] [userId=anonymous] [  restartedMain] JpaBaseConfiguration$JpaWebConfiguration : spring.jpa.open-in-view is enabled by default. Therefore, database queries may be performed during view rendering. Explicitly configure spring.jpa.open-in-view to disable this warning
2026-09-15 12:40:48.221  INFO 18540 --- [NA] [userId=anonymous] [  restartedMain] o.s.boot.tomcat.TomcatWebServer          : Tomcat started on port 8080 (http) with context path '/'
2026-09-15 12:40:48.225  INFO 18540 --- [NA] [userId=anonymous] [  restartedMain] c.backend.dealspot.DealspotApplication   : Started DealspotApplication in 8.576 seconds (process running for 7061.954)
2026-09-15 12:40:48.244  INFO 18540 --- [NA] [userId=anonymous] [  restartedMain] .ConditionEvaluationDeltaLoggingListener : Condition evaluation unchanged
2026-09-15 12:40:55.613  INFO 18540 --- [NA] [userId=anonymous] [   File Watcher] rtingClassPathChangeChangedEventListener : Restarting due to 2 class path changes (0 additions, 0 deletions, 2 modifications)
2026-09-15 12:40:55.618  INFO 18540 --- [NA] [userId=anonymous] [      Thread-55] o.s.boot.tomcat.GracefulShutdown         : Commencing graceful shutdown. Waiting for active requests to complete
2026-09-15 12:40:55.628  INFO 18540 --- [NA] [userId=anonymous] [tomcat-shutdown] o.s.boot.tomcat.GracefulShutdown         : Graceful shutdown complete
2026-09-15 12:40:55.631  INFO 18540 --- [NA] [userId=anonymous] [      Thread-55] j.LocalContainerEntityManagerFactoryBean : Closing JPA EntityManagerFactory for persistence unit 'default'
2026-09-15 12:40:55.632  INFO 18540 --- [NA] [userId=anonymous] [      Thread-55] com.zaxxer.hikari.HikariDataSource       : HikariPool-15 - Shutdown initiated...
2026-09-15 12:40:59.750  INFO 18540 --- [NA] [userId=anonymous] [      Thread-55] com.zaxxer.hikari.HikariDataSource       : HikariPool-15 - Shutdown completed.
2026-09-15 12:40:59.874  INFO 18540 --- [NA] [userId=anonymous] [  restartedMain] c.backend.dealspot.DealspotApplication   : Starting DealspotApplication using Java 26.0.1 with PID 18540 (C:\Users\User\Desktop\DEVELOPMENT PROJECTS\DEALSPOT\SPRINGBOOT\target\classes started by User in C:\Users\User\Desktop\DEVELOPMENT PROJECTS\DEALSPOT\SPRINGBOOT)
2026-09-15 12:40:59.874 DEBUG 18540 --- [NA] [userId=anonymous] [  restartedMain] c.backend.dealspot.DealspotApplication   : Running with Spring Boot v4.0.6, Spring v7.0.7
2026-09-15 12:40:59.875  INFO 18540 --- [NA] [userId=anonymous] [  restartedMain] c.backend.dealspot.DealspotApplication   : No active profile set, falling back to 1 default profile: "default"
2026-09-15 12:41:00.171  INFO 18540 --- [NA] [userId=anonymous] [  restartedMain] .s.d.r.c.RepositoryConfigurationDelegate : Bootstrapping Spring Data JPA repositories in DEFAULT mode.
2026-09-15 12:41:00.240  INFO 18540 --- [NA] [userId=anonymous] [  restartedMain] .s.d.r.c.RepositoryConfigurationDelegate : Finished Spring Data repository scanning in 67 ms. Found 22 JPA repository interfaces.
2026-09-15 12:41:00.373  INFO 18540 --- [NA] [userId=anonymous] [  restartedMain] o.s.boot.tomcat.TomcatWebServer          : Tomcat initialized with port 8080 (http)
2026-09-15 12:41:00.374  INFO 18540 --- [NA] [userId=anonymous] [  restartedMain] o.apache.catalina.core.StandardService   : Starting service [Tomcat]
2026-09-15 12:41:00.374  INFO 18540 --- [NA] [userId=anonymous] [  restartedMain] o.apache.catalina.core.StandardEngine    : Starting Servlet engine: [Apache Tomcat/11.0.21]
2026-09-15 12:41:00.415  INFO 18540 --- [NA] [userId=anonymous] [  restartedMain] b.w.c.s.WebApplicationContextInitializer : Root WebApplicationContext: initialization completed in 538 ms
2026-09-15 12:41:00.475  INFO 18540 --- [NA] [userId=anonymous] [  restartedMain] org.hibernate.orm.jpa                    : HHH008540: Processing PersistenceUnitInfo [name: default]
2026-09-15 12:41:00.514  INFO 18540 --- [NA] [userId=anonymous] [  restartedMain] o.s.o.j.p.SpringPersistenceUnitInfo      : No LoadTimeWeaver setup: ignoring JPA class transformer
2026-09-15 12:41:00.515  INFO 18540 --- [NA] [userId=anonymous] [  restartedMain] com.zaxxer.hikari.HikariDataSource       : HikariPool-16 - Starting...
2026-09-15 12:41:05.478  INFO 18540 --- [NA] [userId=anonymous] [  restartedMain] com.zaxxer.hikari.pool.HikariPool        : HikariPool-16 - Added connection com.mysql.cj.jdbc.ConnectionImpl@3bfa4dd6
2026-09-15 12:41:05.479  INFO 18540 --- [NA] [userId=anonymous] [  restartedMain] com.zaxxer.hikari.HikariDataSource       : HikariPool-16 - Start completed.
2026-09-15 12:41:05.483  INFO 18540 --- [NA] [userId=anonymous] [  restartedMain] org.hibernate.orm.connections.pooling    : HHH10001005: Database info:
	Database JDBC URL [jdbc:mysql://192.168.1.110:3306/dealspot_test?useSSL=false&serverTimezone=UTC]
	Database driver: MySQL Connector/J
	Database dialect: MySQLDialect
	Database version: 8.0.46
	Default catalog/schema: dealspot_test/undefined
	Autocommit mode: undefined/unknown
	Isolation level: REPEATABLE_READ [default REPEATABLE_READ]
	JDBC fetch size: none
	Pool: DataSourceConnectionProvider
	Minimum pool size: undefined/unknown
	Maximum pool size: undefined/unknown
2026-09-15 12:41:05.771  INFO 18540 --- [NA] [userId=anonymous] [  restartedMain] org.hibernate.orm.core                   : HHH000489: No JTA platform available (set 'hibernate.transaction.jta.platform' to enable JTA platform integration)
2026-09-15 12:41:05.772  INFO 18540 --- [NA] [userId=anonymous] [  restartedMain] org.hibernate.orm.jdbc.batch             : HHH100501: Automatic JDBC statement batching enabled (maximum batch size 500)
2026-09-15 12:41:05.962  INFO 18540 --- [NA] [userId=anonymous] [  restartedMain] j.LocalContainerEntityManagerFactoryBean : Initialized JPA EntityManagerFactory for persistence unit 'default'
2026-09-15 12:41:06.107 DEBUG 18540 --- [NA] [userId=anonymous] [  restartedMain] c.b.d.security.JwtAuthenticationFilter   : Filter 'jwtAuthenticationFilter' configured for use
2026-09-15 12:41:06.107 DEBUG 18540 --- [NA] [userId=anonymous] [  restartedMain] c.b.d.config.RequestLoggingFilter        : Filter 'requestLoggingFilter' configured for use
2026-09-15 12:41:06.638  WARN 18540 --- [NA] [userId=anonymous] [  restartedMain] JpaBaseConfiguration$JpaWebConfiguration : spring.jpa.open-in-view is enabled by default. Therefore, database queries may be performed during view rendering. Explicitly configure spring.jpa.open-in-view to disable this warning
2026-09-15 12:41:06.985  INFO 18540 --- [NA] [userId=anonymous] [  restartedMain] o.s.boot.tomcat.TomcatWebServer          : Tomcat started on port 8080 (http) with context path '/'
2026-09-15 12:41:06.988  INFO 18540 --- [NA] [userId=anonymous] [  restartedMain] c.backend.dealspot.DealspotApplication   : Started DealspotApplication in 7.142 seconds (process running for 7080.717)
2026-09-15 12:41:06.998  INFO 18540 --- [NA] [userId=anonymous] [  restartedMain] .ConditionEvaluationDeltaLoggingListener : Condition evaluation unchanged
2026-09-15 12:41:19.252  INFO 18540 --- [NA] [userId=anonymous] [   File Watcher] rtingClassPathChangeChangedEventListener : Restarting due to 1 class path change (0 additions, 0 deletions, 1 modification)
2026-09-15 12:41:19.253  INFO 18540 --- [NA] [userId=anonymous] [      Thread-59] o.s.boot.tomcat.GracefulShutdown         : Commencing graceful shutdown. Waiting for active requests to complete
2026-09-15 12:41:19.260  INFO 18540 --- [NA] [userId=anonymous] [tomcat-shutdown] o.s.boot.tomcat.GracefulShutdown         : Graceful shutdown complete
2026-09-15 12:41:19.267  INFO 18540 --- [NA] [userId=anonymous] [      Thread-59] j.LocalContainerEntityManagerFactoryBean : Closing JPA EntityManagerFactory for persistence unit 'default'
2026-09-15 12:41:19.269  INFO 18540 --- [NA] [userId=anonymous] [      Thread-59] com.zaxxer.hikari.HikariDataSource       : HikariPool-16 - Shutdown initiated...
2026-09-15 12:41:19.704  INFO 18540 --- [NA] [userId=anonymous] [      Thread-59] com.zaxxer.hikari.HikariDataSource       : HikariPool-16 - Shutdown completed.
2026-09-15 12:41:19.850  INFO 18540 --- [NA] [userId=anonymous] [  restartedMain] c.backend.dealspot.DealspotApplication   : Starting DealspotApplication using Java 26.0.1 with PID 18540 (C:\Users\User\Desktop\DEVELOPMENT PROJECTS\DEALSPOT\SPRINGBOOT\target\classes started by User in C:\Users\User\Desktop\DEVELOPMENT PROJECTS\DEALSPOT\SPRINGBOOT)
2026-09-15 12:41:19.851 DEBUG 18540 --- [NA] [userId=anonymous] [  restartedMain] c.backend.dealspot.DealspotApplication   : Running with Spring Boot v4.0.6, Spring v7.0.7
2026-09-15 12:41:19.851  INFO 18540 --- [NA] [userId=anonymous] [  restartedMain] c.backend.dealspot.DealspotApplication   : No active profile set, falling back to 1 default profile: "default"
2026-09-15 12:41:20.183  INFO 18540 --- [NA] [userId=anonymous] [  restartedMain] .s.d.r.c.RepositoryConfigurationDelegate : Bootstrapping Spring Data JPA repositories in DEFAULT mode.
2026-09-15 12:41:20.245  INFO 18540 --- [NA] [userId=anonymous] [  restartedMain] .s.d.r.c.RepositoryConfigurationDelegate : Finished Spring Data repository scanning in 59 ms. Found 22 JPA repository interfaces.
2026-09-15 12:41:20.382  INFO 18540 --- [NA] [userId=anonymous] [  restartedMain] o.s.boot.tomcat.TomcatWebServer          : Tomcat initialized with port 8080 (http)
2026-09-15 12:41:20.383  INFO 18540 --- [NA] [userId=anonymous] [  restartedMain] o.apache.catalina.core.StandardService   : Starting service [Tomcat]
2026-09-15 12:41:20.383  INFO 18540 --- [NA] [userId=anonymous] [  restartedMain] o.apache.catalina.core.StandardEngine    : Starting Servlet engine: [Apache Tomcat/11.0.21]
2026-09-15 12:41:20.427  INFO 18540 --- [NA] [userId=anonymous] [  restartedMain] b.w.c.s.WebApplicationContextInitializer : Root WebApplicationContext: initialization completed in 574 ms
2026-09-15 12:41:20.486  INFO 18540 --- [NA] [userId=anonymous] [  restartedMain] org.hibernate.orm.jpa                    : HHH008540: Processing PersistenceUnitInfo [name: default]
2026-09-15 12:41:20.534  INFO 18540 --- [NA] [userId=anonymous] [  restartedMain] o.s.o.j.p.SpringPersistenceUnitInfo      : No LoadTimeWeaver setup: ignoring JPA class transformer
2026-09-15 12:41:20.536  INFO 18540 --- [NA] [userId=anonymous] [  restartedMain] com.zaxxer.hikari.HikariDataSource       : HikariPool-17 - Starting...
2026-09-15 12:41:25.495  INFO 18540 --- [NA] [userId=anonymous] [  restartedMain] com.zaxxer.hikari.pool.HikariPool        : HikariPool-17 - Added connection com.mysql.cj.jdbc.ConnectionImpl@ea3619c
2026-09-15 12:41:25.495  INFO 18540 --- [NA] [userId=anonymous] [  restartedMain] com.zaxxer.hikari.HikariDataSource       : HikariPool-17 - Start completed.
2026-09-15 12:41:25.497  INFO 18540 --- [NA] [userId=anonymous] [  restartedMain] org.hibernate.orm.connections.pooling    : HHH10001005: Database info:
	Database JDBC URL [jdbc:mysql://192.168.1.110:3306/dealspot_test?useSSL=false&serverTimezone=UTC]
	Database driver: MySQL Connector/J
	Database dialect: MySQLDialect
	Database version: 8.0.46
	Default catalog/schema: dealspot_test/undefined
	Autocommit mode: undefined/unknown
	Isolation level: REPEATABLE_READ [default REPEATABLE_READ]
	JDBC fetch size: none
	Pool: DataSourceConnectionProvider
	Minimum pool size: undefined/unknown
	Maximum pool size: undefined/unknown
2026-09-15 12:41:25.838  INFO 18540 --- [NA] [userId=anonymous] [  restartedMain] org.hibernate.orm.core                   : HHH000489: No JTA platform available (set 'hibernate.transaction.jta.platform' to enable JTA platform integration)
2026-09-15 12:41:25.838  INFO 18540 --- [NA] [userId=anonymous] [  restartedMain] org.hibernate.orm.jdbc.batch             : HHH100501: Automatic JDBC statement batching enabled (maximum batch size 500)
2026-09-15 12:41:26.043  INFO 18540 --- [NA] [userId=anonymous] [  restartedMain] j.LocalContainerEntityManagerFactoryBean : Initialized JPA EntityManagerFactory for persistence unit 'default'
2026-09-15 12:41:26.204 DEBUG 18540 --- [NA] [userId=anonymous] [  restartedMain] c.b.d.security.JwtAuthenticationFilter   : Filter 'jwtAuthenticationFilter' configured for use
2026-09-15 12:41:26.204 DEBUG 18540 --- [NA] [userId=anonymous] [  restartedMain] c.b.d.config.RequestLoggingFilter        : Filter 'requestLoggingFilter' configured for use
2026-09-15 12:41:26.821  WARN 18540 --- [NA] [userId=anonymous] [  restartedMain] JpaBaseConfiguration$JpaWebConfiguration : spring.jpa.open-in-view is enabled by default. Therefore, database queries may be performed during view rendering. Explicitly configure spring.jpa.open-in-view to disable this warning
2026-09-15 12:41:27.199  INFO 18540 --- [NA] [userId=anonymous] [  restartedMain] o.s.boot.tomcat.TomcatWebServer          : Tomcat started on port 8080 (http) with context path '/'
2026-09-15 12:41:27.200  INFO 18540 --- [NA] [userId=anonymous] [  restartedMain] c.backend.dealspot.DealspotApplication   : Started DealspotApplication in 7.386 seconds (process running for 7100.93)
2026-09-15 12:41:27.210  INFO 18540 --- [NA] [userId=anonymous] [  restartedMain] .ConditionEvaluationDeltaLoggingListener : Condition evaluation unchanged
2026-09-15 12:42:07.508  INFO 18540 --- [NA] [userId=anonymous] [   File Watcher] rtingClassPathChangeChangedEventListener : Restarting due to 1 class path change (0 additions, 0 deletions, 1 modification)
2026-09-15 12:42:07.511  INFO 18540 --- [NA] [userId=anonymous] [      Thread-63] o.s.boot.tomcat.GracefulShutdown         : Commencing graceful shutdown. Waiting for active requests to complete
2026-09-15 12:42:07.521  INFO 18540 --- [NA] [userId=anonymous] [tomcat-shutdown] o.s.boot.tomcat.GracefulShutdown         : Graceful shutdown complete
2026-09-15 12:42:07.532  INFO 18540 --- [NA] [userId=anonymous] [      Thread-63] j.LocalContainerEntityManagerFactoryBean : Closing JPA EntityManagerFactory for persistence unit 'default'
2026-09-15 12:42:07.534  INFO 18540 --- [NA] [userId=anonymous] [      Thread-63] com.zaxxer.hikari.HikariDataSource       : HikariPool-17 - Shutdown initiated...
2026-09-15 12:42:08.054  INFO 18540 --- [NA] [userId=anonymous] [      Thread-63] com.zaxxer.hikari.HikariDataSource       : HikariPool-17 - Shutdown completed.
2026-09-15 12:42:08.172  INFO 18540 --- [NA] [userId=anonymous] [  restartedMain] c.backend.dealspot.DealspotApplication   : Starting DealspotApplication using Java 26.0.1 with PID 18540 (C:\Users\User\Desktop\DEVELOPMENT PROJECTS\DEALSPOT\SPRINGBOOT\target\classes started by User in C:\Users\User\Desktop\DEVELOPMENT PROJECTS\DEALSPOT\SPRINGBOOT)
2026-09-15 12:42:08.172 DEBUG 18540 --- [NA] [userId=anonymous] [  restartedMain] c.backend.dealspot.DealspotApplication   : Running with Spring Boot v4.0.6, Spring v7.0.7
2026-09-15 12:42:08.172  INFO 18540 --- [NA] [userId=anonymous] [  restartedMain] c.backend.dealspot.DealspotApplication   : No active profile set, falling back to 1 default profile: "default"
2026-09-15 12:42:08.454  INFO 18540 --- [NA] [userId=anonymous] [  restartedMain] .s.d.r.c.RepositoryConfigurationDelegate : Bootstrapping Spring Data JPA repositories in DEFAULT mode.
2026-09-15 12:42:08.515  INFO 18540 --- [NA] [userId=anonymous] [  restartedMain] .s.d.r.c.RepositoryConfigurationDelegate : Finished Spring Data repository scanning in 58 ms. Found 22 JPA repository interfaces.
2026-09-15 12:42:08.640  INFO 18540 --- [NA] [userId=anonymous] [  restartedMain] o.s.boot.tomcat.TomcatWebServer          : Tomcat initialized with port 8080 (http)
2026-09-15 12:42:08.640  INFO 18540 --- [NA] [userId=anonymous] [  restartedMain] o.apache.catalina.core.StandardService   : Starting service [Tomcat]
2026-09-15 12:42:08.640  INFO 18540 --- [NA] [userId=anonymous] [  restartedMain] o.apache.catalina.core.StandardEngine    : Starting Servlet engine: [Apache Tomcat/11.0.21]
2026-09-15 12:42:08.680  INFO 18540 --- [NA] [userId=anonymous] [  restartedMain] b.w.c.s.WebApplicationContextInitializer : Root WebApplicationContext: initialization completed in 506 ms
2026-09-15 12:42:08.739  INFO 18540 --- [NA] [userId=anonymous] [  restartedMain] org.hibernate.orm.jpa                    : HHH008540: Processing PersistenceUnitInfo [name: default]
2026-09-15 12:42:08.784  INFO 18540 --- [NA] [userId=anonymous] [  restartedMain] o.s.o.j.p.SpringPersistenceUnitInfo      : No LoadTimeWeaver setup: ignoring JPA class transformer
2026-09-15 12:42:08.785  INFO 18540 --- [NA] [userId=anonymous] [  restartedMain] com.zaxxer.hikari.HikariDataSource       : HikariPool-18 - Starting...
2026-09-15 12:42:13.748  INFO 18540 --- [NA] [userId=anonymous] [  restartedMain] com.zaxxer.hikari.pool.HikariPool        : HikariPool-18 - Added connection com.mysql.cj.jdbc.ConnectionImpl@4ddf9ccb
2026-09-15 12:42:13.748  INFO 18540 --- [NA] [userId=anonymous] [  restartedMain] com.zaxxer.hikari.HikariDataSource       : HikariPool-18 - Start completed.
2026-09-15 12:42:13.752  INFO 18540 --- [NA] [userId=anonymous] [  restartedMain] org.hibernate.orm.connections.pooling    : HHH10001005: Database info:
	Database JDBC URL [jdbc:mysql://192.168.1.110:3306/dealspot_test?useSSL=false&serverTimezone=UTC]
	Database driver: MySQL Connector/J
	Database dialect: MySQLDialect
	Database version: 8.0.46
	Default catalog/schema: dealspot_test/undefined
	Autocommit mode: undefined/unknown
	Isolation level: REPEATABLE_READ [default REPEATABLE_READ]
	JDBC fetch size: none
	Pool: DataSourceConnectionProvider
	Minimum pool size: undefined/unknown
	Maximum pool size: undefined/unknown
2026-09-15 12:42:14.039  INFO 18540 --- [NA] [userId=anonymous] [  restartedMain] org.hibernate.orm.core                   : HHH000489: No JTA platform available (set 'hibernate.transaction.jta.platform' to enable JTA platform integration)
2026-09-15 12:42:14.039  INFO 18540 --- [NA] [userId=anonymous] [  restartedMain] org.hibernate.orm.jdbc.batch             : HHH100501: Automatic JDBC statement batching enabled (maximum batch size 500)
2026-09-15 12:42:14.314  INFO 18540 --- [NA] [userId=anonymous] [  restartedMain] j.LocalContainerEntityManagerFactoryBean : Initialized JPA EntityManagerFactory for persistence unit 'default'
2026-09-15 12:42:14.478 DEBUG 18540 --- [NA] [userId=anonymous] [  restartedMain] c.b.d.security.JwtAuthenticationFilter   : Filter 'jwtAuthenticationFilter' configured for use
2026-09-15 12:42:14.478 DEBUG 18540 --- [NA] [userId=anonymous] [  restartedMain] c.b.d.config.RequestLoggingFilter        : Filter 'requestLoggingFilter' configured for use
2026-09-15 12:42:15.100  WARN 18540 --- [NA] [userId=anonymous] [  restartedMain] JpaBaseConfiguration$JpaWebConfiguration : spring.jpa.open-in-view is enabled by default. Therefore, database queries may be performed during view rendering. Explicitly configure spring.jpa.open-in-view to disable this warning
2026-09-15 12:42:15.467  INFO 18540 --- [NA] [userId=anonymous] [  restartedMain] o.s.boot.tomcat.TomcatWebServer          : Tomcat started on port 8080 (http) with context path '/'
2026-09-15 12:42:15.470  INFO 18540 --- [NA] [userId=anonymous] [  restartedMain] c.backend.dealspot.DealspotApplication   : Started DealspotApplication in 7.319 seconds (process running for 7149.198)
2026-09-15 12:42:15.492  INFO 18540 --- [NA] [userId=anonymous] [  restartedMain] .ConditionEvaluationDeltaLoggingListener : Condition evaluation unchanged
2026-09-15 12:42:19.038  INFO 18540 --- [NA] [userId=anonymous] [   File Watcher] rtingClassPathChangeChangedEventListener : Restarting due to 1 class path change (0 additions, 0 deletions, 1 modification)
2026-09-15 12:42:19.041  INFO 18540 --- [NA] [userId=anonymous] [      Thread-67] o.s.boot.tomcat.GracefulShutdown         : Commencing graceful shutdown. Waiting for active requests to complete
2026-09-15 12:42:19.049  INFO 18540 --- [NA] [userId=anonymous] [tomcat-shutdown] o.s.boot.tomcat.GracefulShutdown         : Graceful shutdown complete
2026-09-15 12:42:19.052  INFO 18540 --- [NA] [userId=anonymous] [      Thread-67] j.LocalContainerEntityManagerFactoryBean : Closing JPA EntityManagerFactory for persistence unit 'default'
2026-09-15 12:42:19.053  INFO 18540 --- [NA] [userId=anonymous] [      Thread-67] com.zaxxer.hikari.HikariDataSource       : HikariPool-18 - Shutdown initiated...
2026-09-15 12:42:23.482  INFO 18540 --- [NA] [userId=anonymous] [      Thread-67] com.zaxxer.hikari.HikariDataSource       : HikariPool-18 - Shutdown completed.
2026-09-15 12:42:23.614  INFO 18540 --- [NA] [userId=anonymous] [  restartedMain] c.backend.dealspot.DealspotApplication   : Starting DealspotApplication using Java 26.0.1 with PID 18540 (C:\Users\User\Desktop\DEVELOPMENT PROJECTS\DEALSPOT\SPRINGBOOT\target\classes started by User in C:\Users\User\Desktop\DEVELOPMENT PROJECTS\DEALSPOT\SPRINGBOOT)
2026-09-15 12:42:23.614 DEBUG 18540 --- [NA] [userId=anonymous] [  restartedMain] c.backend.dealspot.DealspotApplication   : Running with Spring Boot v4.0.6, Spring v7.0.7
2026-09-15 12:42:23.614  INFO 18540 --- [NA] [userId=anonymous] [  restartedMain] c.backend.dealspot.DealspotApplication   : No active profile set, falling back to 1 default profile: "default"
2026-09-15 12:42:23.885  INFO 18540 --- [NA] [userId=anonymous] [  restartedMain] .s.d.r.c.RepositoryConfigurationDelegate : Bootstrapping Spring Data JPA repositories in DEFAULT mode.
2026-09-15 12:42:23.943  INFO 18540 --- [NA] [userId=anonymous] [  restartedMain] .s.d.r.c.RepositoryConfigurationDelegate : Finished Spring Data repository scanning in 56 ms. Found 22 JPA repository interfaces.
2026-09-15 12:42:24.067  INFO 18540 --- [NA] [userId=anonymous] [  restartedMain] o.s.boot.tomcat.TomcatWebServer          : Tomcat initialized with port 8080 (http)
2026-09-15 12:42:24.068  INFO 18540 --- [NA] [userId=anonymous] [  restartedMain] o.apache.catalina.core.StandardService   : Starting service [Tomcat]
2026-09-15 12:42:24.068  INFO 18540 --- [NA] [userId=anonymous] [  restartedMain] o.apache.catalina.core.StandardEngine    : Starting Servlet engine: [Apache Tomcat/11.0.21]
2026-09-15 12:42:24.109  INFO 18540 --- [NA] [userId=anonymous] [  restartedMain] b.w.c.s.WebApplicationContextInitializer : Root WebApplicationContext: initialization completed in 494 ms
2026-09-15 12:42:24.168  INFO 18540 --- [NA] [userId=anonymous] [  restartedMain] org.hibernate.orm.jpa                    : HHH008540: Processing PersistenceUnitInfo [name: default]
2026-09-15 12:42:24.214  INFO 18540 --- [NA] [userId=anonymous] [  restartedMain] o.s.o.j.p.SpringPersistenceUnitInfo      : No LoadTimeWeaver setup: ignoring JPA class transformer
2026-09-15 12:42:24.215  INFO 18540 --- [NA] [userId=anonymous] [  restartedMain] com.zaxxer.hikari.HikariDataSource       : HikariPool-19 - Starting...
2026-09-15 12:42:28.775  INFO 18540 --- [NA] [userId=anonymous] [  restartedMain] com.zaxxer.hikari.pool.HikariPool        : HikariPool-19 - Added connection com.mysql.cj.jdbc.ConnectionImpl@86fbf82
2026-09-15 12:42:28.776  INFO 18540 --- [NA] [userId=anonymous] [  restartedMain] com.zaxxer.hikari.HikariDataSource       : HikariPool-19 - Start completed.
2026-09-15 12:42:28.791  INFO 18540 --- [NA] [userId=anonymous] [  restartedMain] org.hibernate.orm.connections.pooling    : HHH10001005: Database info:
	Database JDBC URL [jdbc:mysql://192.168.1.110:3306/dealspot_test?useSSL=false&serverTimezone=UTC]
	Database driver: MySQL Connector/J
	Database dialect: MySQLDialect
	Database version: 8.0.46
	Default catalog/schema: dealspot_test/undefined
	Autocommit mode: undefined/unknown
	Isolation level: REPEATABLE_READ [default REPEATABLE_READ]
	JDBC fetch size: none
	Pool: DataSourceConnectionProvider
	Minimum pool size: undefined/unknown
	Maximum pool size: undefined/unknown
2026-09-15 12:42:29.036  INFO 18540 --- [NA] [userId=anonymous] [  restartedMain] org.hibernate.orm.core                   : HHH000489: No JTA platform available (set 'hibernate.transaction.jta.platform' to enable JTA platform integration)
2026-09-15 12:42:29.036  INFO 18540 --- [NA] [userId=anonymous] [  restartedMain] org.hibernate.orm.jdbc.batch             : HHH100501: Automatic JDBC statement batching enabled (maximum batch size 500)
2026-09-15 12:42:29.219  INFO 18540 --- [NA] [userId=anonymous] [  restartedMain] j.LocalContainerEntityManagerFactoryBean : Initialized JPA EntityManagerFactory for persistence unit 'default'
2026-09-15 12:42:29.360 DEBUG 18540 --- [NA] [userId=anonymous] [  restartedMain] c.b.d.security.JwtAuthenticationFilter   : Filter 'jwtAuthenticationFilter' configured for use
2026-09-15 12:42:29.361 DEBUG 18540 --- [NA] [userId=anonymous] [  restartedMain] c.b.d.config.RequestLoggingFilter        : Filter 'requestLoggingFilter' configured for use
2026-09-15 12:42:29.934  WARN 18540 --- [NA] [userId=anonymous] [  restartedMain] JpaBaseConfiguration$JpaWebConfiguration : spring.jpa.open-in-view is enabled by default. Therefore, database queries may be performed during view rendering. Explicitly configure spring.jpa.open-in-view to disable this warning
2026-09-15 12:42:30.280  INFO 18540 --- [NA] [userId=anonymous] [  restartedMain] o.s.boot.tomcat.TomcatWebServer          : Tomcat started on port 8080 (http) with context path '/'
2026-09-15 12:42:30.283  INFO 18540 --- [NA] [userId=anonymous] [  restartedMain] c.backend.dealspot.DealspotApplication   : Started DealspotApplication in 6.696 seconds (process running for 7164.011)
2026-09-15 12:42:30.292  INFO 18540 --- [NA] [userId=anonymous] [  restartedMain] .ConditionEvaluationDeltaLoggingListener : Condition evaluation unchanged
2026-09-15 12:42:39.022  INFO 18540 --- [NA] [userId=anonymous] [   File Watcher] rtingClassPathChangeChangedEventListener : Restarting due to 1 class path change (0 additions, 0 deletions, 1 modification)
2026-09-15 12:42:39.024  INFO 18540 --- [NA] [userId=anonymous] [      Thread-71] o.s.boot.tomcat.GracefulShutdown         : Commencing graceful shutdown. Waiting for active requests to complete
2026-09-15 12:42:39.032  INFO 18540 --- [NA] [userId=anonymous] [tomcat-shutdown] o.s.boot.tomcat.GracefulShutdown         : Graceful shutdown complete
2026-09-15 12:42:39.036  INFO 18540 --- [NA] [userId=anonymous] [      Thread-71] j.LocalContainerEntityManagerFactoryBean : Closing JPA EntityManagerFactory for persistence unit 'default'
2026-09-15 12:42:39.037  INFO 18540 --- [NA] [userId=anonymous] [      Thread-71] com.zaxxer.hikari.HikariDataSource       : HikariPool-19 - Shutdown initiated...
2026-09-15 12:42:43.438  INFO 18540 --- [NA] [userId=anonymous] [      Thread-71] com.zaxxer.hikari.HikariDataSource       : HikariPool-19 - Shutdown completed.
2026-09-15 12:42:43.559  INFO 18540 --- [NA] [userId=anonymous] [  restartedMain] c.backend.dealspot.DealspotApplication   : Starting DealspotApplication using Java 26.0.1 with PID 18540 (C:\Users\User\Desktop\DEVELOPMENT PROJECTS\DEALSPOT\SPRINGBOOT\target\classes started by User in C:\Users\User\Desktop\DEVELOPMENT PROJECTS\DEALSPOT\SPRINGBOOT)
2026-09-15 12:42:43.559 DEBUG 18540 --- [NA] [userId=anonymous] [  restartedMain] c.backend.dealspot.DealspotApplication   : Running with Spring Boot v4.0.6, Spring v7.0.7
2026-09-15 12:42:43.559  INFO 18540 --- [NA] [userId=anonymous] [  restartedMain] c.backend.dealspot.DealspotApplication   : No active profile set, falling back to 1 default profile: "default"
2026-09-15 12:42:43.911  INFO 18540 --- [NA] [userId=anonymous] [  restartedMain] .s.d.r.c.RepositoryConfigurationDelegate : Bootstrapping Spring Data JPA repositories in DEFAULT mode.
2026-09-15 12:42:44.020  INFO 18540 --- [NA] [userId=anonymous] [  restartedMain] .s.d.r.c.RepositoryConfigurationDelegate : Finished Spring Data repository scanning in 106 ms. Found 22 JPA repository interfaces.
2026-09-15 12:42:44.221  INFO 18540 --- [NA] [userId=anonymous] [  restartedMain] o.s.boot.tomcat.TomcatWebServer          : Tomcat initialized with port 8080 (http)
2026-09-15 12:42:44.222  INFO 18540 --- [NA] [userId=anonymous] [  restartedMain] o.apache.catalina.core.StandardService   : Starting service [Tomcat]
2026-09-15 12:42:44.223  INFO 18540 --- [NA] [userId=anonymous] [  restartedMain] o.apache.catalina.core.StandardEngine    : Starting Servlet engine: [Apache Tomcat/11.0.21]
2026-09-15 12:42:44.273  INFO 18540 --- [NA] [userId=anonymous] [  restartedMain] b.w.c.s.WebApplicationContextInitializer : Root WebApplicationContext: initialization completed in 712 ms
2026-09-15 12:42:44.399  INFO 18540 --- [NA] [userId=anonymous] [  restartedMain] org.hibernate.orm.jpa                    : HHH008540: Processing PersistenceUnitInfo [name: default]
2026-09-15 12:42:44.479  INFO 18540 --- [NA] [userId=anonymous] [  restartedMain] o.s.o.j.p.SpringPersistenceUnitInfo      : No LoadTimeWeaver setup: ignoring JPA class transformer
2026-09-15 12:42:44.485  INFO 18540 --- [NA] [userId=anonymous] [  restartedMain] com.zaxxer.hikari.HikariDataSource       : HikariPool-20 - Starting...
2026-09-15 12:42:49.467  INFO 18540 --- [NA] [userId=anonymous] [  restartedMain] com.zaxxer.hikari.pool.HikariPool        : HikariPool-20 - Added connection com.mysql.cj.jdbc.ConnectionImpl@76871d59
2026-09-15 12:42:49.468  INFO 18540 --- [NA] [userId=anonymous] [  restartedMain] com.zaxxer.hikari.HikariDataSource       : HikariPool-20 - Start completed.
2026-09-15 12:42:49.471  INFO 18540 --- [NA] [userId=anonymous] [  restartedMain] org.hibernate.orm.connections.pooling    : HHH10001005: Database info:
	Database JDBC URL [jdbc:mysql://192.168.1.110:3306/dealspot_test?useSSL=false&serverTimezone=UTC]
	Database driver: MySQL Connector/J
	Database dialect: MySQLDialect
	Database version: 8.0.46
	Default catalog/schema: dealspot_test/undefined
	Autocommit mode: undefined/unknown
	Isolation level: REPEATABLE_READ [default REPEATABLE_READ]
	JDBC fetch size: none
	Pool: DataSourceConnectionProvider
	Minimum pool size: undefined/unknown
	Maximum pool size: undefined/unknown
2026-09-15 12:42:49.860  INFO 18540 --- [NA] [userId=anonymous] [  restartedMain] org.hibernate.orm.core                   : HHH000489: No JTA platform available (set 'hibernate.transaction.jta.platform' to enable JTA platform integration)
2026-09-15 12:42:49.861  INFO 18540 --- [NA] [userId=anonymous] [  restartedMain] org.hibernate.orm.jdbc.batch             : HHH100501: Automatic JDBC statement batching enabled (maximum batch size 500)
2026-09-15 12:42:50.233  INFO 18540 --- [NA] [userId=anonymous] [  restartedMain] j.LocalContainerEntityManagerFactoryBean : Initialized JPA EntityManagerFactory for persistence unit 'default'
2026-09-15 12:42:50.474 DEBUG 18540 --- [NA] [userId=anonymous] [  restartedMain] c.b.d.security.JwtAuthenticationFilter   : Filter 'jwtAuthenticationFilter' configured for use
2026-09-15 12:42:50.489 DEBUG 18540 --- [NA] [userId=anonymous] [  restartedMain] c.b.d.config.RequestLoggingFilter        : Filter 'requestLoggingFilter' configured for use
2026-09-15 12:42:51.294  WARN 18540 --- [NA] [userId=anonymous] [  restartedMain] JpaBaseConfiguration$JpaWebConfiguration : spring.jpa.open-in-view is enabled by default. Therefore, database queries may be performed during view rendering. Explicitly configure spring.jpa.open-in-view to disable this warning
2026-09-15 12:42:51.744  INFO 18540 --- [NA] [userId=anonymous] [  restartedMain] o.s.boot.tomcat.TomcatWebServer          : Tomcat started on port 8080 (http) with context path '/'
2026-09-15 12:42:51.748  INFO 18540 --- [NA] [userId=anonymous] [  restartedMain] c.backend.dealspot.DealspotApplication   : Started DealspotApplication in 8.219 seconds (process running for 7185.476)
2026-09-15 12:42:51.761  INFO 18540 --- [NA] [userId=anonymous] [  restartedMain] .ConditionEvaluationDeltaLoggingListener : Condition evaluation unchanged
2026-09-15 12:48:21.945  INFO 13736 --- [NA] [userId=anonymous] [  restartedMain] c.backend.dealspot.DealspotApplication   : Starting DealspotApplication using Java 26.0.1 with PID 13736 (C:\Users\User\Desktop\DEVELOPMENT PROJECTS\DEALSPOT\SPRINGBOOT\target\classes started by User in C:\Users\User\Desktop\DEVELOPMENT PROJECTS\DEALSPOT\SPRINGBOOT)
2026-09-15 12:48:21.949 DEBUG 13736 --- [NA] [userId=anonymous] [  restartedMain] c.backend.dealspot.DealspotApplication   : Running with Spring Boot v4.0.6, Spring v7.0.7
2026-09-15 12:48:21.950  INFO 13736 --- [NA] [userId=anonymous] [  restartedMain] c.backend.dealspot.DealspotApplication   : No active profile set, falling back to 1 default profile: "default"
2026-09-15 12:48:22.010  INFO 13736 --- [NA] [userId=anonymous] [  restartedMain] .e.DevToolsPropertyDefaultsPostProcessor : Devtools property defaults active! Set 'spring.devtools.add-properties' to 'false' to disable
2026-09-15 12:48:22.010  INFO 13736 --- [NA] [userId=anonymous] [  restartedMain] .e.DevToolsPropertyDefaultsPostProcessor : For additional web related logging consider setting the 'logging.level.web' property to 'DEBUG'
2026-09-15 12:48:23.030  INFO 13736 --- [NA] [userId=anonymous] [  restartedMain] .s.d.r.c.RepositoryConfigurationDelegate : Bootstrapping Spring Data JPA repositories in DEFAULT mode.
2026-09-15 12:48:23.166  INFO 13736 --- [NA] [userId=anonymous] [  restartedMain] .s.d.r.c.RepositoryConfigurationDelegate : Finished Spring Data repository scanning in 126 ms. Found 22 JPA repository interfaces.
2026-09-15 12:48:23.911  INFO 13736 --- [NA] [userId=anonymous] [  restartedMain] o.s.boot.tomcat.TomcatWebServer          : Tomcat initialized with port 8080 (http)
2026-09-15 12:48:23.924  INFO 13736 --- [NA] [userId=anonymous] [  restartedMain] o.apache.catalina.core.StandardService   : Starting service [Tomcat]
2026-09-15 12:48:23.925  INFO 13736 --- [NA] [userId=anonymous] [  restartedMain] o.apache.catalina.core.StandardEngine    : Starting Servlet engine: [Apache Tomcat/11.0.21]
2026-09-15 12:48:23.993  INFO 13736 --- [NA] [userId=anonymous] [  restartedMain] b.w.c.s.WebApplicationContextInitializer : Root WebApplicationContext: initialization completed in 1982 ms
2026-09-15 12:48:24.183  INFO 13736 --- [NA] [userId=anonymous] [  restartedMain] org.hibernate.orm.jpa                    : HHH008540: Processing PersistenceUnitInfo [name: default]
2026-09-15 12:48:24.245  INFO 13736 --- [NA] [userId=anonymous] [  restartedMain] org.hibernate.orm.core                   : HHH000001: Hibernate ORM core version 7.2.12.Final
2026-09-15 12:48:24.742  INFO 13736 --- [NA] [userId=anonymous] [  restartedMain] o.s.o.j.p.SpringPersistenceUnitInfo      : No LoadTimeWeaver setup: ignoring JPA class transformer
2026-09-15 12:48:24.778  INFO 13736 --- [NA] [userId=anonymous] [  restartedMain] com.zaxxer.hikari.HikariDataSource       : HikariPool-1 - Starting...
2026-09-15 12:48:29.925  INFO 13736 --- [NA] [userId=anonymous] [  restartedMain] com.zaxxer.hikari.pool.HikariPool        : HikariPool-1 - Added connection com.mysql.cj.jdbc.ConnectionImpl@1d9e9f5b
2026-09-15 12:48:29.928  INFO 13736 --- [NA] [userId=anonymous] [  restartedMain] com.zaxxer.hikari.HikariDataSource       : HikariPool-1 - Start completed.
2026-09-15 12:48:30.023  INFO 13736 --- [NA] [userId=anonymous] [  restartedMain] org.hibernate.orm.connections.pooling    : HHH10001005: Database info:
	Database JDBC URL [jdbc:mysql://192.168.1.110:3306/dealspot_test?useSSL=false&serverTimezone=UTC]
	Database driver: MySQL Connector/J
	Database dialect: MySQLDialect
	Database version: 8.0.46
	Default catalog/schema: dealspot_test/undefined
	Autocommit mode: undefined/unknown
	Isolation level: REPEATABLE_READ [default REPEATABLE_READ]
	JDBC fetch size: none
	Pool: DataSourceConnectionProvider
	Minimum pool size: undefined/unknown
	Maximum pool size: undefined/unknown
2026-09-15 12:48:31.387  INFO 13736 --- [NA] [userId=anonymous] [  restartedMain] org.hibernate.orm.core                   : HHH000489: No JTA platform available (set 'hibernate.transaction.jta.platform' to enable JTA platform integration)
2026-09-15 12:48:31.390  INFO 13736 --- [NA] [userId=anonymous] [  restartedMain] org.hibernate.orm.jdbc.batch             : HHH100501: Automatic JDBC statement batching enabled (maximum batch size 500)
2026-09-15 12:48:31.696  INFO 13736 --- [NA] [userId=anonymous] [  restartedMain] j.LocalContainerEntityManagerFactoryBean : Initialized JPA EntityManagerFactory for persistence unit 'default'
2026-09-15 12:48:31.774  INFO 13736 --- [NA] [userId=anonymous] [  restartedMain] o.s.d.j.r.query.QueryEnhancerFactories   : Hibernate is in classpath; If applicable, HQL parser will be used.
2026-09-15 12:48:32.581 DEBUG 13736 --- [NA] [userId=anonymous] [  restartedMain] c.b.d.security.JwtAuthenticationFilter   : Filter 'jwtAuthenticationFilter' configured for use
2026-09-15 12:48:32.582 DEBUG 13736 --- [NA] [userId=anonymous] [  restartedMain] c.b.d.config.RequestLoggingFilter        : Filter 'requestLoggingFilter' configured for use
2026-09-15 12:48:35.104  WARN 13736 --- [NA] [userId=anonymous] [  restartedMain] JpaBaseConfiguration$JpaWebConfiguration : spring.jpa.open-in-view is enabled by default. Therefore, database queries may be performed during view rendering. Explicitly configure spring.jpa.open-in-view to disable this warning
2026-09-15 12:48:36.315  INFO 13736 --- [NA] [userId=anonymous] [  restartedMain] o.s.boot.tomcat.TomcatWebServer          : Tomcat started on port 8080 (http) with context path '/'
2026-09-15 12:48:36.326  INFO 13736 --- [NA] [userId=anonymous] [  restartedMain] c.backend.dealspot.DealspotApplication   : Started DealspotApplication in 14.833 seconds (process running for 15.684)
2026-09-15 12:54:36.449  INFO 13736 --- [NA] [userId=anonymous] [0.0-8080-exec-1] o.a.c.c.C.[Tomcat].[localhost].[/]       : Initializing Spring DispatcherServlet 'dispatcherServlet'
2026-09-15 12:54:36.450  INFO 13736 --- [NA] [userId=anonymous] [0.0-8080-exec-1] o.s.web.servlet.DispatcherServlet        : Initializing Servlet 'dispatcherServlet'
2026-09-15 12:54:36.453  INFO 13736 --- [NA] [userId=anonymous] [0.0-8080-exec-1] o.s.web.servlet.DispatcherServlet        : Completed initialization in 3 ms
2026-09-15 12:54:36.900  INFO 13736 --- [e93dc338] [userId=anonymous] [0.0-8080-exec-1] c.b.d.config.RequestLoggingFilter        : method=GET uri=/api/dealspot/offers/fetch-all-offers status=200 duration=443ms
2026-09-15 12:57:16.064  INFO 13736 --- [c2e3266f] [userId=anonymous] [0.0-8080-exec-2] c.b.d.config.RequestLoggingFilter        : method=GET uri=/api/dealspot/offers/fetch-all-offers status=200 duration=373ms
2026-09-15 12:57:16.166 DEBUG 13736 --- [4c21aca1] [userId=anonymous] [0.0-8080-exec-4] c.b.dealspot.controller.AuthController   : Admin login attempt for email: testadmin@dealspot.com
2026-09-15 12:57:16.254  WARN 13736 --- [4c21aca1] [userId=anonymous] [0.0-8080-exec-4] org.hibernate.orm.jdbc.error             : HHH000247: ErrorCode: 1048, SQLState: 23000
2026-09-15 12:57:16.255  WARN 13736 --- [4c21aca1] [userId=anonymous] [0.0-8080-exec-4] org.hibernate.orm.jdbc.error             : Column 'entity_id' cannot be null
2026-09-15 12:57:16.261 ERROR 13736 --- [4c21aca1] [userId=anonymous] [0.0-8080-exec-4] c.b.d.serviceImpl.AuditServiceImpl       : Failed to persist audit log for action: LOGIN. Reason: could not execute statement [Column 'entity_id' cannot be null] [insert into audit_logs (action,created_at,duration_ms,endpoint,entity_id,entity_type,error_message,error_type,http_method,ip_address,payload,performed_by,request_id,status_code,success,updated_at,user_agent,user_id) values (?,?,?,?,?,?,?,?,?,?,?,?,?,?,?,?,?,?)]; SQL [insert into audit_logs (action,created_at,duration_ms,endpoint,entity_id,entity_type,error_message,error_type,http_method,ip_address,payload,performed_by,request_id,status_code,success,updated_at,user_agent,user_id) values (?,?,?,?,?,?,?,?,?,?,?,?,?,?,?,?,?,?)]; constraint [entity_id]

org.springframework.dao.DataIntegrityViolationException: could not execute statement [Column 'entity_id' cannot be null] [insert into audit_logs (action,created_at,duration_ms,endpoint,entity_id,entity_type,error_message,error_type,http_method,ip_address,payload,performed_by,request_id,status_code,success,updated_at,user_agent,user_id) values (?,?,?,?,?,?,?,?,?,?,?,?,?,?,?,?,?,?)]; SQL [insert into audit_logs (action,created_at,duration_ms,endpoint,entity_id,entity_type,error_message,error_type,http_method,ip_address,payload,performed_by,request_id,status_code,success,updated_at,user_agent,user_id) values (?,?,?,?,?,?,?,?,?,?,?,?,?,?,?,?,?,?)]; constraint [entity_id]
	at org.springframework.orm.jpa.hibernate.HibernateExceptionTranslator.convertHibernateAccessException(HibernateExceptionTranslator.java:169) ~[spring-orm-7.0.7.jar:7.0.7]
	at org.springframework.orm.jpa.hibernate.HibernateExceptionTranslator.convertHibernateAccessException(HibernateExceptionTranslator.java:131) ~[spring-orm-7.0.7.jar:7.0.7]
	at org.springframework.orm.jpa.hibernate.HibernateExceptionTranslator.translateExceptionIfPossible(HibernateExceptionTranslator.java:105) ~[spring-orm-7.0.7.jar:7.0.7]
	at org.springframework.orm.jpa.vendor.HibernateJpaDialect.translateExceptionIfPossible(HibernateJpaDialect.java:223) ~[spring-orm-7.0.7.jar:7.0.7]
	at org.springframework.orm.jpa.AbstractEntityManagerFactoryBean.translateExceptionIfPossible(AbstractEntityManagerFactoryBean.java:576) ~[spring-orm-7.0.7.jar:7.0.7]
	at org.springframework.dao.support.ChainedPersistenceExceptionTranslator.translateExceptionIfPossible(ChainedPersistenceExceptionTranslator.java:61) ~[spring-tx-7.0.7.jar:7.0.7]
	at org.springframework.dao.support.DataAccessUtils.translateIfNecessary(DataAccessUtils.java:346) ~[spring-tx-7.0.7.jar:7.0.7]
	at org.springframework.dao.support.PersistenceExceptionTranslationInterceptor.invoke(PersistenceExceptionTranslationInterceptor.java:157) ~[spring-tx-7.0.7.jar:7.0.7]
	at org.springframework.aop.framework.ReflectiveMethodInvocation.proceed(ReflectiveMethodInvocation.java:179) ~[spring-aop-7.0.7.jar:7.0.7]
	at org.springframework.data.jpa.repository.support.CrudMethodMetadataPostProcessor$CrudMethodMetadataPopulatingMethodInterceptor.invoke(CrudMethodMetadataPostProcessor.java:166) ~[spring-data-jpa-4.0.5.jar:4.0.5]
	at org.springframework.aop.framework.ReflectiveMethodInvocation.proceed(ReflectiveMethodInvocation.java:179) ~[spring-aop-7.0.7.jar:7.0.7]
	at org.springframework.aop.framework.JdkDynamicAopProxy.invoke(JdkDynamicAopProxy.java:222) ~[spring-aop-7.0.7.jar:7.0.7]
	at jdk.proxy4/jdk.proxy4.$Proxy167.save(Unknown Source) ~[na:na]
	at com.backend.dealspot.serviceImpl.AuditServiceImpl.log(AuditServiceImpl.java:134) ~[classes/:na]
	at com.backend.dealspot.serviceImpl.AuditServiceImpl.log(AuditServiceImpl.java:155) ~[classes/:na]
	at java.base/jdk.internal.reflect.DirectMethodHandleAccessor.invoke(DirectMethodHandleAccessor.java:104) ~[na:na]
	at java.base/java.lang.reflect.Method.invoke(Method.java:565) ~[na:na]
	at org.springframework.aop.support.AopUtils.invokeJoinpointUsingReflection(AopUtils.java:359) ~[spring-aop-7.0.7.jar:7.0.7]
	at org.springframework.aop.framework.ReflectiveMethodInvocation.invokeJoinpoint(ReflectiveMethodInvocation.java:190) ~[spring-aop-7.0.7.jar:7.0.7]
	at org.springframework.aop.framework.ReflectiveMethodInvocation.proceed(ReflectiveMethodInvocation.java:158) ~[spring-aop-7.0.7.jar:7.0.7]
	at org.springframework.transaction.interceptor.TransactionInterceptor$1.proceedWithInvocation(TransactionInterceptor.java:133) ~[spring-tx-7.0.7.jar:7.0.7]
	at org.springframework.transaction.interceptor.TransactionAspectSupport.invokeWithinTransaction(TransactionAspectSupport.java:371) ~[spring-tx-7.0.7.jar:7.0.7]
	at org.springframework.transaction.interceptor.TransactionInterceptor.invoke(TransactionInterceptor.java:130) ~[spring-tx-7.0.7.jar:7.0.7]
	at org.springframework.aop.framework.ReflectiveMethodInvocation.proceed(ReflectiveMethodInvocation.java:179) ~[spring-aop-7.0.7.jar:7.0.7]
	at org.springframework.aop.framework.CglibAopProxy$DynamicAdvisedInterceptor.intercept(CglibAopProxy.java:719) ~[spring-aop-7.0.7.jar:7.0.7]
	at com.backend.dealspot.serviceImpl.AuditServiceImpl$$SpringCGLIB$$0.log(<generated>) ~[classes/:na]
	at com.backend.dealspot.controller.AuthController.adminLogin(AuthController.java:187) ~[classes/:na]
	at java.base/jdk.internal.reflect.DirectMethodHandleAccessor.invoke(DirectMethodHandleAccessor.java:104) ~[na:na]
	at java.base/java.lang.reflect.Method.invoke(Method.java:565) ~[na:na]
	at org.springframework.web.method.support.InvocableHandlerMethod.doInvoke(InvocableHandlerMethod.java:252) ~[spring-web-7.0.7.jar:7.0.7]
	at org.springframework.web.method.support.InvocableHandlerMethod.invokeForRequest(InvocableHandlerMethod.java:184) ~[spring-web-7.0.7.jar:7.0.7]
	at org.springframework.web.servlet.mvc.method.annotation.ServletInvocableHandlerMethod.invokeAndHandle(ServletInvocableHandlerMethod.java:117) ~[spring-webmvc-7.0.7.jar:7.0.7]
	at org.springframework.web.servlet.mvc.method.annotation.RequestMappingHandlerAdapter.invokeHandlerMethod(RequestMappingHandlerAdapter.java:934) ~[spring-webmvc-7.0.7.jar:7.0.7]
	at org.springframework.web.servlet.mvc.method.annotation.RequestMappingHandlerAdapter.handleInternal(RequestMappingHandlerAdapter.java:853) ~[spring-webmvc-7.0.7.jar:7.0.7]
	at org.springframework.web.servlet.mvc.method.AbstractHandlerMethodAdapter.handle(AbstractHandlerMethodAdapter.java:86) ~[spring-webmvc-7.0.7.jar:7.0.7]
	at org.springframework.web.servlet.DispatcherServlet.doDispatch(DispatcherServlet.java:963) ~[spring-webmvc-7.0.7.jar:7.0.7]
	at org.springframework.web.servlet.DispatcherServlet.doService(DispatcherServlet.java:866) ~[spring-webmvc-7.0.7.jar:7.0.7]
	at org.springframework.web.servlet.FrameworkServlet.processRequest(FrameworkServlet.java:1000) ~[spring-webmvc-7.0.7.jar:7.0.7]
	at org.springframework.web.servlet.FrameworkServlet.doPost(FrameworkServlet.java:903) ~[spring-webmvc-7.0.7.jar:7.0.7]
	at jakarta.servlet.http.HttpServlet.service(HttpServlet.java:649) ~[tomcat-embed-core-11.0.21.jar:6.1]
	at org.springframework.web.servlet.FrameworkServlet.service(FrameworkServlet.java:874) ~[spring-webmvc-7.0.7.jar:7.0.7]
	at jakarta.servlet.http.HttpServlet.service(HttpServlet.java:710) ~[tomcat-embed-core-11.0.21.jar:6.1]
	at org.apache.catalina.core.ApplicationFilterChain.doFilter(ApplicationFilterChain.java:128) ~[tomcat-embed-core-11.0.21.jar:11.0.21]
	at org.apache.tomcat.websocket.server.WsFilter.doFilter(WsFilter.java:53) ~[tomcat-embed-websocket-11.0.21.jar:11.0.21]
	at org.apache.catalina.core.ApplicationFilterChain.doFilter(ApplicationFilterChain.java:107) ~[tomcat-embed-core-11.0.21.jar:11.0.21]
	at org.springframework.web.filter.OncePerRequestFilter.doFilter(OncePerRequestFilter.java:110) ~[spring-web-7.0.7.jar:7.0.7]
	at org.apache.catalina.core.ApplicationFilterChain.doFilter(ApplicationFilterChain.java:107) ~[tomcat-embed-core-11.0.21.jar:11.0.21]
	at org.springframework.web.filter.CompositeFilter$VirtualFilterChain.doFilter(CompositeFilter.java:108) ~[spring-web-7.0.7.jar:7.0.7]
	at org.springframework.security.web.FilterChainProxy.lambda$doFilterInternal$3(FilterChainProxy.java:235) ~[spring-security-web-7.0.5.jar:7.0.5]
	at org.springframework.security.web.FilterChainProxy$VirtualFilterChain.doFilter(FilterChainProxy.java:376) ~[spring-security-web-7.0.5.jar:7.0.5]
	at org.springframework.security.web.access.intercept.AuthorizationFilter.doFilter(AuthorizationFilter.java:101) ~[spring-security-web-7.0.5.jar:7.0.5]
	at org.springframework.security.web.FilterChainProxy$VirtualFilterChain.doFilter(FilterChainProxy.java:385) ~[spring-security-web-7.0.5.jar:7.0.5]
	at org.springframework.security.web.access.ExceptionTranslationFilter.doFilter(ExceptionTranslationFilter.java:126) ~[spring-security-web-7.0.5.jar:7.0.5]
	at org.springframework.security.web.access.ExceptionTranslationFilter.doFilter(ExceptionTranslationFilter.java:120) ~[spring-security-web-7.0.5.jar:7.0.5]
	at org.springframework.security.web.FilterChainProxy$VirtualFilterChain.doFilter(FilterChainProxy.java:385) ~[spring-security-web-7.0.5.jar:7.0.5]
	at org.springframework.security.web.session.SessionManagementFilter.doFilter(SessionManagementFilter.java:132) ~[spring-security-web-7.0.5.jar:7.0.5]
	at org.springframework.security.web.session.SessionManagementFilter.doFilter(SessionManagementFilter.java:86) ~[spring-security-web-7.0.5.jar:7.0.5]
	at org.springframework.security.web.FilterChainProxy$VirtualFilterChain.doFilter(FilterChainProxy.java:385) ~[spring-security-web-7.0.5.jar:7.0.5]
	at org.springframework.security.web.authentication.AnonymousAuthenticationFilter.doFilter(AnonymousAuthenticationFilter.java:100) ~[spring-security-web-7.0.5.jar:7.0.5]
	at org.springframework.security.web.FilterChainProxy$VirtualFilterChain.doFilter(FilterChainProxy.java:385) ~[spring-security-web-7.0.5.jar:7.0.5]
	at org.springframework.security.web.servletapi.SecurityContextHolderAwareRequestFilter.doFilter(SecurityContextHolderAwareRequestFilter.java:181) ~[spring-security-web-7.0.5.jar:7.0.5]
	at org.springframework.security.web.FilterChainProxy$VirtualFilterChain.doFilter(FilterChainProxy.java:385) ~[spring-security-web-7.0.5.jar:7.0.5]
	at org.springframework.security.web.savedrequest.RequestCacheAwareFilter.doFilter(RequestCacheAwareFilter.java:63) ~[spring-security-web-7.0.5.jar:7.0.5]
	at org.springframework.security.web.FilterChainProxy$VirtualFilterChain.doFilter(FilterChainProxy.java:385) ~[spring-security-web-7.0.5.jar:7.0.5]
	at com.backend.dealspot.security.JwtAuthenticationFilter.doFilterInternal(JwtAuthenticationFilter.java:42) ~[classes/:na]
	at org.springframework.web.filter.OncePerRequestFilter.doFilter(OncePerRequestFilter.java:116) ~[spring-web-7.0.7.jar:7.0.7]
	at org.springframework.security.web.FilterChainProxy$VirtualFilterChain.doFilter(FilterChainProxy.java:385) ~[spring-security-web-7.0.5.jar:7.0.5]
	at org.springframework.security.web.authentication.logout.LogoutFilter.doFilter(LogoutFilter.java:110) ~[spring-security-web-7.0.5.jar:7.0.5]
	at org.springframework.security.web.authentication.logout.LogoutFilter.doFilter(LogoutFilter.java:96) ~[spring-security-web-7.0.5.jar:7.0.5]
	at org.springframework.security.web.FilterChainProxy$VirtualFilterChain.doFilter(FilterChainProxy.java:385) ~[spring-security-web-7.0.5.jar:7.0.5]
	at org.springframework.web.filter.CorsFilter.doFilterInternal(CorsFilter.java:91) ~[spring-web-7.0.7.jar:7.0.7]
	at org.springframework.web.filter.OncePerRequestFilter.doFilter(OncePerRequestFilter.java:116) ~[spring-web-7.0.7.jar:7.0.7]
	at org.springframework.security.web.FilterChainProxy$VirtualFilterChain.doFilter(FilterChainProxy.java:385) ~[spring-security-web-7.0.5.jar:7.0.5]
	at org.springframework.security.web.header.HeaderWriterFilter.doHeadersAfter(HeaderWriterFilter.java:90) ~[spring-security-web-7.0.5.jar:7.0.5]
	at org.springframework.security.web.header.HeaderWriterFilter.doFilterInternal(HeaderWriterFilter.java:75) ~[spring-security-web-7.0.5.jar:7.0.5]
	at org.springframework.web.filter.OncePerRequestFilter.doFilter(OncePerRequestFilter.java:116) ~[spring-web-7.0.7.jar:7.0.7]
	at org.springframework.security.web.FilterChainProxy$VirtualFilterChain.doFilter(FilterChainProxy.java:385) ~[spring-security-web-7.0.5.jar:7.0.5]
	at org.springframework.security.web.context.SecurityContextHolderFilter.doFilter(SecurityContextHolderFilter.java:82) ~[spring-security-web-7.0.5.jar:7.0.5]
	at org.springframework.security.web.context.SecurityContextHolderFilter.doFilter(SecurityContextHolderFilter.java:69) ~[spring-security-web-7.0.5.jar:7.0.5]
	at org.springframework.security.web.FilterChainProxy$VirtualFilterChain.doFilter(FilterChainProxy.java:385) ~[spring-security-web-7.0.5.jar:7.0.5]
	at org.springframework.security.web.context.request.async.WebAsyncManagerIntegrationFilter.doFilterInternal(WebAsyncManagerIntegrationFilter.java:62) ~[spring-security-web-7.0.5.jar:7.0.5]
	at org.springframework.web.filter.OncePerRequestFilter.doFilter(OncePerRequestFilter.java:116) ~[spring-web-7.0.7.jar:7.0.7]
	at org.springframework.security.web.FilterChainProxy$VirtualFilterChain.doFilter(FilterChainProxy.java:385) ~[spring-security-web-7.0.5.jar:7.0.5]
	at org.springframework.security.web.session.DisableEncodeUrlFilter.doFilterInternal(DisableEncodeUrlFilter.java:42) ~[spring-security-web-7.0.5.jar:7.0.5]
	at org.springframework.web.filter.OncePerRequestFilter.doFilter(OncePerRequestFilter.java:116) ~[spring-web-7.0.7.jar:7.0.7]
	at org.springframework.security.web.FilterChainProxy$VirtualFilterChain.doFilter(FilterChainProxy.java:385) ~[spring-security-web-7.0.5.jar:7.0.5]
	at org.springframework.security.web.FilterChainProxy.doFilterInternal(FilterChainProxy.java:237) ~[spring-security-web-7.0.5.jar:7.0.5]
	at org.springframework.security.web.FilterChainProxy.doFilter(FilterChainProxy.java:195) ~[spring-security-web-7.0.5.jar:7.0.5]
	at org.springframework.web.filter.CompositeFilter$VirtualFilterChain.doFilter(CompositeFilter.java:113) ~[spring-web-7.0.7.jar:7.0.7]
	at org.springframework.web.filter.ServletRequestPathFilter.doFilter(ServletRequestPathFilter.java:52) ~[spring-web-7.0.7.jar:7.0.7]
	at org.springframework.web.filter.CompositeFilter$VirtualFilterChain.doFilter(CompositeFilter.java:113) ~[spring-web-7.0.7.jar:7.0.7]
	at org.springframework.web.filter.CompositeFilter.doFilter(CompositeFilter.java:74) ~[spring-web-7.0.7.jar:7.0.7]
	at org.springframework.security.config.annotation.web.configuration.WebSecurityConfiguration$CompositeFilterChainProxy.doFilter(WebSecurityConfiguration.java:317) ~[spring-security-config-7.0.5.jar:7.0.5]
	at org.springframework.web.filter.DelegatingFilterProxy.invokeDelegate(DelegatingFilterProxy.java:355) ~[spring-web-7.0.7.jar:7.0.7]
	at org.springframework.web.filter.DelegatingFilterProxy.doFilter(DelegatingFilterProxy.java:272) ~[spring-web-7.0.7.jar:7.0.7]
	at org.apache.catalina.core.ApplicationFilterChain.doFilter(ApplicationFilterChain.java:107) ~[tomcat-embed-core-11.0.21.jar:11.0.21]
	at org.springframework.web.filter.RequestContextFilter.doFilterInternal(RequestContextFilter.java:100) ~[spring-web-7.0.7.jar:7.0.7]
	at org.springframework.web.filter.OncePerRequestFilter.doFilter(OncePerRequestFilter.java:116) ~[spring-web-7.0.7.jar:7.0.7]
	at org.apache.catalina.core.ApplicationFilterChain.doFilter(ApplicationFilterChain.java:107) ~[tomcat-embed-core-11.0.21.jar:11.0.21]
	at org.springframework.web.filter.FormContentFilter.doFilterInternal(FormContentFilter.java:93) ~[spring-web-7.0.7.jar:7.0.7]
	at org.springframework.web.filter.OncePerRequestFilter.doFilter(OncePerRequestFilter.java:116) ~[spring-web-7.0.7.jar:7.0.7]
	at org.apache.catalina.core.ApplicationFilterChain.doFilter(ApplicationFilterChain.java:107) ~[tomcat-embed-core-11.0.21.jar:11.0.21]
	at org.springframework.web.filter.CharacterEncodingFilter.doFilterInternal(CharacterEncodingFilter.java:199) ~[spring-web-7.0.7.jar:7.0.7]
	at org.springframework.web.filter.OncePerRequestFilter.doFilter(OncePerRequestFilter.java:116) ~[spring-web-7.0.7.jar:7.0.7]
	at org.apache.catalina.core.ApplicationFilterChain.doFilter(ApplicationFilterChain.java:107) ~[tomcat-embed-core-11.0.21.jar:11.0.21]
	at com.backend.dealspot.config.RequestLoggingFilter.doFilterInternal(RequestLoggingFilter.java:63) ~[classes/:na]
	at org.springframework.web.filter.OncePerRequestFilter.doFilter(OncePerRequestFilter.java:116) ~[spring-web-7.0.7.jar:7.0.7]
	at org.apache.catalina.core.ApplicationFilterChain.doFilter(ApplicationFilterChain.java:107) ~[tomcat-embed-core-11.0.21.jar:11.0.21]
	at org.apache.catalina.core.StandardWrapperValve.invoke(StandardWrapperValve.java:165) ~[tomcat-embed-core-11.0.21.jar:11.0.21]
	at org.apache.catalina.core.StandardContextValve.invoke(StandardContextValve.java:77) ~[tomcat-embed-core-11.0.21.jar:11.0.21]
	at org.apache.catalina.authenticator.AuthenticatorBase.invoke(AuthenticatorBase.java:492) ~[tomcat-embed-core-11.0.21.jar:11.0.21]
	at org.apache.catalina.core.StandardHostValve.invoke(StandardHostValve.java:113) ~[tomcat-embed-core-11.0.21.jar:11.0.21]
	at org.apache.catalina.valves.ErrorReportValve.invoke(ErrorReportValve.java:83) ~[tomcat-embed-core-11.0.21.jar:11.0.21]
	at org.apache.catalina.core.StandardEngineValve.invoke(StandardEngineValve.java:72) ~[tomcat-embed-core-11.0.21.jar:11.0.21]
	at org.apache.catalina.connector.CoyoteAdapter.service(CoyoteAdapter.java:341) ~[tomcat-embed-core-11.0.21.jar:11.0.21]
	at org.apache.coyote.http11.Http11Processor.service(Http11Processor.java:397) ~[tomcat-embed-core-11.0.21.jar:11.0.21]
	at org.apache.coyote.AbstractProcessorLight.process(AbstractProcessorLight.java:63) ~[tomcat-embed-core-11.0.21.jar:11.0.21]
	at org.apache.coyote.AbstractProtocol$ConnectionHandler.process(AbstractProtocol.java:903) ~[tomcat-embed-core-11.0.21.jar:11.0.21]
	at org.apache.tomcat.util.net.NioEndpoint$SocketProcessor.doRun(NioEndpoint.java:1801) ~[tomcat-embed-core-11.0.21.jar:11.0.21]
	at org.apache.tomcat.util.net.SocketProcessorBase.run(SocketProcessorBase.java:52) ~[tomcat-embed-core-11.0.21.jar:11.0.21]
	at org.apache.tomcat.util.threads.ThreadPoolExecutor.runWorker(ThreadPoolExecutor.java:946) ~[tomcat-embed-core-11.0.21.jar:11.0.21]
	at org.apache.tomcat.util.threads.ThreadPoolExecutor$Worker.run(ThreadPoolExecutor.java:480) ~[tomcat-embed-core-11.0.21.jar:11.0.21]
	at org.apache.tomcat.util.threads.TaskThread$WrappingRunnable.run(TaskThread.java:57) ~[tomcat-embed-core-11.0.21.jar:11.0.21]
	at java.base/java.lang.Thread.run(Thread.java:1516) ~[na:na]
Caused by: org.hibernate.exception.ConstraintViolationException: could not execute statement [Column 'entity_id' cannot be null] [insert into audit_logs (action,created_at,duration_ms,endpoint,entity_id,entity_type,error_message,error_type,http_method,ip_address,payload,performed_by,request_id,status_code,success,updated_at,user_agent,user_id) values (?,?,?,?,?,?,?,?,?,?,?,?,?,?,?,?,?,?)]
	at org.hibernate.dialect.MySQLDialect.lambda$buildSQLExceptionConversionDelegate$0(MySQLDialect.java:1273) ~[hibernate-core-7.2.12.Final.jar:7.2.12.Final]
	at org.hibernate.exception.internal.StandardSQLExceptionConverter.convert(StandardSQLExceptionConverter.java:34) ~[hibernate-core-7.2.12.Final.jar:7.2.12.Final]
	at org.hibernate.engine.jdbc.spi.SqlExceptionHelper.convert(SqlExceptionHelper.java:115) ~[hibernate-core-7.2.12.Final.jar:7.2.12.Final]
	at org.hibernate.engine.jdbc.internal.ResultSetReturnImpl.executeUpdate(ResultSetReturnImpl.java:184) ~[hibernate-core-7.2.12.Final.jar:7.2.12.Final]
	at org.hibernate.id.insert.GetGeneratedKeysDelegate.performMutation(GetGeneratedKeysDelegate.java:103) ~[hibernate-core-7.2.12.Final.jar:7.2.12.Final]
	at org.hibernate.engine.jdbc.mutation.internal.MutationExecutorSingleNonBatched.performNonBatchedOperations(MutationExecutorSingleNonBatched.java:45) ~[hibernate-core-7.2.12.Final.jar:7.2.12.Final]
	at org.hibernate.engine.jdbc.mutation.internal.AbstractMutationExecutor.execute(AbstractMutationExecutor.java:66) ~[hibernate-core-7.2.12.Final.jar:7.2.12.Final]
	at org.hibernate.engine.jdbc.mutation.internal.AbstractMutationExecutor.execute(AbstractMutationExecutor.java:55) ~[hibernate-core-7.2.12.Final.jar:7.2.12.Final]
	at org.hibernate.persister.entity.mutation.InsertCoordinatorStandard.doStaticInserts(InsertCoordinatorStandard.java:180) ~[hibernate-core-7.2.12.Final.jar:7.2.12.Final]
	at org.hibernate.persister.entity.mutation.InsertCoordinatorStandard.coordinateInsert(InsertCoordinatorStandard.java:120) ~[hibernate-core-7.2.12.Final.jar:7.2.12.Final]
	at org.hibernate.persister.entity.mutation.InsertCoordinatorStandard.insert(InsertCoordinatorStandard.java:84) ~[hibernate-core-7.2.12.Final.jar:7.2.12.Final]
	at org.hibernate.action.internal.EntityIdentityInsertAction.execute(EntityIdentityInsertAction.java:85) ~[hibernate-core-7.2.12.Final.jar:7.2.12.Final]
	at org.hibernate.engine.spi.ActionQueue.execute(ActionQueue.java:667) ~[hibernate-core-7.2.12.Final.jar:7.2.12.Final]
	at org.hibernate.engine.spi.ActionQueue.addResolvedEntityInsertAction(ActionQueue.java:291) ~[hibernate-core-7.2.12.Final.jar:7.2.12.Final]
	at org.hibernate.engine.spi.ActionQueue.addInsertAction(ActionQueue.java:270) ~[hibernate-core-7.2.12.Final.jar:7.2.12.Final]
	at org.hibernate.engine.spi.ActionQueue.addAction(ActionQueue.java:322) ~[hibernate-core-7.2.12.Final.jar:7.2.12.Final]
	at org.hibernate.event.internal.AbstractSaveEventListener.addInsertAction(AbstractSaveEventListener.java:371) ~[hibernate-core-7.2.12.Final.jar:7.2.12.Final]
	at org.hibernate.event.internal.AbstractSaveEventListener.performSaveOrReplicate(AbstractSaveEventListener.java:285) ~[hibernate-core-7.2.12.Final.jar:7.2.12.Final]
	at org.hibernate.event.internal.AbstractSaveEventListener.performSave(AbstractSaveEventListener.java:215) ~[hibernate-core-7.2.12.Final.jar:7.2.12.Final]
	at org.hibernate.event.internal.AbstractSaveEventListener.saveWithGeneratedId(AbstractSaveEventListener.java:133) ~[hibernate-core-7.2.12.Final.jar:7.2.12.Final]
	at org.hibernate.event.internal.DefaultPersistEventListener.entityIsTransient(DefaultPersistEventListener.java:144) ~[hibernate-core-7.2.12.Final.jar:7.2.12.Final]
	at org.hibernate.event.internal.DefaultPersistEventListener.persist(DefaultPersistEventListener.java:90) ~[hibernate-core-7.2.12.Final.jar:7.2.12.Final]
	at org.hibernate.event.internal.DefaultPersistEventListener.onPersist(DefaultPersistEventListener.java:74) ~[hibernate-core-7.2.12.Final.jar:7.2.12.Final]
	at org.hibernate.event.internal.DefaultPersistEventListener.onPersist(DefaultPersistEventListener.java:50) ~[hibernate-core-7.2.12.Final.jar:7.2.12.Final]
	at org.hibernate.event.service.internal.EventListenerGroupImpl.fireEventOnEachListener(EventListenerGroupImpl.java:138) ~[hibernate-core-7.2.12.Final.jar:7.2.12.Final]
	at org.hibernate.internal.SessionImpl.firePersist(SessionImpl.java:692) ~[hibernate-core-7.2.12.Final.jar:7.2.12.Final]
	at org.hibernate.internal.SessionImpl.persist(SessionImpl.java:675) ~[hibernate-core-7.2.12.Final.jar:7.2.12.Final]
	at java.base/jdk.internal.reflect.DirectMethodHandleAccessor.invoke(DirectMethodHandleAccessor.java:104) ~[na:na]
	at java.base/java.lang.reflect.Method.invoke(Method.java:565) ~[na:na]
	at org.springframework.orm.jpa.ExtendedEntityManagerCreator$ExtendedEntityManagerInvocationHandler.invoke(ExtendedEntityManagerCreator.java:362) ~[spring-orm-7.0.7.jar:7.0.7]
	at jdk.proxy4/jdk.proxy4.$Proxy154.persist(Unknown Source) ~[na:na]
	at java.base/jdk.internal.reflect.DirectMethodHandleAccessor.invoke(DirectMethodHandleAccessor.java:104) ~[na:na]
	at java.base/java.lang.reflect.Method.invoke(Method.java:565) ~[na:na]
	at org.springframework.orm.jpa.SharedEntityManagerCreator$SharedEntityHandlerInvocationHandler.invokeMethod(SharedEntityManagerCreator.java:240) ~[spring-orm-7.0.7.jar:7.0.7]
	at org.springframework.orm.jpa.SharedEntityManagerCreator$SharedEntityManagerInvocationHandler.invoke(SharedEntityManagerCreator.java:386) ~[spring-orm-7.0.7.jar:7.0.7]
	at jdk.proxy4/jdk.proxy4.$Proxy154.persist(Unknown Source) ~[na:na]
	at org.springframework.data.jpa.repository.support.SimpleJpaRepository.save(SimpleJpaRepository.java:664) ~[spring-data-jpa-4.0.5.jar:4.0.5]
	at java.base/jdk.internal.reflect.DirectMethodHandleAccessor.invoke(DirectMethodHandleAccessor.java:104) ~[na:na]
	at java.base/java.lang.reflect.Method.invoke(Method.java:565) ~[na:na]
	at org.springframework.aop.support.AopUtils.invokeJoinpointUsingReflection(AopUtils.java:359) ~[spring-aop-7.0.7.jar:7.0.7]
	at org.springframework.data.repository.core.support.RepositoryMethodInvoker$RepositoryFragmentMethodInvoker.lambda$new$0(RepositoryMethodInvoker.java:278) ~[spring-data-commons-4.0.5.jar:4.0.5]
	at org.springframework.data.repository.core.support.RepositoryMethodInvoker.doInvoke(RepositoryMethodInvoker.java:169) ~[spring-data-commons-4.0.5.jar:4.0.5]
	at org.springframework.data.repository.core.support.RepositoryMethodInvoker.invoke(RepositoryMethodInvoker.java:158) ~[spring-data-commons-4.0.5.jar:4.0.5]
	at org.springframework.data.repository.core.support.RepositoryComposition$RepositoryFragments.invoke(RepositoryComposition.java:545) ~[spring-data-commons-4.0.5.jar:4.0.5]
	at org.springframework.data.repository.core.support.RepositoryComposition.invoke(RepositoryComposition.java:290) ~[spring-data-commons-4.0.5.jar:4.0.5]
	at org.springframework.data.repository.core.support.RepositoryFactorySupport$ImplementationMethodExecutionInterceptor.invoke(RepositoryFactorySupport.java:690) ~[spring-data-commons-4.0.5.jar:4.0.5]
	at org.springframework.aop.framework.ReflectiveMethodInvocation.proceed(ReflectiveMethodInvocation.java:179) ~[spring-aop-7.0.7.jar:7.0.7]
	at org.springframework.data.repository.core.support.QueryExecutorMethodInterceptor.doInvoke(QueryExecutorMethodInterceptor.java:171) ~[spring-data-commons-4.0.5.jar:4.0.5]
	at org.springframework.data.repository.core.support.QueryExecutorMethodInterceptor.invoke(QueryExecutorMethodInterceptor.java:146) ~[spring-data-commons-4.0.5.jar:4.0.5]
	at org.springframework.aop.framework.ReflectiveMethodInvocation.proceed(ReflectiveMethodInvocation.java:179) ~[spring-aop-7.0.7.jar:7.0.7]
	at org.springframework.data.projection.DefaultMethodInvokingMethodInterceptor.invoke(DefaultMethodInvokingMethodInterceptor.java:69) ~[spring-data-commons-4.0.5.jar:4.0.5]
	at org.springframework.aop.framework.ReflectiveMethodInvocation.proceed(ReflectiveMethodInvocation.java:179) ~[spring-aop-7.0.7.jar:7.0.7]
	at org.springframework.transaction.interceptor.TransactionInterceptor$1.proceedWithInvocation(TransactionInterceptor.java:133) ~[spring-tx-7.0.7.jar:7.0.7]
	at org.springframework.transaction.interceptor.TransactionAspectSupport.invokeWithinTransaction(TransactionAspectSupport.java:371) ~[spring-tx-7.0.7.jar:7.0.7]
	at org.springframework.transaction.interceptor.TransactionInterceptor.invoke(TransactionInterceptor.java:130) ~[spring-tx-7.0.7.jar:7.0.7]
	at org.springframework.aop.framework.ReflectiveMethodInvocation.proceed(ReflectiveMethodInvocation.java:179) ~[spring-aop-7.0.7.jar:7.0.7]
	at org.springframework.dao.support.PersistenceExceptionTranslationInterceptor.invoke(PersistenceExceptionTranslationInterceptor.java:135) ~[spring-tx-7.0.7.jar:7.0.7]
	... 116 common frames omitted
Caused by: java.sql.SQLIntegrityConstraintViolationException: Column 'entity_id' cannot be null
	at com.mysql.cj.jdbc.exceptions.SQLError.createSQLException(SQLError.java:109) ~[mysql-connector-j-9.7.0.jar:9.7.0]
	at com.mysql.cj.jdbc.exceptions.SQLExceptionsMapping.translateException(SQLExceptionsMapping.java:114) ~[mysql-connector-j-9.7.0.jar:9.7.0]
	at com.mysql.cj.jdbc.ClientPreparedStatement.executeInternal(ClientPreparedStatement.java:988) ~[mysql-connector-j-9.7.0.jar:9.7.0]
	at com.mysql.cj.jdbc.ClientPreparedStatement.executeUpdateInternal(ClientPreparedStatement.java:1166) ~[mysql-connector-j-9.7.0.jar:9.7.0]
	at com.mysql.cj.jdbc.ClientPreparedStatement.executeUpdateInternal(ClientPreparedStatement.java:1101) ~[mysql-connector-j-9.7.0.jar:9.7.0]
	at com.mysql.cj.jdbc.ClientPreparedStatement.executeLargeUpdate(ClientPreparedStatement.java:1448) ~[mysql-connector-j-9.7.0.jar:9.7.0]
	at com.mysql.cj.jdbc.ClientPreparedStatement.executeUpdate(ClientPreparedStatement.java:1084) ~[mysql-connector-j-9.7.0.jar:9.7.0]
	at com.zaxxer.hikari.pool.ProxyPreparedStatement.executeUpdate(ProxyPreparedStatement.java:61) ~[HikariCP-7.0.2.jar:na]
	at com.zaxxer.hikari.pool.HikariProxyPreparedStatement.executeUpdate(HikariProxyPreparedStatement.java) ~[HikariCP-7.0.2.jar:na]
	at org.hibernate.engine.jdbc.internal.ResultSetReturnImpl.executeUpdate(ResultSetReturnImpl.java:181) ~[hibernate-core-7.2.12.Final.jar:7.2.12.Final]
	... 169 common frames omitted

2026-09-15 12:57:16.282  WARN 13736 --- [4c21aca1] [userId=anonymous] [0.0-8080-exec-4] c.b.d.c.e.GlobalExceptionHandler         : Business runtime exception: Transaction silently rolled back because it has been marked as rollback-only
2026-09-15 12:57:16.305  WARN 13736 --- [4c21aca1] [userId=anonymous] [0.0-8080-exec-4] .m.m.a.ExceptionHandlerExceptionResolver : Resolved [org.springframework.transaction.UnexpectedRollbackException: Transaction silently rolled back because it has been marked as rollback-only]
2026-09-15 12:57:16.306  INFO 13736 --- [4c21aca1] [userId=anonymous] [0.0-8080-exec-4] c.b.d.config.RequestLoggingFilter        : method=POST uri=/api/dealspot/auth/admin/login status=400 duration=192ms
2026-09-15 12:57:16.331 DEBUG 13736 --- [ad5642fe] [userId=anonymous] [0.0-8080-exec-5] c.b.dealspot.controller.AuthController   : User login attempt for email: nonexistent@dealspot.com
2026-09-15 12:57:16.340  WARN 13736 --- [ad5642fe] [userId=anonymous] [0.0-8080-exec-5] org.hibernate.orm.jdbc.error             : HHH000247: ErrorCode: 1048, SQLState: 23000
2026-09-15 12:57:16.340  WARN 13736 --- [ad5642fe] [userId=anonymous] [0.0-8080-exec-5] org.hibernate.orm.jdbc.error             : Column 'entity_id' cannot be null
2026-09-15 12:57:16.341 ERROR 13736 --- [ad5642fe] [userId=anonymous] [0.0-8080-exec-5] c.b.d.serviceImpl.AuditServiceImpl       : Failed to persist audit log for action: LOGIN. Reason: could not execute statement [Column 'entity_id' cannot be null] [insert into audit_logs (action,created_at,duration_ms,endpoint,entity_id,entity_type,error_message,error_type,http_method,ip_address,payload,performed_by,request_id,status_code,success,updated_at,user_agent,user_id) values (?,?,?,?,?,?,?,?,?,?,?,?,?,?,?,?,?,?)]; SQL [insert into audit_logs (action,created_at,duration_ms,endpoint,entity_id,entity_type,error_message,error_type,http_method,ip_address,payload,performed_by,request_id,status_code,success,updated_at,user_agent,user_id) values (?,?,?,?,?,?,?,?,?,?,?,?,?,?,?,?,?,?)]; constraint [entity_id]

org.springframework.dao.DataIntegrityViolationException: could not execute statement [Column 'entity_id' cannot be null] [insert into audit_logs (action,created_at,duration_ms,endpoint,entity_id,entity_type,error_message,error_type,http_method,ip_address,payload,performed_by,request_id,status_code,success,updated_at,user_agent,user_id) values (?,?,?,?,?,?,?,?,?,?,?,?,?,?,?,?,?,?)]; SQL [insert into audit_logs (action,created_at,duration_ms,endpoint,entity_id,entity_type,error_message,error_type,http_method,ip_address,payload,performed_by,request_id,status_code,success,updated_at,user_agent,user_id) values (?,?,?,?,?,?,?,?,?,?,?,?,?,?,?,?,?,?)]; constraint [entity_id]
	at org.springframework.orm.jpa.hibernate.HibernateExceptionTranslator.convertHibernateAccessException(HibernateExceptionTranslator.java:169) ~[spring-orm-7.0.7.jar:7.0.7]
	at org.springframework.orm.jpa.hibernate.HibernateExceptionTranslator.convertHibernateAccessException(HibernateExceptionTranslator.java:131) ~[spring-orm-7.0.7.jar:7.0.7]
	at org.springframework.orm.jpa.hibernate.HibernateExceptionTranslator.translateExceptionIfPossible(HibernateExceptionTranslator.java:105) ~[spring-orm-7.0.7.jar:7.0.7]
	at org.springframework.orm.jpa.vendor.HibernateJpaDialect.translateExceptionIfPossible(HibernateJpaDialect.java:223) ~[spring-orm-7.0.7.jar:7.0.7]
	at org.springframework.orm.jpa.AbstractEntityManagerFactoryBean.translateExceptionIfPossible(AbstractEntityManagerFactoryBean.java:576) ~[spring-orm-7.0.7.jar:7.0.7]
	at org.springframework.dao.support.ChainedPersistenceExceptionTranslator.translateExceptionIfPossible(ChainedPersistenceExceptionTranslator.java:61) ~[spring-tx-7.0.7.jar:7.0.7]
	at org.springframework.dao.support.DataAccessUtils.translateIfNecessary(DataAccessUtils.java:346) ~[spring-tx-7.0.7.jar:7.0.7]
	at org.springframework.dao.support.PersistenceExceptionTranslationInterceptor.invoke(PersistenceExceptionTranslationInterceptor.java:157) ~[spring-tx-7.0.7.jar:7.0.7]
	at org.springframework.aop.framework.ReflectiveMethodInvocation.proceed(ReflectiveMethodInvocation.java:179) ~[spring-aop-7.0.7.jar:7.0.7]
	at org.springframework.data.jpa.repository.support.CrudMethodMetadataPostProcessor$CrudMethodMetadataPopulatingMethodInterceptor.invoke(CrudMethodMetadataPostProcessor.java:166) ~[spring-data-jpa-4.0.5.jar:4.0.5]
	at org.springframework.aop.framework.ReflectiveMethodInvocation.proceed(ReflectiveMethodInvocation.java:179) ~[spring-aop-7.0.7.jar:7.0.7]
	at org.springframework.aop.framework.JdkDynamicAopProxy.invoke(JdkDynamicAopProxy.java:222) ~[spring-aop-7.0.7.jar:7.0.7]
	at jdk.proxy4/jdk.proxy4.$Proxy167.save(Unknown Source) ~[na:na]
	at com.backend.dealspot.serviceImpl.AuditServiceImpl.log(AuditServiceImpl.java:134) ~[classes/:na]
	at com.backend.dealspot.serviceImpl.AuditServiceImpl.log(AuditServiceImpl.java:155) ~[classes/:na]
	at java.base/jdk.internal.reflect.DirectMethodHandleAccessor.invoke(DirectMethodHandleAccessor.java:104) ~[na:na]
	at java.base/java.lang.reflect.Method.invoke(Method.java:565) ~[na:na]
	at org.springframework.aop.support.AopUtils.invokeJoinpointUsingReflection(AopUtils.java:359) ~[spring-aop-7.0.7.jar:7.0.7]
	at org.springframework.aop.framework.ReflectiveMethodInvocation.invokeJoinpoint(ReflectiveMethodInvocation.java:190) ~[spring-aop-7.0.7.jar:7.0.7]
	at org.springframework.aop.framework.ReflectiveMethodInvocation.proceed(ReflectiveMethodInvocation.java:158) ~[spring-aop-7.0.7.jar:7.0.7]
	at org.springframework.transaction.interceptor.TransactionInterceptor$1.proceedWithInvocation(TransactionInterceptor.java:133) ~[spring-tx-7.0.7.jar:7.0.7]
	at org.springframework.transaction.interceptor.TransactionAspectSupport.invokeWithinTransaction(TransactionAspectSupport.java:371) ~[spring-tx-7.0.7.jar:7.0.7]
	at org.springframework.transaction.interceptor.TransactionInterceptor.invoke(TransactionInterceptor.java:130) ~[spring-tx-7.0.7.jar:7.0.7]
	at org.springframework.aop.framework.ReflectiveMethodInvocation.proceed(ReflectiveMethodInvocation.java:179) ~[spring-aop-7.0.7.jar:7.0.7]
	at org.springframework.aop.framework.CglibAopProxy$DynamicAdvisedInterceptor.intercept(CglibAopProxy.java:719) ~[spring-aop-7.0.7.jar:7.0.7]
	at com.backend.dealspot.serviceImpl.AuditServiceImpl$$SpringCGLIB$$0.log(<generated>) ~[classes/:na]
	at com.backend.dealspot.controller.AuthController.userLogin(AuthController.java:144) ~[classes/:na]
	at java.base/jdk.internal.reflect.DirectMethodHandleAccessor.invoke(DirectMethodHandleAccessor.java:104) ~[na:na]
	at java.base/java.lang.reflect.Method.invoke(Method.java:565) ~[na:na]
	at org.springframework.web.method.support.InvocableHandlerMethod.doInvoke(InvocableHandlerMethod.java:252) ~[spring-web-7.0.7.jar:7.0.7]
	at org.springframework.web.method.support.InvocableHandlerMethod.invokeForRequest(InvocableHandlerMethod.java:184) ~[spring-web-7.0.7.jar:7.0.7]
	at org.springframework.web.servlet.mvc.method.annotation.ServletInvocableHandlerMethod.invokeAndHandle(ServletInvocableHandlerMethod.java:117) ~[spring-webmvc-7.0.7.jar:7.0.7]
	at org.springframework.web.servlet.mvc.method.annotation.RequestMappingHandlerAdapter.invokeHandlerMethod(RequestMappingHandlerAdapter.java:934) ~[spring-webmvc-7.0.7.jar:7.0.7]
	at org.springframework.web.servlet.mvc.method.annotation.RequestMappingHandlerAdapter.handleInternal(RequestMappingHandlerAdapter.java:853) ~[spring-webmvc-7.0.7.jar:7.0.7]
	at org.springframework.web.servlet.mvc.method.AbstractHandlerMethodAdapter.handle(AbstractHandlerMethodAdapter.java:86) ~[spring-webmvc-7.0.7.jar:7.0.7]
	at org.springframework.web.servlet.DispatcherServlet.doDispatch(DispatcherServlet.java:963) ~[spring-webmvc-7.0.7.jar:7.0.7]
	at org.springframework.web.servlet.DispatcherServlet.doService(DispatcherServlet.java:866) ~[spring-webmvc-7.0.7.jar:7.0.7]
	at org.springframework.web.servlet.FrameworkServlet.processRequest(FrameworkServlet.java:1000) ~[spring-webmvc-7.0.7.jar:7.0.7]
	at org.springframework.web.servlet.FrameworkServlet.doPost(FrameworkServlet.java:903) ~[spring-webmvc-7.0.7.jar:7.0.7]
	at jakarta.servlet.http.HttpServlet.service(HttpServlet.java:649) ~[tomcat-embed-core-11.0.21.jar:6.1]
	at org.springframework.web.servlet.FrameworkServlet.service(FrameworkServlet.java:874) ~[spring-webmvc-7.0.7.jar:7.0.7]
	at jakarta.servlet.http.HttpServlet.service(HttpServlet.java:710) ~[tomcat-embed-core-11.0.21.jar:6.1]
	at org.apache.catalina.core.ApplicationFilterChain.doFilter(ApplicationFilterChain.java:128) ~[tomcat-embed-core-11.0.21.jar:11.0.21]
	at org.apache.tomcat.websocket.server.WsFilter.doFilter(WsFilter.java:53) ~[tomcat-embed-websocket-11.0.21.jar:11.0.21]
	at org.apache.catalina.core.ApplicationFilterChain.doFilter(ApplicationFilterChain.java:107) ~[tomcat-embed-core-11.0.21.jar:11.0.21]
	at org.springframework.web.filter.OncePerRequestFilter.doFilter(OncePerRequestFilter.java:110) ~[spring-web-7.0.7.jar:7.0.7]
	at org.apache.catalina.core.ApplicationFilterChain.doFilter(ApplicationFilterChain.java:107) ~[tomcat-embed-core-11.0.21.jar:11.0.21]
	at org.springframework.web.filter.CompositeFilter$VirtualFilterChain.doFilter(CompositeFilter.java:108) ~[spring-web-7.0.7.jar:7.0.7]
	at org.springframework.security.web.FilterChainProxy.lambda$doFilterInternal$3(FilterChainProxy.java:235) ~[spring-security-web-7.0.5.jar:7.0.5]
	at org.springframework.security.web.FilterChainProxy$VirtualFilterChain.doFilter(FilterChainProxy.java:376) ~[spring-security-web-7.0.5.jar:7.0.5]
	at org.springframework.security.web.access.intercept.AuthorizationFilter.doFilter(AuthorizationFilter.java:101) ~[spring-security-web-7.0.5.jar:7.0.5]
	at org.springframework.security.web.FilterChainProxy$VirtualFilterChain.doFilter(FilterChainProxy.java:385) ~[spring-security-web-7.0.5.jar:7.0.5]
	at org.springframework.security.web.access.ExceptionTranslationFilter.doFilter(ExceptionTranslationFilter.java:126) ~[spring-security-web-7.0.5.jar:7.0.5]
	at org.springframework.security.web.access.ExceptionTranslationFilter.doFilter(ExceptionTranslationFilter.java:120) ~[spring-security-web-7.0.5.jar:7.0.5]
	at org.springframework.security.web.FilterChainProxy$VirtualFilterChain.doFilter(FilterChainProxy.java:385) ~[spring-security-web-7.0.5.jar:7.0.5]
	at org.springframework.security.web.session.SessionManagementFilter.doFilter(SessionManagementFilter.java:132) ~[spring-security-web-7.0.5.jar:7.0.5]
	at org.springframework.security.web.session.SessionManagementFilter.doFilter(SessionManagementFilter.java:86) ~[spring-security-web-7.0.5.jar:7.0.5]
	at org.springframework.security.web.FilterChainProxy$VirtualFilterChain.doFilter(FilterChainProxy.java:385) ~[spring-security-web-7.0.5.jar:7.0.5]
	at org.springframework.security.web.authentication.AnonymousAuthenticationFilter.doFilter(AnonymousAuthenticationFilter.java:100) ~[spring-security-web-7.0.5.jar:7.0.5]
	at org.springframework.security.web.FilterChainProxy$VirtualFilterChain.doFilter(FilterChainProxy.java:385) ~[spring-security-web-7.0.5.jar:7.0.5]
	at org.springframework.security.web.servletapi.SecurityContextHolderAwareRequestFilter.doFilter(SecurityContextHolderAwareRequestFilter.java:181) ~[spring-security-web-7.0.5.jar:7.0.5]
	at org.springframework.security.web.FilterChainProxy$VirtualFilterChain.doFilter(FilterChainProxy.java:385) ~[spring-security-web-7.0.5.jar:7.0.5]
	at org.springframework.security.web.savedrequest.RequestCacheAwareFilter.doFilter(RequestCacheAwareFilter.java:63) ~[spring-security-web-7.0.5.jar:7.0.5]
	at org.springframework.security.web.FilterChainProxy$VirtualFilterChain.doFilter(FilterChainProxy.java:385) ~[spring-security-web-7.0.5.jar:7.0.5]
	at com.backend.dealspot.security.JwtAuthenticationFilter.doFilterInternal(JwtAuthenticationFilter.java:42) ~[classes/:na]
	at org.springframework.web.filter.OncePerRequestFilter.doFilter(OncePerRequestFilter.java:116) ~[spring-web-7.0.7.jar:7.0.7]
	at org.springframework.security.web.FilterChainProxy$VirtualFilterChain.doFilter(FilterChainProxy.java:385) ~[spring-security-web-7.0.5.jar:7.0.5]
	at org.springframework.security.web.authentication.logout.LogoutFilter.doFilter(LogoutFilter.java:110) ~[spring-security-web-7.0.5.jar:7.0.5]
	at org.springframework.security.web.authentication.logout.LogoutFilter.doFilter(LogoutFilter.java:96) ~[spring-security-web-7.0.5.jar:7.0.5]
	at org.springframework.security.web.FilterChainProxy$VirtualFilterChain.doFilter(FilterChainProxy.java:385) ~[spring-security-web-7.0.5.jar:7.0.5]
	at org.springframework.web.filter.CorsFilter.doFilterInternal(CorsFilter.java:91) ~[spring-web-7.0.7.jar:7.0.7]
	at org.springframework.web.filter.OncePerRequestFilter.doFilter(OncePerRequestFilter.java:116) ~[spring-web-7.0.7.jar:7.0.7]
	at org.springframework.security.web.FilterChainProxy$VirtualFilterChain.doFilter(FilterChainProxy.java:385) ~[spring-security-web-7.0.5.jar:7.0.5]
	at org.springframework.security.web.header.HeaderWriterFilter.doHeadersAfter(HeaderWriterFilter.java:90) ~[spring-security-web-7.0.5.jar:7.0.5]
	at org.springframework.security.web.header.HeaderWriterFilter.doFilterInternal(HeaderWriterFilter.java:75) ~[spring-security-web-7.0.5.jar:7.0.5]
	at org.springframework.web.filter.OncePerRequestFilter.doFilter(OncePerRequestFilter.java:116) ~[spring-web-7.0.7.jar:7.0.7]
	at org.springframework.security.web.FilterChainProxy$VirtualFilterChain.doFilter(FilterChainProxy.java:385) ~[spring-security-web-7.0.5.jar:7.0.5]
	at org.springframework.security.web.context.SecurityContextHolderFilter.doFilter(SecurityContextHolderFilter.java:82) ~[spring-security-web-7.0.5.jar:7.0.5]
	at org.springframework.security.web.context.SecurityContextHolderFilter.doFilter(SecurityContextHolderFilter.java:69) ~[spring-security-web-7.0.5.jar:7.0.5]
	at org.springframework.security.web.FilterChainProxy$VirtualFilterChain.doFilter(FilterChainProxy.java:385) ~[spring-security-web-7.0.5.jar:7.0.5]
	at org.springframework.security.web.context.request.async.WebAsyncManagerIntegrationFilter.doFilterInternal(WebAsyncManagerIntegrationFilter.java:62) ~[spring-security-web-7.0.5.jar:7.0.5]
	at org.springframework.web.filter.OncePerRequestFilter.doFilter(OncePerRequestFilter.java:116) ~[spring-web-7.0.7.jar:7.0.7]
	at org.springframework.security.web.FilterChainProxy$VirtualFilterChain.doFilter(FilterChainProxy.java:385) ~[spring-security-web-7.0.5.jar:7.0.5]
	at org.springframework.security.web.session.DisableEncodeUrlFilter.doFilterInternal(DisableEncodeUrlFilter.java:42) ~[spring-security-web-7.0.5.jar:7.0.5]
	at org.springframework.web.filter.OncePerRequestFilter.doFilter(OncePerRequestFilter.java:116) ~[spring-web-7.0.7.jar:7.0.7]
	at org.springframework.security.web.FilterChainProxy$VirtualFilterChain.doFilter(FilterChainProxy.java:385) ~[spring-security-web-7.0.5.jar:7.0.5]
	at org.springframework.security.web.FilterChainProxy.doFilterInternal(FilterChainProxy.java:237) ~[spring-security-web-7.0.5.jar:7.0.5]
	at org.springframework.security.web.FilterChainProxy.doFilter(FilterChainProxy.java:195) ~[spring-security-web-7.0.5.jar:7.0.5]
	at org.springframework.web.filter.CompositeFilter$VirtualFilterChain.doFilter(CompositeFilter.java:113) ~[spring-web-7.0.7.jar:7.0.7]
	at org.springframework.web.filter.ServletRequestPathFilter.doFilter(ServletRequestPathFilter.java:52) ~[spring-web-7.0.7.jar:7.0.7]
	at org.springframework.web.filter.CompositeFilter$VirtualFilterChain.doFilter(CompositeFilter.java:113) ~[spring-web-7.0.7.jar:7.0.7]
	at org.springframework.web.filter.CompositeFilter.doFilter(CompositeFilter.java:74) ~[spring-web-7.0.7.jar:7.0.7]
	at org.springframework.security.config.annotation.web.configuration.WebSecurityConfiguration$CompositeFilterChainProxy.doFilter(WebSecurityConfiguration.java:317) ~[spring-security-config-7.0.5.jar:7.0.5]
	at org.springframework.web.filter.DelegatingFilterProxy.invokeDelegate(DelegatingFilterProxy.java:355) ~[spring-web-7.0.7.jar:7.0.7]
	at org.springframework.web.filter.DelegatingFilterProxy.doFilter(DelegatingFilterProxy.java:272) ~[spring-web-7.0.7.jar:7.0.7]
	at org.apache.catalina.core.ApplicationFilterChain.doFilter(ApplicationFilterChain.java:107) ~[tomcat-embed-core-11.0.21.jar:11.0.21]
	at org.springframework.web.filter.RequestContextFilter.doFilterInternal(RequestContextFilter.java:100) ~[spring-web-7.0.7.jar:7.0.7]
	at org.springframework.web.filter.OncePerRequestFilter.doFilter(OncePerRequestFilter.java:116) ~[spring-web-7.0.7.jar:7.0.7]
	at org.apache.catalina.core.ApplicationFilterChain.doFilter(ApplicationFilterChain.java:107) ~[tomcat-embed-core-11.0.21.jar:11.0.21]
	at org.springframework.web.filter.FormContentFilter.doFilterInternal(FormContentFilter.java:93) ~[spring-web-7.0.7.jar:7.0.7]
	at org.springframework.web.filter.OncePerRequestFilter.doFilter(OncePerRequestFilter.java:116) ~[spring-web-7.0.7.jar:7.0.7]
	at org.apache.catalina.core.ApplicationFilterChain.doFilter(ApplicationFilterChain.java:107) ~[tomcat-embed-core-11.0.21.jar:11.0.21]
	at org.springframework.web.filter.CharacterEncodingFilter.doFilterInternal(CharacterEncodingFilter.java:199) ~[spring-web-7.0.7.jar:7.0.7]
	at org.springframework.web.filter.OncePerRequestFilter.doFilter(OncePerRequestFilter.java:116) ~[spring-web-7.0.7.jar:7.0.7]
	at org.apache.catalina.core.ApplicationFilterChain.doFilter(ApplicationFilterChain.java:107) ~[tomcat-embed-core-11.0.21.jar:11.0.21]
	at com.backend.dealspot.config.RequestLoggingFilter.doFilterInternal(RequestLoggingFilter.java:63) ~[classes/:na]
	at org.springframework.web.filter.OncePerRequestFilter.doFilter(OncePerRequestFilter.java:116) ~[spring-web-7.0.7.jar:7.0.7]
	at org.apache.catalina.core.ApplicationFilterChain.doFilter(ApplicationFilterChain.java:107) ~[tomcat-embed-core-11.0.21.jar:11.0.21]
	at org.apache.catalina.core.StandardWrapperValve.invoke(StandardWrapperValve.java:165) ~[tomcat-embed-core-11.0.21.jar:11.0.21]
	at org.apache.catalina.core.StandardContextValve.invoke(StandardContextValve.java:77) ~[tomcat-embed-core-11.0.21.jar:11.0.21]
	at org.apache.catalina.authenticator.AuthenticatorBase.invoke(AuthenticatorBase.java:492) ~[tomcat-embed-core-11.0.21.jar:11.0.21]
	at org.apache.catalina.core.StandardHostValve.invoke(StandardHostValve.java:113) ~[tomcat-embed-core-11.0.21.jar:11.0.21]
	at org.apache.catalina.valves.ErrorReportValve.invoke(ErrorReportValve.java:83) ~[tomcat-embed-core-11.0.21.jar:11.0.21]
	at org.apache.catalina.core.StandardEngineValve.invoke(StandardEngineValve.java:72) ~[tomcat-embed-core-11.0.21.jar:11.0.21]
	at org.apache.catalina.connector.CoyoteAdapter.service(CoyoteAdapter.java:341) ~[tomcat-embed-core-11.0.21.jar:11.0.21]
	at org.apache.coyote.http11.Http11Processor.service(Http11Processor.java:397) ~[tomcat-embed-core-11.0.21.jar:11.0.21]
	at org.apache.coyote.AbstractProcessorLight.process(AbstractProcessorLight.java:63) ~[tomcat-embed-core-11.0.21.jar:11.0.21]
	at org.apache.coyote.AbstractProtocol$ConnectionHandler.process(AbstractProtocol.java:903) ~[tomcat-embed-core-11.0.21.jar:11.0.21]
	at org.apache.tomcat.util.net.NioEndpoint$SocketProcessor.doRun(NioEndpoint.java:1801) ~[tomcat-embed-core-11.0.21.jar:11.0.21]
	at org.apache.tomcat.util.net.SocketProcessorBase.run(SocketProcessorBase.java:52) ~[tomcat-embed-core-11.0.21.jar:11.0.21]
	at org.apache.tomcat.util.threads.ThreadPoolExecutor.runWorker(ThreadPoolExecutor.java:946) ~[tomcat-embed-core-11.0.21.jar:11.0.21]
	at org.apache.tomcat.util.threads.ThreadPoolExecutor$Worker.run(ThreadPoolExecutor.java:480) ~[tomcat-embed-core-11.0.21.jar:11.0.21]
	at org.apache.tomcat.util.threads.TaskThread$WrappingRunnable.run(TaskThread.java:57) ~[tomcat-embed-core-11.0.21.jar:11.0.21]
	at java.base/java.lang.Thread.run(Thread.java:1516) ~[na:na]
Caused by: org.hibernate.exception.ConstraintViolationException: could not execute statement [Column 'entity_id' cannot be null] [insert into audit_logs (action,created_at,duration_ms,endpoint,entity_id,entity_type,error_message,error_type,http_method,ip_address,payload,performed_by,request_id,status_code,success,updated_at,user_agent,user_id) values (?,?,?,?,?,?,?,?,?,?,?,?,?,?,?,?,?,?)]
	at org.hibernate.dialect.MySQLDialect.lambda$buildSQLExceptionConversionDelegate$0(MySQLDialect.java:1273) ~[hibernate-core-7.2.12.Final.jar:7.2.12.Final]
	at org.hibernate.exception.internal.StandardSQLExceptionConverter.convert(StandardSQLExceptionConverter.java:34) ~[hibernate-core-7.2.12.Final.jar:7.2.12.Final]
	at org.hibernate.engine.jdbc.spi.SqlExceptionHelper.convert(SqlExceptionHelper.java:115) ~[hibernate-core-7.2.12.Final.jar:7.2.12.Final]
	at org.hibernate.engine.jdbc.internal.ResultSetReturnImpl.executeUpdate(ResultSetReturnImpl.java:184) ~[hibernate-core-7.2.12.Final.jar:7.2.12.Final]
	at org.hibernate.id.insert.GetGeneratedKeysDelegate.performMutation(GetGeneratedKeysDelegate.java:103) ~[hibernate-core-7.2.12.Final.jar:7.2.12.Final]
	at org.hibernate.engine.jdbc.mutation.internal.MutationExecutorSingleNonBatched.performNonBatchedOperations(MutationExecutorSingleNonBatched.java:45) ~[hibernate-core-7.2.12.Final.jar:7.2.12.Final]
	at org.hibernate.engine.jdbc.mutation.internal.AbstractMutationExecutor.execute(AbstractMutationExecutor.java:66) ~[hibernate-core-7.2.12.Final.jar:7.2.12.Final]
	at org.hibernate.engine.jdbc.mutation.internal.AbstractMutationExecutor.execute(AbstractMutationExecutor.java:55) ~[hibernate-core-7.2.12.Final.jar:7.2.12.Final]
	at org.hibernate.persister.entity.mutation.InsertCoordinatorStandard.doStaticInserts(InsertCoordinatorStandard.java:180) ~[hibernate-core-7.2.12.Final.jar:7.2.12.Final]
	at org.hibernate.persister.entity.mutation.InsertCoordinatorStandard.coordinateInsert(InsertCoordinatorStandard.java:120) ~[hibernate-core-7.2.12.Final.jar:7.2.12.Final]
	at org.hibernate.persister.entity.mutation.InsertCoordinatorStandard.insert(InsertCoordinatorStandard.java:84) ~[hibernate-core-7.2.12.Final.jar:7.2.12.Final]
	at org.hibernate.action.internal.EntityIdentityInsertAction.execute(EntityIdentityInsertAction.java:85) ~[hibernate-core-7.2.12.Final.jar:7.2.12.Final]
	at org.hibernate.engine.spi.ActionQueue.execute(ActionQueue.java:667) ~[hibernate-core-7.2.12.Final.jar:7.2.12.Final]
	at org.hibernate.engine.spi.ActionQueue.addResolvedEntityInsertAction(ActionQueue.java:291) ~[hibernate-core-7.2.12.Final.jar:7.2.12.Final]
	at org.hibernate.engine.spi.ActionQueue.addInsertAction(ActionQueue.java:270) ~[hibernate-core-7.2.12.Final.jar:7.2.12.Final]
	at org.hibernate.engine.spi.ActionQueue.addAction(ActionQueue.java:322) ~[hibernate-core-7.2.12.Final.jar:7.2.12.Final]
	at org.hibernate.event.internal.AbstractSaveEventListener.addInsertAction(AbstractSaveEventListener.java:371) ~[hibernate-core-7.2.12.Final.jar:7.2.12.Final]
	at org.hibernate.event.internal.AbstractSaveEventListener.performSaveOrReplicate(AbstractSaveEventListener.java:285) ~[hibernate-core-7.2.12.Final.jar:7.2.12.Final]
	at org.hibernate.event.internal.AbstractSaveEventListener.performSave(AbstractSaveEventListener.java:215) ~[hibernate-core-7.2.12.Final.jar:7.2.12.Final]
	at org.hibernate.event.internal.AbstractSaveEventListener.saveWithGeneratedId(AbstractSaveEventListener.java:133) ~[hibernate-core-7.2.12.Final.jar:7.2.12.Final]
	at org.hibernate.event.internal.DefaultPersistEventListener.entityIsTransient(DefaultPersistEventListener.java:144) ~[hibernate-core-7.2.12.Final.jar:7.2.12.Final]
	at org.hibernate.event.internal.DefaultPersistEventListener.persist(DefaultPersistEventListener.java:90) ~[hibernate-core-7.2.12.Final.jar:7.2.12.Final]
	at org.hibernate.event.internal.DefaultPersistEventListener.onPersist(DefaultPersistEventListener.java:74) ~[hibernate-core-7.2.12.Final.jar:7.2.12.Final]
	at org.hibernate.event.internal.DefaultPersistEventListener.onPersist(DefaultPersistEventListener.java:50) ~[hibernate-core-7.2.12.Final.jar:7.2.12.Final]
	at org.hibernate.event.service.internal.EventListenerGroupImpl.fireEventOnEachListener(EventListenerGroupImpl.java:138) ~[hibernate-core-7.2.12.Final.jar:7.2.12.Final]
	at org.hibernate.internal.SessionImpl.firePersist(SessionImpl.java:692) ~[hibernate-core-7.2.12.Final.jar:7.2.12.Final]
	at org.hibernate.internal.SessionImpl.persist(SessionImpl.java:675) ~[hibernate-core-7.2.12.Final.jar:7.2.12.Final]
	at java.base/jdk.internal.reflect.DirectMethodHandleAccessor.invoke(DirectMethodHandleAccessor.java:104) ~[na:na]
	at java.base/java.lang.reflect.Method.invoke(Method.java:565) ~[na:na]
	at org.springframework.orm.jpa.ExtendedEntityManagerCreator$ExtendedEntityManagerInvocationHandler.invoke(ExtendedEntityManagerCreator.java:362) ~[spring-orm-7.0.7.jar:7.0.7]
	at jdk.proxy4/jdk.proxy4.$Proxy154.persist(Unknown Source) ~[na:na]
	at java.base/jdk.internal.reflect.DirectMethodHandleAccessor.invoke(DirectMethodHandleAccessor.java:104) ~[na:na]
	at java.base/java.lang.reflect.Method.invoke(Method.java:565) ~[na:na]
	at org.springframework.orm.jpa.SharedEntityManagerCreator$SharedEntityHandlerInvocationHandler.invokeMethod(SharedEntityManagerCreator.java:240) ~[spring-orm-7.0.7.jar:7.0.7]
	at org.springframework.orm.jpa.SharedEntityManagerCreator$SharedEntityManagerInvocationHandler.invoke(SharedEntityManagerCreator.java:386) ~[spring-orm-7.0.7.jar:7.0.7]
	at jdk.proxy4/jdk.proxy4.$Proxy154.persist(Unknown Source) ~[na:na]
	at org.springframework.data.jpa.repository.support.SimpleJpaRepository.save(SimpleJpaRepository.java:664) ~[spring-data-jpa-4.0.5.jar:4.0.5]
	at java.base/jdk.internal.reflect.DirectMethodHandleAccessor.invoke(DirectMethodHandleAccessor.java:104) ~[na:na]
	at java.base/java.lang.reflect.Method.invoke(Method.java:565) ~[na:na]
	at org.springframework.aop.support.AopUtils.invokeJoinpointUsingReflection(AopUtils.java:359) ~[spring-aop-7.0.7.jar:7.0.7]
	at org.springframework.data.repository.core.support.RepositoryMethodInvoker$RepositoryFragmentMethodInvoker.lambda$new$0(RepositoryMethodInvoker.java:278) ~[spring-data-commons-4.0.5.jar:4.0.5]
	at org.springframework.data.repository.core.support.RepositoryMethodInvoker.doInvoke(RepositoryMethodInvoker.java:169) ~[spring-data-commons-4.0.5.jar:4.0.5]
	at org.springframework.data.repository.core.support.RepositoryMethodInvoker.invoke(RepositoryMethodInvoker.java:158) ~[spring-data-commons-4.0.5.jar:4.0.5]
	at org.springframework.data.repository.core.support.RepositoryComposition$RepositoryFragments.invoke(RepositoryComposition.java:545) ~[spring-data-commons-4.0.5.jar:4.0.5]
	at org.springframework.data.repository.core.support.RepositoryComposition.invoke(RepositoryComposition.java:290) ~[spring-data-commons-4.0.5.jar:4.0.5]
	at org.springframework.data.repository.core.support.RepositoryFactorySupport$ImplementationMethodExecutionInterceptor.invoke(RepositoryFactorySupport.java:690) ~[spring-data-commons-4.0.5.jar:4.0.5]
	at org.springframework.aop.framework.ReflectiveMethodInvocation.proceed(ReflectiveMethodInvocation.java:179) ~[spring-aop-7.0.7.jar:7.0.7]
	at org.springframework.data.repository.core.support.QueryExecutorMethodInterceptor.doInvoke(QueryExecutorMethodInterceptor.java:171) ~[spring-data-commons-4.0.5.jar:4.0.5]
	at org.springframework.data.repository.core.support.QueryExecutorMethodInterceptor.invoke(QueryExecutorMethodInterceptor.java:146) ~[spring-data-commons-4.0.5.jar:4.0.5]
	at org.springframework.aop.framework.ReflectiveMethodInvocation.proceed(ReflectiveMethodInvocation.java:179) ~[spring-aop-7.0.7.jar:7.0.7]
	at org.springframework.data.projection.DefaultMethodInvokingMethodInterceptor.invoke(DefaultMethodInvokingMethodInterceptor.java:69) ~[spring-data-commons-4.0.5.jar:4.0.5]
	at org.springframework.aop.framework.ReflectiveMethodInvocation.proceed(ReflectiveMethodInvocation.java:179) ~[spring-aop-7.0.7.jar:7.0.7]
	at org.springframework.transaction.interceptor.TransactionInterceptor$1.proceedWithInvocation(TransactionInterceptor.java:133) ~[spring-tx-7.0.7.jar:7.0.7]
	at org.springframework.transaction.interceptor.TransactionAspectSupport.invokeWithinTransaction(TransactionAspectSupport.java:371) ~[spring-tx-7.0.7.jar:7.0.7]
	at org.springframework.transaction.interceptor.TransactionInterceptor.invoke(TransactionInterceptor.java:130) ~[spring-tx-7.0.7.jar:7.0.7]
	at org.springframework.aop.framework.ReflectiveMethodInvocation.proceed(ReflectiveMethodInvocation.java:179) ~[spring-aop-7.0.7.jar:7.0.7]
	at org.springframework.dao.support.PersistenceExceptionTranslationInterceptor.invoke(PersistenceExceptionTranslationInterceptor.java:135) ~[spring-tx-7.0.7.jar:7.0.7]
	... 116 common frames omitted
Caused by: java.sql.SQLIntegrityConstraintViolationException: Column 'entity_id' cannot be null
	at com.mysql.cj.jdbc.exceptions.SQLError.createSQLException(SQLError.java:109) ~[mysql-connector-j-9.7.0.jar:9.7.0]
	at com.mysql.cj.jdbc.exceptions.SQLExceptionsMapping.translateException(SQLExceptionsMapping.java:114) ~[mysql-connector-j-9.7.0.jar:9.7.0]
	at com.mysql.cj.jdbc.ClientPreparedStatement.executeInternal(ClientPreparedStatement.java:988) ~[mysql-connector-j-9.7.0.jar:9.7.0]
	at com.mysql.cj.jdbc.ClientPreparedStatement.executeUpdateInternal(ClientPreparedStatement.java:1166) ~[mysql-connector-j-9.7.0.jar:9.7.0]
	at com.mysql.cj.jdbc.ClientPreparedStatement.executeUpdateInternal(ClientPreparedStatement.java:1101) ~[mysql-connector-j-9.7.0.jar:9.7.0]
	at com.mysql.cj.jdbc.ClientPreparedStatement.executeLargeUpdate(ClientPreparedStatement.java:1448) ~[mysql-connector-j-9.7.0.jar:9.7.0]
	at com.mysql.cj.jdbc.ClientPreparedStatement.executeUpdate(ClientPreparedStatement.java:1084) ~[mysql-connector-j-9.7.0.jar:9.7.0]
	at com.zaxxer.hikari.pool.ProxyPreparedStatement.executeUpdate(ProxyPreparedStatement.java:61) ~[HikariCP-7.0.2.jar:na]
	at com.zaxxer.hikari.pool.HikariProxyPreparedStatement.executeUpdate(HikariProxyPreparedStatement.java) ~[HikariCP-7.0.2.jar:na]
	at org.hibernate.engine.jdbc.internal.ResultSetReturnImpl.executeUpdate(ResultSetReturnImpl.java:181) ~[hibernate-core-7.2.12.Final.jar:7.2.12.Final]
	... 169 common frames omitted

2026-09-15 12:57:16.348  WARN 13736 --- [ad5642fe] [userId=anonymous] [0.0-8080-exec-5] c.b.d.c.e.GlobalExceptionHandler         : Business runtime exception: Transaction silently rolled back because it has been marked as rollback-only
2026-09-15 12:57:16.349  WARN 13736 --- [ad5642fe] [userId=anonymous] [0.0-8080-exec-5] .m.m.a.ExceptionHandlerExceptionResolver : Resolved [org.springframework.transaction.UnexpectedRollbackException: Transaction silently rolled back because it has been marked as rollback-only]
2026-09-15 12:57:16.350  INFO 13736 --- [ad5642fe] [userId=anonymous] [0.0-8080-exec-5] c.b.d.config.RequestLoggingFilter        : method=POST uri=/api/dealspot/auth/user/login status=400 duration=21ms
2026-09-15 12:57:16.375  INFO 13736 --- [e0466fa6] [userId=anonymous] [0.0-8080-exec-6] c.b.dealspot.controller.AuthController   : Received user registration request for email: testcustomer1@dealspot.com
2026-09-15 12:57:16.383  WARN 13736 --- [e0466fa6] [userId=anonymous] [0.0-8080-exec-6] org.hibernate.orm.jdbc.error             : HHH000247: ErrorCode: 1048, SQLState: 23000
2026-09-15 12:57:16.383  WARN 13736 --- [e0466fa6] [userId=anonymous] [0.0-8080-exec-6] org.hibernate.orm.jdbc.error             : Column 'entity_id' cannot be null
2026-09-15 12:57:16.383 ERROR 13736 --- [e0466fa6] [userId=anonymous] [0.0-8080-exec-6] c.b.d.serviceImpl.AuditServiceImpl       : Failed to persist audit log for action: REGISTER_USER. Reason: could not execute statement [Column 'entity_id' cannot be null] [insert into audit_logs (action,created_at,duration_ms,endpoint,entity_id,entity_type,error_message,error_type,http_method,ip_address,payload,performed_by,request_id,status_code,success,updated_at,user_agent,user_id) values (?,?,?,?,?,?,?,?,?,?,?,?,?,?,?,?,?,?)]; SQL [insert into audit_logs (action,created_at,duration_ms,endpoint,entity_id,entity_type,error_message,error_type,http_method,ip_address,payload,performed_by,request_id,status_code,success,updated_at,user_agent,user_id) values (?,?,?,?,?,?,?,?,?,?,?,?,?,?,?,?,?,?)]; constraint [entity_id]

org.springframework.dao.DataIntegrityViolationException: could not execute statement [Column 'entity_id' cannot be null] [insert into audit_logs (action,created_at,duration_ms,endpoint,entity_id,entity_type,error_message,error_type,http_method,ip_address,payload,performed_by,request_id,status_code,success,updated_at,user_agent,user_id) values (?,?,?,?,?,?,?,?,?,?,?,?,?,?,?,?,?,?)]; SQL [insert into audit_logs (action,created_at,duration_ms,endpoint,entity_id,entity_type,error_message,error_type,http_method,ip_address,payload,performed_by,request_id,status_code,success,updated_at,user_agent,user_id) values (?,?,?,?,?,?,?,?,?,?,?,?,?,?,?,?,?,?)]; constraint [entity_id]
	at org.springframework.orm.jpa.hibernate.HibernateExceptionTranslator.convertHibernateAccessException(HibernateExceptionTranslator.java:169) ~[spring-orm-7.0.7.jar:7.0.7]
	at org.springframework.orm.jpa.hibernate.HibernateExceptionTranslator.convertHibernateAccessException(HibernateExceptionTranslator.java:131) ~[spring-orm-7.0.7.jar:7.0.7]
	at org.springframework.orm.jpa.hibernate.HibernateExceptionTranslator.translateExceptionIfPossible(HibernateExceptionTranslator.java:105) ~[spring-orm-7.0.7.jar:7.0.7]
	at org.springframework.orm.jpa.vendor.HibernateJpaDialect.translateExceptionIfPossible(HibernateJpaDialect.java:223) ~[spring-orm-7.0.7.jar:7.0.7]
	at org.springframework.orm.jpa.AbstractEntityManagerFactoryBean.translateExceptionIfPossible(AbstractEntityManagerFactoryBean.java:576) ~[spring-orm-7.0.7.jar:7.0.7]
	at org.springframework.dao.support.ChainedPersistenceExceptionTranslator.translateExceptionIfPossible(ChainedPersistenceExceptionTranslator.java:61) ~[spring-tx-7.0.7.jar:7.0.7]
	at org.springframework.dao.support.DataAccessUtils.translateIfNecessary(DataAccessUtils.java:346) ~[spring-tx-7.0.7.jar:7.0.7]
	at org.springframework.dao.support.PersistenceExceptionTranslationInterceptor.invoke(PersistenceExceptionTranslationInterceptor.java:157) ~[spring-tx-7.0.7.jar:7.0.7]
	at org.springframework.aop.framework.ReflectiveMethodInvocation.proceed(ReflectiveMethodInvocation.java:179) ~[spring-aop-7.0.7.jar:7.0.7]
	at org.springframework.data.jpa.repository.support.CrudMethodMetadataPostProcessor$CrudMethodMetadataPopulatingMethodInterceptor.invoke(CrudMethodMetadataPostProcessor.java:166) ~[spring-data-jpa-4.0.5.jar:4.0.5]
	at org.springframework.aop.framework.ReflectiveMethodInvocation.proceed(ReflectiveMethodInvocation.java:179) ~[spring-aop-7.0.7.jar:7.0.7]
	at org.springframework.aop.framework.JdkDynamicAopProxy.invoke(JdkDynamicAopProxy.java:222) ~[spring-aop-7.0.7.jar:7.0.7]
	at jdk.proxy4/jdk.proxy4.$Proxy167.save(Unknown Source) ~[na:na]
	at com.backend.dealspot.serviceImpl.AuditServiceImpl.log(AuditServiceImpl.java:134) ~[classes/:na]
	at com.backend.dealspot.serviceImpl.AuditServiceImpl.log(AuditServiceImpl.java:155) ~[classes/:na]
	at java.base/jdk.internal.reflect.DirectMethodHandleAccessor.invoke(DirectMethodHandleAccessor.java:104) ~[na:na]
	at java.base/java.lang.reflect.Method.invoke(Method.java:565) ~[na:na]
	at org.springframework.aop.support.AopUtils.invokeJoinpointUsingReflection(AopUtils.java:359) ~[spring-aop-7.0.7.jar:7.0.7]
	at org.springframework.aop.framework.ReflectiveMethodInvocation.invokeJoinpoint(ReflectiveMethodInvocation.java:190) ~[spring-aop-7.0.7.jar:7.0.7]
	at org.springframework.aop.framework.ReflectiveMethodInvocation.proceed(ReflectiveMethodInvocation.java:158) ~[spring-aop-7.0.7.jar:7.0.7]
	at org.springframework.transaction.interceptor.TransactionInterceptor$1.proceedWithInvocation(TransactionInterceptor.java:133) ~[spring-tx-7.0.7.jar:7.0.7]
	at org.springframework.transaction.interceptor.TransactionAspectSupport.invokeWithinTransaction(TransactionAspectSupport.java:371) ~[spring-tx-7.0.7.jar:7.0.7]
	at org.springframework.transaction.interceptor.TransactionInterceptor.invoke(TransactionInterceptor.java:130) ~[spring-tx-7.0.7.jar:7.0.7]
	at org.springframework.aop.framework.ReflectiveMethodInvocation.proceed(ReflectiveMethodInvocation.java:179) ~[spring-aop-7.0.7.jar:7.0.7]
	at org.springframework.aop.framework.CglibAopProxy$DynamicAdvisedInterceptor.intercept(CglibAopProxy.java:719) ~[spring-aop-7.0.7.jar:7.0.7]
	at com.backend.dealspot.serviceImpl.AuditServiceImpl$$SpringCGLIB$$0.log(<generated>) ~[classes/:na]
	at com.backend.dealspot.controller.AuthController.register(AuthController.java:58) ~[classes/:na]
	at java.base/jdk.internal.reflect.DirectMethodHandleAccessor.invoke(DirectMethodHandleAccessor.java:104) ~[na:na]
	at java.base/java.lang.reflect.Method.invoke(Method.java:565) ~[na:na]
	at org.springframework.web.method.support.InvocableHandlerMethod.doInvoke(InvocableHandlerMethod.java:252) ~[spring-web-7.0.7.jar:7.0.7]
	at org.springframework.web.method.support.InvocableHandlerMethod.invokeForRequest(InvocableHandlerMethod.java:184) ~[spring-web-7.0.7.jar:7.0.7]
	at org.springframework.web.servlet.mvc.method.annotation.ServletInvocableHandlerMethod.invokeAndHandle(ServletInvocableHandlerMethod.java:117) ~[spring-webmvc-7.0.7.jar:7.0.7]
	at org.springframework.web.servlet.mvc.method.annotation.RequestMappingHandlerAdapter.invokeHandlerMethod(RequestMappingHandlerAdapter.java:934) ~[spring-webmvc-7.0.7.jar:7.0.7]
	at org.springframework.web.servlet.mvc.method.annotation.RequestMappingHandlerAdapter.handleInternal(RequestMappingHandlerAdapter.java:853) ~[spring-webmvc-7.0.7.jar:7.0.7]
	at org.springframework.web.servlet.mvc.method.AbstractHandlerMethodAdapter.handle(AbstractHandlerMethodAdapter.java:86) ~[spring-webmvc-7.0.7.jar:7.0.7]
	at org.springframework.web.servlet.DispatcherServlet.doDispatch(DispatcherServlet.java:963) ~[spring-webmvc-7.0.7.jar:7.0.7]
	at org.springframework.web.servlet.DispatcherServlet.doService(DispatcherServlet.java:866) ~[spring-webmvc-7.0.7.jar:7.0.7]
	at org.springframework.web.servlet.FrameworkServlet.processRequest(FrameworkServlet.java:1000) ~[spring-webmvc-7.0.7.jar:7.0.7]
	at org.springframework.web.servlet.FrameworkServlet.doPost(FrameworkServlet.java:903) ~[spring-webmvc-7.0.7.jar:7.0.7]
	at jakarta.servlet.http.HttpServlet.service(HttpServlet.java:649) ~[tomcat-embed-core-11.0.21.jar:6.1]
	at org.springframework.web.servlet.FrameworkServlet.service(FrameworkServlet.java:874) ~[spring-webmvc-7.0.7.jar:7.0.7]
	at jakarta.servlet.http.HttpServlet.service(HttpServlet.java:710) ~[tomcat-embed-core-11.0.21.jar:6.1]
	at org.apache.catalina.core.ApplicationFilterChain.doFilter(ApplicationFilterChain.java:128) ~[tomcat-embed-core-11.0.21.jar:11.0.21]
	at org.apache.tomcat.websocket.server.WsFilter.doFilter(WsFilter.java:53) ~[tomcat-embed-websocket-11.0.21.jar:11.0.21]
	at org.apache.catalina.core.ApplicationFilterChain.doFilter(ApplicationFilterChain.java:107) ~[tomcat-embed-core-11.0.21.jar:11.0.21]
	at org.springframework.web.filter.OncePerRequestFilter.doFilter(OncePerRequestFilter.java:110) ~[spring-web-7.0.7.jar:7.0.7]
	at org.apache.catalina.core.ApplicationFilterChain.doFilter(ApplicationFilterChain.java:107) ~[tomcat-embed-core-11.0.21.jar:11.0.21]
	at org.springframework.web.filter.CompositeFilter$VirtualFilterChain.doFilter(CompositeFilter.java:108) ~[spring-web-7.0.7.jar:7.0.7]
	at org.springframework.security.web.FilterChainProxy.lambda$doFilterInternal$3(FilterChainProxy.java:235) ~[spring-security-web-7.0.5.jar:7.0.5]
	at org.springframework.security.web.FilterChainProxy$VirtualFilterChain.doFilter(FilterChainProxy.java:376) ~[spring-security-web-7.0.5.jar:7.0.5]
	at org.springframework.security.web.access.intercept.AuthorizationFilter.doFilter(AuthorizationFilter.java:101) ~[spring-security-web-7.0.5.jar:7.0.5]
	at org.springframework.security.web.FilterChainProxy$VirtualFilterChain.doFilter(FilterChainProxy.java:385) ~[spring-security-web-7.0.5.jar:7.0.5]
	at org.springframework.security.web.access.ExceptionTranslationFilter.doFilter(ExceptionTranslationFilter.java:126) ~[spring-security-web-7.0.5.jar:7.0.5]
	at org.springframework.security.web.access.ExceptionTranslationFilter.doFilter(ExceptionTranslationFilter.java:120) ~[spring-security-web-7.0.5.jar:7.0.5]
	at org.springframework.security.web.FilterChainProxy$VirtualFilterChain.doFilter(FilterChainProxy.java:385) ~[spring-security-web-7.0.5.jar:7.0.5]
	at org.springframework.security.web.session.SessionManagementFilter.doFilter(SessionManagementFilter.java:132) ~[spring-security-web-7.0.5.jar:7.0.5]
	at org.springframework.security.web.session.SessionManagementFilter.doFilter(SessionManagementFilter.java:86) ~[spring-security-web-7.0.5.jar:7.0.5]
	at org.springframework.security.web.FilterChainProxy$VirtualFilterChain.doFilter(FilterChainProxy.java:385) ~[spring-security-web-7.0.5.jar:7.0.5]
	at org.springframework.security.web.authentication.AnonymousAuthenticationFilter.doFilter(AnonymousAuthenticationFilter.java:100) ~[spring-security-web-7.0.5.jar:7.0.5]
	at org.springframework.security.web.FilterChainProxy$VirtualFilterChain.doFilter(FilterChainProxy.java:385) ~[spring-security-web-7.0.5.jar:7.0.5]
	at org.springframework.security.web.servletapi.SecurityContextHolderAwareRequestFilter.doFilter(SecurityContextHolderAwareRequestFilter.java:181) ~[spring-security-web-7.0.5.jar:7.0.5]
	at org.springframework.security.web.FilterChainProxy$VirtualFilterChain.doFilter(FilterChainProxy.java:385) ~[spring-security-web-7.0.5.jar:7.0.5]
	at org.springframework.security.web.savedrequest.RequestCacheAwareFilter.doFilter(RequestCacheAwareFilter.java:63) ~[spring-security-web-7.0.5.jar:7.0.5]
	at org.springframework.security.web.FilterChainProxy$VirtualFilterChain.doFilter(FilterChainProxy.java:385) ~[spring-security-web-7.0.5.jar:7.0.5]
	at com.backend.dealspot.security.JwtAuthenticationFilter.doFilterInternal(JwtAuthenticationFilter.java:42) ~[classes/:na]
	at org.springframework.web.filter.OncePerRequestFilter.doFilter(OncePerRequestFilter.java:116) ~[spring-web-7.0.7.jar:7.0.7]
	at org.springframework.security.web.FilterChainProxy$VirtualFilterChain.doFilter(FilterChainProxy.java:385) ~[spring-security-web-7.0.5.jar:7.0.5]
	at org.springframework.security.web.authentication.logout.LogoutFilter.doFilter(LogoutFilter.java:110) ~[spring-security-web-7.0.5.jar:7.0.5]
	at org.springframework.security.web.authentication.logout.LogoutFilter.doFilter(LogoutFilter.java:96) ~[spring-security-web-7.0.5.jar:7.0.5]
	at org.springframework.security.web.FilterChainProxy$VirtualFilterChain.doFilter(FilterChainProxy.java:385) ~[spring-security-web-7.0.5.jar:7.0.5]
	at org.springframework.web.filter.CorsFilter.doFilterInternal(CorsFilter.java:91) ~[spring-web-7.0.7.jar:7.0.7]
	at org.springframework.web.filter.OncePerRequestFilter.doFilter(OncePerRequestFilter.java:116) ~[spring-web-7.0.7.jar:7.0.7]
	at org.springframework.security.web.FilterChainProxy$VirtualFilterChain.doFilter(FilterChainProxy.java:385) ~[spring-security-web-7.0.5.jar:7.0.5]
	at org.springframework.security.web.header.HeaderWriterFilter.doHeadersAfter(HeaderWriterFilter.java:90) ~[spring-security-web-7.0.5.jar:7.0.5]
	at org.springframework.security.web.header.HeaderWriterFilter.doFilterInternal(HeaderWriterFilter.java:75) ~[spring-security-web-7.0.5.jar:7.0.5]
	at org.springframework.web.filter.OncePerRequestFilter.doFilter(OncePerRequestFilter.java:116) ~[spring-web-7.0.7.jar:7.0.7]
	at org.springframework.security.web.FilterChainProxy$VirtualFilterChain.doFilter(FilterChainProxy.java:385) ~[spring-security-web-7.0.5.jar:7.0.5]
	at org.springframework.security.web.context.SecurityContextHolderFilter.doFilter(SecurityContextHolderFilter.java:82) ~[spring-security-web-7.0.5.jar:7.0.5]
	at org.springframework.security.web.context.SecurityContextHolderFilter.doFilter(SecurityContextHolderFilter.java:69) ~[spring-security-web-7.0.5.jar:7.0.5]
	at org.springframework.security.web.FilterChainProxy$VirtualFilterChain.doFilter(FilterChainProxy.java:385) ~[spring-security-web-7.0.5.jar:7.0.5]
	at org.springframework.security.web.context.request.async.WebAsyncManagerIntegrationFilter.doFilterInternal(WebAsyncManagerIntegrationFilter.java:62) ~[spring-security-web-7.0.5.jar:7.0.5]
	at org.springframework.web.filter.OncePerRequestFilter.doFilter(OncePerRequestFilter.java:116) ~[spring-web-7.0.7.jar:7.0.7]
	at org.springframework.security.web.FilterChainProxy$VirtualFilterChain.doFilter(FilterChainProxy.java:385) ~[spring-security-web-7.0.5.jar:7.0.5]
	at org.springframework.security.web.session.DisableEncodeUrlFilter.doFilterInternal(DisableEncodeUrlFilter.java:42) ~[spring-security-web-7.0.5.jar:7.0.5]
	at org.springframework.web.filter.OncePerRequestFilter.doFilter(OncePerRequestFilter.java:116) ~[spring-web-7.0.7.jar:7.0.7]
	at org.springframework.security.web.FilterChainProxy$VirtualFilterChain.doFilter(FilterChainProxy.java:385) ~[spring-security-web-7.0.5.jar:7.0.5]
	at org.springframework.security.web.FilterChainProxy.doFilterInternal(FilterChainProxy.java:237) ~[spring-security-web-7.0.5.jar:7.0.5]
	at org.springframework.security.web.FilterChainProxy.doFilter(FilterChainProxy.java:195) ~[spring-security-web-7.0.5.jar:7.0.5]
	at org.springframework.web.filter.CompositeFilter$VirtualFilterChain.doFilter(CompositeFilter.java:113) ~[spring-web-7.0.7.jar:7.0.7]
	at org.springframework.web.filter.ServletRequestPathFilter.doFilter(ServletRequestPathFilter.java:52) ~[spring-web-7.0.7.jar:7.0.7]
	at org.springframework.web.filter.CompositeFilter$VirtualFilterChain.doFilter(CompositeFilter.java:113) ~[spring-web-7.0.7.jar:7.0.7]
	at org.springframework.web.filter.CompositeFilter.doFilter(CompositeFilter.java:74) ~[spring-web-7.0.7.jar:7.0.7]
	at org.springframework.security.config.annotation.web.configuration.WebSecurityConfiguration$CompositeFilterChainProxy.doFilter(WebSecurityConfiguration.java:317) ~[spring-security-config-7.0.5.jar:7.0.5]
	at org.springframework.web.filter.DelegatingFilterProxy.invokeDelegate(DelegatingFilterProxy.java:355) ~[spring-web-7.0.7.jar:7.0.7]
	at org.springframework.web.filter.DelegatingFilterProxy.doFilter(DelegatingFilterProxy.java:272) ~[spring-web-7.0.7.jar:7.0.7]
	at org.apache.catalina.core.ApplicationFilterChain.doFilter(ApplicationFilterChain.java:107) ~[tomcat-embed-core-11.0.21.jar:11.0.21]
	at org.springframework.web.filter.RequestContextFilter.doFilterInternal(RequestContextFilter.java:100) ~[spring-web-7.0.7.jar:7.0.7]
	at org.springframework.web.filter.OncePerRequestFilter.doFilter(OncePerRequestFilter.java:116) ~[spring-web-7.0.7.jar:7.0.7]
	at org.apache.catalina.core.ApplicationFilterChain.doFilter(ApplicationFilterChain.java:107) ~[tomcat-embed-core-11.0.21.jar:11.0.21]
	at org.springframework.web.filter.FormContentFilter.doFilterInternal(FormContentFilter.java:93) ~[spring-web-7.0.7.jar:7.0.7]
	at org.springframework.web.filter.OncePerRequestFilter.doFilter(OncePerRequestFilter.java:116) ~[spring-web-7.0.7.jar:7.0.7]
	at org.apache.catalina.core.ApplicationFilterChain.doFilter(ApplicationFilterChain.java:107) ~[tomcat-embed-core-11.0.21.jar:11.0.21]
	at org.springframework.web.filter.CharacterEncodingFilter.doFilterInternal(CharacterEncodingFilter.java:199) ~[spring-web-7.0.7.jar:7.0.7]
	at org.springframework.web.filter.OncePerRequestFilter.doFilter(OncePerRequestFilter.java:116) ~[spring-web-7.0.7.jar:7.0.7]
	at org.apache.catalina.core.ApplicationFilterChain.doFilter(ApplicationFilterChain.java:107) ~[tomcat-embed-core-11.0.21.jar:11.0.21]
	at com.backend.dealspot.config.RequestLoggingFilter.doFilterInternal(RequestLoggingFilter.java:63) ~[classes/:na]
	at org.springframework.web.filter.OncePerRequestFilter.doFilter(OncePerRequestFilter.java:116) ~[spring-web-7.0.7.jar:7.0.7]
	at org.apache.catalina.core.ApplicationFilterChain.doFilter(ApplicationFilterChain.java:107) ~[tomcat-embed-core-11.0.21.jar:11.0.21]
	at org.apache.catalina.core.StandardWrapperValve.invoke(StandardWrapperValve.java:165) ~[tomcat-embed-core-11.0.21.jar:11.0.21]
	at org.apache.catalina.core.StandardContextValve.invoke(StandardContextValve.java:77) ~[tomcat-embed-core-11.0.21.jar:11.0.21]
	at org.apache.catalina.authenticator.AuthenticatorBase.invoke(AuthenticatorBase.java:492) ~[tomcat-embed-core-11.0.21.jar:11.0.21]
	at org.apache.catalina.core.StandardHostValve.invoke(StandardHostValve.java:113) ~[tomcat-embed-core-11.0.21.jar:11.0.21]
	at org.apache.catalina.valves.ErrorReportValve.invoke(ErrorReportValve.java:83) ~[tomcat-embed-core-11.0.21.jar:11.0.21]
	at org.apache.catalina.core.StandardEngineValve.invoke(StandardEngineValve.java:72) ~[tomcat-embed-core-11.0.21.jar:11.0.21]
	at org.apache.catalina.connector.CoyoteAdapter.service(CoyoteAdapter.java:341) ~[tomcat-embed-core-11.0.21.jar:11.0.21]
	at org.apache.coyote.http11.Http11Processor.service(Http11Processor.java:397) ~[tomcat-embed-core-11.0.21.jar:11.0.21]
	at org.apache.coyote.AbstractProcessorLight.process(AbstractProcessorLight.java:63) ~[tomcat-embed-core-11.0.21.jar:11.0.21]
	at org.apache.coyote.AbstractProtocol$ConnectionHandler.process(AbstractProtocol.java:903) ~[tomcat-embed-core-11.0.21.jar:11.0.21]
	at org.apache.tomcat.util.net.NioEndpoint$SocketProcessor.doRun(NioEndpoint.java:1801) ~[tomcat-embed-core-11.0.21.jar:11.0.21]
	at org.apache.tomcat.util.net.SocketProcessorBase.run(SocketProcessorBase.java:52) ~[tomcat-embed-core-11.0.21.jar:11.0.21]
	at org.apache.tomcat.util.threads.ThreadPoolExecutor.runWorker(ThreadPoolExecutor.java:946) ~[tomcat-embed-core-11.0.21.jar:11.0.21]
	at org.apache.tomcat.util.threads.ThreadPoolExecutor$Worker.run(ThreadPoolExecutor.java:480) ~[tomcat-embed-core-11.0.21.jar:11.0.21]
	at org.apache.tomcat.util.threads.TaskThread$WrappingRunnable.run(TaskThread.java:57) ~[tomcat-embed-core-11.0.21.jar:11.0.21]
	at java.base/java.lang.Thread.run(Thread.java:1516) ~[na:na]
Caused by: org.hibernate.exception.ConstraintViolationException: could not execute statement [Column 'entity_id' cannot be null] [insert into audit_logs (action,created_at,duration_ms,endpoint,entity_id,entity_type,error_message,error_type,http_method,ip_address,payload,performed_by,request_id,status_code,success,updated_at,user_agent,user_id) values (?,?,?,?,?,?,?,?,?,?,?,?,?,?,?,?,?,?)]
	at org.hibernate.dialect.MySQLDialect.lambda$buildSQLExceptionConversionDelegate$0(MySQLDialect.java:1273) ~[hibernate-core-7.2.12.Final.jar:7.2.12.Final]
	at org.hibernate.exception.internal.StandardSQLExceptionConverter.convert(StandardSQLExceptionConverter.java:34) ~[hibernate-core-7.2.12.Final.jar:7.2.12.Final]
	at org.hibernate.engine.jdbc.spi.SqlExceptionHelper.convert(SqlExceptionHelper.java:115) ~[hibernate-core-7.2.12.Final.jar:7.2.12.Final]
	at org.hibernate.engine.jdbc.internal.ResultSetReturnImpl.executeUpdate(ResultSetReturnImpl.java:184) ~[hibernate-core-7.2.12.Final.jar:7.2.12.Final]
	at org.hibernate.id.insert.GetGeneratedKeysDelegate.performMutation(GetGeneratedKeysDelegate.java:103) ~[hibernate-core-7.2.12.Final.jar:7.2.12.Final]
	at org.hibernate.engine.jdbc.mutation.internal.MutationExecutorSingleNonBatched.performNonBatchedOperations(MutationExecutorSingleNonBatched.java:45) ~[hibernate-core-7.2.12.Final.jar:7.2.12.Final]
	at org.hibernate.engine.jdbc.mutation.internal.AbstractMutationExecutor.execute(AbstractMutationExecutor.java:66) ~[hibernate-core-7.2.12.Final.jar:7.2.12.Final]
	at org.hibernate.engine.jdbc.mutation.internal.AbstractMutationExecutor.execute(AbstractMutationExecutor.java:55) ~[hibernate-core-7.2.12.Final.jar:7.2.12.Final]
	at org.hibernate.persister.entity.mutation.InsertCoordinatorStandard.doStaticInserts(InsertCoordinatorStandard.java:180) ~[hibernate-core-7.2.12.Final.jar:7.2.12.Final]
	at org.hibernate.persister.entity.mutation.InsertCoordinatorStandard.coordinateInsert(InsertCoordinatorStandard.java:120) ~[hibernate-core-7.2.12.Final.jar:7.2.12.Final]
	at org.hibernate.persister.entity.mutation.InsertCoordinatorStandard.insert(InsertCoordinatorStandard.java:84) ~[hibernate-core-7.2.12.Final.jar:7.2.12.Final]
	at org.hibernate.action.internal.EntityIdentityInsertAction.execute(EntityIdentityInsertAction.java:85) ~[hibernate-core-7.2.12.Final.jar:7.2.12.Final]
	at org.hibernate.engine.spi.ActionQueue.execute(ActionQueue.java:667) ~[hibernate-core-7.2.12.Final.jar:7.2.12.Final]
	at org.hibernate.engine.spi.ActionQueue.addResolvedEntityInsertAction(ActionQueue.java:291) ~[hibernate-core-7.2.12.Final.jar:7.2.12.Final]
	at org.hibernate.engine.spi.ActionQueue.addInsertAction(ActionQueue.java:270) ~[hibernate-core-7.2.12.Final.jar:7.2.12.Final]
	at org.hibernate.engine.spi.ActionQueue.addAction(ActionQueue.java:322) ~[hibernate-core-7.2.12.Final.jar:7.2.12.Final]
	at org.hibernate.event.internal.AbstractSaveEventListener.addInsertAction(AbstractSaveEventListener.java:371) ~[hibernate-core-7.2.12.Final.jar:7.2.12.Final]
	at org.hibernate.event.internal.AbstractSaveEventListener.performSaveOrReplicate(AbstractSaveEventListener.java:285) ~[hibernate-core-7.2.12.Final.jar:7.2.12.Final]
	at org.hibernate.event.internal.AbstractSaveEventListener.performSave(AbstractSaveEventListener.java:215) ~[hibernate-core-7.2.12.Final.jar:7.2.12.Final]
	at org.hibernate.event.internal.AbstractSaveEventListener.saveWithGeneratedId(AbstractSaveEventListener.java:133) ~[hibernate-core-7.2.12.Final.jar:7.2.12.Final]
	at org.hibernate.event.internal.DefaultPersistEventListener.entityIsTransient(DefaultPersistEventListener.java:144) ~[hibernate-core-7.2.12.Final.jar:7.2.12.Final]
	at org.hibernate.event.internal.DefaultPersistEventListener.persist(DefaultPersistEventListener.java:90) ~[hibernate-core-7.2.12.Final.jar:7.2.12.Final]
	at org.hibernate.event.internal.DefaultPersistEventListener.onPersist(DefaultPersistEventListener.java:74) ~[hibernate-core-7.2.12.Final.jar:7.2.12.Final]
	at org.hibernate.event.internal.DefaultPersistEventListener.onPersist(DefaultPersistEventListener.java:50) ~[hibernate-core-7.2.12.Final.jar:7.2.12.Final]
	at org.hibernate.event.service.internal.EventListenerGroupImpl.fireEventOnEachListener(EventListenerGroupImpl.java:138) ~[hibernate-core-7.2.12.Final.jar:7.2.12.Final]
	at org.hibernate.internal.SessionImpl.firePersist(SessionImpl.java:692) ~[hibernate-core-7.2.12.Final.jar:7.2.12.Final]
	at org.hibernate.internal.SessionImpl.persist(SessionImpl.java:675) ~[hibernate-core-7.2.12.Final.jar:7.2.12.Final]
	at java.base/jdk.internal.reflect.DirectMethodHandleAccessor.invoke(DirectMethodHandleAccessor.java:104) ~[na:na]
	at java.base/java.lang.reflect.Method.invoke(Method.java:565) ~[na:na]
	at org.springframework.orm.jpa.ExtendedEntityManagerCreator$ExtendedEntityManagerInvocationHandler.invoke(ExtendedEntityManagerCreator.java:362) ~[spring-orm-7.0.7.jar:7.0.7]
	at jdk.proxy4/jdk.proxy4.$Proxy154.persist(Unknown Source) ~[na:na]
	at java.base/jdk.internal.reflect.DirectMethodHandleAccessor.invoke(DirectMethodHandleAccessor.java:104) ~[na:na]
	at java.base/java.lang.reflect.Method.invoke(Method.java:565) ~[na:na]
	at org.springframework.orm.jpa.SharedEntityManagerCreator$SharedEntityHandlerInvocationHandler.invokeMethod(SharedEntityManagerCreator.java:240) ~[spring-orm-7.0.7.jar:7.0.7]
	at org.springframework.orm.jpa.SharedEntityManagerCreator$SharedEntityManagerInvocationHandler.invoke(SharedEntityManagerCreator.java:386) ~[spring-orm-7.0.7.jar:7.0.7]
	at jdk.proxy4/jdk.proxy4.$Proxy154.persist(Unknown Source) ~[na:na]
	at org.springframework.data.jpa.repository.support.SimpleJpaRepository.save(SimpleJpaRepository.java:664) ~[spring-data-jpa-4.0.5.jar:4.0.5]
	at java.base/jdk.internal.reflect.DirectMethodHandleAccessor.invoke(DirectMethodHandleAccessor.java:104) ~[na:na]
	at java.base/java.lang.reflect.Method.invoke(Method.java:565) ~[na:na]
	at org.springframework.aop.support.AopUtils.invokeJoinpointUsingReflection(AopUtils.java:359) ~[spring-aop-7.0.7.jar:7.0.7]
	at org.springframework.data.repository.core.support.RepositoryMethodInvoker$RepositoryFragmentMethodInvoker.lambda$new$0(RepositoryMethodInvoker.java:278) ~[spring-data-commons-4.0.5.jar:4.0.5]
	at org.springframework.data.repository.core.support.RepositoryMethodInvoker.doInvoke(RepositoryMethodInvoker.java:169) ~[spring-data-commons-4.0.5.jar:4.0.5]
	at org.springframework.data.repository.core.support.RepositoryMethodInvoker.invoke(RepositoryMethodInvoker.java:158) ~[spring-data-commons-4.0.5.jar:4.0.5]
	at org.springframework.data.repository.core.support.RepositoryComposition$RepositoryFragments.invoke(RepositoryComposition.java:545) ~[spring-data-commons-4.0.5.jar:4.0.5]
	at org.springframework.data.repository.core.support.RepositoryComposition.invoke(RepositoryComposition.java:290) ~[spring-data-commons-4.0.5.jar:4.0.5]
	at org.springframework.data.repository.core.support.RepositoryFactorySupport$ImplementationMethodExecutionInterceptor.invoke(RepositoryFactorySupport.java:690) ~[spring-data-commons-4.0.5.jar:4.0.5]
	at org.springframework.aop.framework.ReflectiveMethodInvocation.proceed(ReflectiveMethodInvocation.java:179) ~[spring-aop-7.0.7.jar:7.0.7]
	at org.springframework.data.repository.core.support.QueryExecutorMethodInterceptor.doInvoke(QueryExecutorMethodInterceptor.java:171) ~[spring-data-commons-4.0.5.jar:4.0.5]
	at org.springframework.data.repository.core.support.QueryExecutorMethodInterceptor.invoke(QueryExecutorMethodInterceptor.java:146) ~[spring-data-commons-4.0.5.jar:4.0.5]
	at org.springframework.aop.framework.ReflectiveMethodInvocation.proceed(ReflectiveMethodInvocation.java:179) ~[spring-aop-7.0.7.jar:7.0.7]
	at org.springframework.data.projection.DefaultMethodInvokingMethodInterceptor.invoke(DefaultMethodInvokingMethodInterceptor.java:69) ~[spring-data-commons-4.0.5.jar:4.0.5]
	at org.springframework.aop.framework.ReflectiveMethodInvocation.proceed(ReflectiveMethodInvocation.java:179) ~[spring-aop-7.0.7.jar:7.0.7]
	at org.springframework.transaction.interceptor.TransactionInterceptor$1.proceedWithInvocation(TransactionInterceptor.java:133) ~[spring-tx-7.0.7.jar:7.0.7]
	at org.springframework.transaction.interceptor.TransactionAspectSupport.invokeWithinTransaction(TransactionAspectSupport.java:371) ~[spring-tx-7.0.7.jar:7.0.7]
	at org.springframework.transaction.interceptor.TransactionInterceptor.invoke(TransactionInterceptor.java:130) ~[spring-tx-7.0.7.jar:7.0.7]
	at org.springframework.aop.framework.ReflectiveMethodInvocation.proceed(ReflectiveMethodInvocation.java:179) ~[spring-aop-7.0.7.jar:7.0.7]
	at org.springframework.dao.support.PersistenceExceptionTranslationInterceptor.invoke(PersistenceExceptionTranslationInterceptor.java:135) ~[spring-tx-7.0.7.jar:7.0.7]
	... 116 common frames omitted
Caused by: java.sql.SQLIntegrityConstraintViolationException: Column 'entity_id' cannot be null
	at com.mysql.cj.jdbc.exceptions.SQLError.createSQLException(SQLError.java:109) ~[mysql-connector-j-9.7.0.jar:9.7.0]
	at com.mysql.cj.jdbc.exceptions.SQLExceptionsMapping.translateException(SQLExceptionsMapping.java:114) ~[mysql-connector-j-9.7.0.jar:9.7.0]
	at com.mysql.cj.jdbc.ClientPreparedStatement.executeInternal(ClientPreparedStatement.java:988) ~[mysql-connector-j-9.7.0.jar:9.7.0]
	at com.mysql.cj.jdbc.ClientPreparedStatement.executeUpdateInternal(ClientPreparedStatement.java:1166) ~[mysql-connector-j-9.7.0.jar:9.7.0]
	at com.mysql.cj.jdbc.ClientPreparedStatement.executeUpdateInternal(ClientPreparedStatement.java:1101) ~[mysql-connector-j-9.7.0.jar:9.7.0]
	at com.mysql.cj.jdbc.ClientPreparedStatement.executeLargeUpdate(ClientPreparedStatement.java:1448) ~[mysql-connector-j-9.7.0.jar:9.7.0]
	at com.mysql.cj.jdbc.ClientPreparedStatement.executeUpdate(ClientPreparedStatement.java:1084) ~[mysql-connector-j-9.7.0.jar:9.7.0]
	at com.zaxxer.hikari.pool.ProxyPreparedStatement.executeUpdate(ProxyPreparedStatement.java:61) ~[HikariCP-7.0.2.jar:na]
	at com.zaxxer.hikari.pool.HikariProxyPreparedStatement.executeUpdate(HikariProxyPreparedStatement.java) ~[HikariCP-7.0.2.jar:na]
	at org.hibernate.engine.jdbc.internal.ResultSetReturnImpl.executeUpdate(ResultSetReturnImpl.java:181) ~[hibernate-core-7.2.12.Final.jar:7.2.12.Final]
	... 169 common frames omitted

2026-09-15 12:57:16.388  WARN 13736 --- [e0466fa6] [userId=anonymous] [0.0-8080-exec-6] c.b.d.c.e.GlobalExceptionHandler         : Business runtime exception: Transaction silently rolled back because it has been marked as rollback-only
2026-09-15 12:57:16.390  WARN 13736 --- [e0466fa6] [userId=anonymous] [0.0-8080-exec-6] .m.m.a.ExceptionHandlerExceptionResolver : Resolved [org.springframework.transaction.UnexpectedRollbackException: Transaction silently rolled back because it has been marked as rollback-only]
2026-09-15 12:57:16.391  INFO 13736 --- [e0466fa6] [userId=anonymous] [0.0-8080-exec-6] c.b.d.config.RequestLoggingFilter        : method=POST uri=/api/dealspot/auth/user/register status=400 duration=24ms
2026-09-15 12:57:47.554  INFO 12672 --- [NA] [userId=anonymous] [  restartedMain] c.backend.dealspot.DealspotApplication   : Starting DealspotApplication using Java 26.0.1 with PID 12672 (C:\Users\User\Desktop\DEVELOPMENT PROJECTS\DEALSPOT\SPRINGBOOT\target\classes started by User in C:\Users\User\Desktop\DEVELOPMENT PROJECTS\DEALSPOT\SPRINGBOOT)
2026-09-15 12:57:47.560 DEBUG 12672 --- [NA] [userId=anonymous] [  restartedMain] c.backend.dealspot.DealspotApplication   : Running with Spring Boot v4.0.6, Spring v7.0.7
2026-09-15 12:57:47.561  INFO 12672 --- [NA] [userId=anonymous] [  restartedMain] c.backend.dealspot.DealspotApplication   : No active profile set, falling back to 1 default profile: "default"
2026-09-15 12:57:47.624  INFO 12672 --- [NA] [userId=anonymous] [  restartedMain] .e.DevToolsPropertyDefaultsPostProcessor : Devtools property defaults active! Set 'spring.devtools.add-properties' to 'false' to disable
2026-09-15 12:57:47.625  INFO 12672 --- [NA] [userId=anonymous] [  restartedMain] .e.DevToolsPropertyDefaultsPostProcessor : For additional web related logging consider setting the 'logging.level.web' property to 'DEBUG'
2026-09-15 12:57:48.662  INFO 12672 --- [NA] [userId=anonymous] [  restartedMain] .s.d.r.c.RepositoryConfigurationDelegate : Bootstrapping Spring Data JPA repositories in DEFAULT mode.
2026-09-15 12:57:48.830  INFO 12672 --- [NA] [userId=anonymous] [  restartedMain] .s.d.r.c.RepositoryConfigurationDelegate : Finished Spring Data repository scanning in 157 ms. Found 22 JPA repository interfaces.
2026-09-15 12:57:50.249  INFO 12672 --- [NA] [userId=anonymous] [  restartedMain] o.s.boot.tomcat.TomcatWebServer          : Tomcat initialized with port 8080 (http)
2026-09-15 12:57:50.365  INFO 12672 --- [NA] [userId=anonymous] [  restartedMain] o.apache.catalina.core.StandardService   : Starting service [Tomcat]
2026-09-15 12:57:50.379  INFO 12672 --- [NA] [userId=anonymous] [  restartedMain] o.apache.catalina.core.StandardEngine    : Starting Servlet engine: [Apache Tomcat/11.0.21]
2026-09-15 12:57:50.621  INFO 12672 --- [NA] [userId=anonymous] [  restartedMain] b.w.c.s.WebApplicationContextInitializer : Root WebApplicationContext: initialization completed in 2996 ms
2026-09-15 12:57:51.144  INFO 13736 --- [NA] [userId=anonymous] [   File Watcher] rtingClassPathChangeChangedEventListener : Restarting due to 1 class path change (0 additions, 0 deletions, 1 modification)
2026-09-15 12:57:51.165  INFO 13736 --- [NA] [userId=anonymous] [       Thread-1] o.s.boot.tomcat.GracefulShutdown         : Commencing graceful shutdown. Waiting for active requests to complete
2026-09-15 12:57:51.185  INFO 13736 --- [NA] [userId=anonymous] [tomcat-shutdown] o.s.boot.tomcat.GracefulShutdown         : Graceful shutdown complete
2026-09-15 12:57:51.195  INFO 13736 --- [NA] [userId=anonymous] [       Thread-1] j.LocalContainerEntityManagerFactoryBean : Closing JPA EntityManagerFactory for persistence unit 'default'
2026-09-15 12:57:51.192  INFO 12672 --- [NA] [userId=anonymous] [  restartedMain] org.hibernate.orm.jpa                    : HHH008540: Processing PersistenceUnitInfo [name: default]
2026-09-15 12:57:51.201  INFO 13736 --- [NA] [userId=anonymous] [       Thread-1] com.zaxxer.hikari.HikariDataSource       : HikariPool-1 - Shutdown initiated...
2026-09-15 12:57:51.255  INFO 13736 --- [NA] [userId=anonymous] [       Thread-1] com.zaxxer.hikari.HikariDataSource       : HikariPool-1 - Shutdown completed.
2026-09-15 12:57:51.386  INFO 12672 --- [NA] [userId=anonymous] [  restartedMain] org.hibernate.orm.core                   : HHH000001: Hibernate ORM core version 7.2.12.Final
2026-09-15 12:57:51.585  INFO 13736 --- [NA] [userId=anonymous] [  restartedMain] c.backend.dealspot.DealspotApplication   : Starting DealspotApplication using Java 26.0.1 with PID 13736 (C:\Users\User\Desktop\DEVELOPMENT PROJECTS\DEALSPOT\SPRINGBOOT\target\classes started by User in C:\Users\User\Desktop\DEVELOPMENT PROJECTS\DEALSPOT\SPRINGBOOT)
2026-09-15 12:57:51.585 DEBUG 13736 --- [NA] [userId=anonymous] [  restartedMain] c.backend.dealspot.DealspotApplication   : Running with Spring Boot v4.0.6, Spring v7.0.7
2026-09-15 12:57:51.586  INFO 13736 --- [NA] [userId=anonymous] [  restartedMain] c.backend.dealspot.DealspotApplication   : No active profile set, falling back to 1 default profile: "default"
2026-09-15 12:57:52.329  INFO 13736 --- [NA] [userId=anonymous] [  restartedMain] .s.d.r.c.RepositoryConfigurationDelegate : Bootstrapping Spring Data JPA repositories in DEFAULT mode.
2026-09-15 12:57:52.444  INFO 13736 --- [NA] [userId=anonymous] [  restartedMain] .s.d.r.c.RepositoryConfigurationDelegate : Finished Spring Data repository scanning in 109 ms. Found 22 JPA repository interfaces.
2026-09-15 12:57:52.551  INFO 12672 --- [NA] [userId=anonymous] [  restartedMain] o.s.o.j.p.SpringPersistenceUnitInfo      : No LoadTimeWeaver setup: ignoring JPA class transformer
2026-09-15 12:57:52.607  INFO 12672 --- [NA] [userId=anonymous] [  restartedMain] com.zaxxer.hikari.HikariDataSource       : HikariPool-1 - Starting...
2026-09-15 12:57:52.704  INFO 13736 --- [NA] [userId=anonymous] [  restartedMain] o.s.boot.tomcat.TomcatWebServer          : Tomcat initialized with port 8080 (http)
2026-09-15 12:57:52.707  INFO 13736 --- [NA] [userId=anonymous] [  restartedMain] o.apache.catalina.core.StandardService   : Starting service [Tomcat]
2026-09-15 12:57:52.708  INFO 13736 --- [NA] [userId=anonymous] [  restartedMain] o.apache.catalina.core.StandardEngine    : Starting Servlet engine: [Apache Tomcat/11.0.21]
2026-09-15 12:57:52.759  INFO 13736 --- [NA] [userId=anonymous] [  restartedMain] b.w.c.s.WebApplicationContextInitializer : Root WebApplicationContext: initialization completed in 1168 ms
2026-09-15 12:57:52.862  INFO 13736 --- [NA] [userId=anonymous] [  restartedMain] org.hibernate.orm.jpa                    : HHH008540: Processing PersistenceUnitInfo [name: default]
2026-09-15 12:57:52.920  INFO 13736 --- [NA] [userId=anonymous] [  restartedMain] o.s.o.j.p.SpringPersistenceUnitInfo      : No LoadTimeWeaver setup: ignoring JPA class transformer
2026-09-15 12:57:52.922  INFO 13736 --- [NA] [userId=anonymous] [  restartedMain] com.zaxxer.hikari.HikariDataSource       : HikariPool-2 - Starting...
2026-09-15 12:57:57.814  INFO 12672 --- [NA] [userId=anonymous] [  restartedMain] com.zaxxer.hikari.pool.HikariPool        : HikariPool-1 - Added connection com.mysql.cj.jdbc.ConnectionImpl@65bebfeb
2026-09-15 12:57:57.816  INFO 12672 --- [NA] [userId=anonymous] [  restartedMain] com.zaxxer.hikari.HikariDataSource       : HikariPool-1 - Start completed.
2026-09-15 12:57:57.921  INFO 13736 --- [NA] [userId=anonymous] [  restartedMain] com.zaxxer.hikari.pool.HikariPool        : HikariPool-2 - Added connection com.mysql.cj.jdbc.ConnectionImpl@279131c8
2026-09-15 12:57:57.921  INFO 13736 --- [NA] [userId=anonymous] [  restartedMain] com.zaxxer.hikari.HikariDataSource       : HikariPool-2 - Start completed.
2026-09-15 12:57:57.930  INFO 13736 --- [NA] [userId=anonymous] [  restartedMain] org.hibernate.orm.connections.pooling    : HHH10001005: Database info:
	Database JDBC URL [jdbc:mysql://192.168.1.110:3306/dealspot_test?useSSL=false&serverTimezone=UTC]
	Database driver: MySQL Connector/J
	Database dialect: MySQLDialect
	Database version: 8.0.46
	Default catalog/schema: dealspot_test/undefined
	Autocommit mode: undefined/unknown
	Isolation level: REPEATABLE_READ [default REPEATABLE_READ]
	JDBC fetch size: none
	Pool: DataSourceConnectionProvider
	Minimum pool size: undefined/unknown
	Maximum pool size: undefined/unknown
2026-09-15 12:57:57.929  INFO 12672 --- [NA] [userId=anonymous] [  restartedMain] org.hibernate.orm.connections.pooling    : HHH10001005: Database info:
	Database JDBC URL [jdbc:mysql://192.168.1.110:3306/dealspot_test?useSSL=false&serverTimezone=UTC]
	Database driver: MySQL Connector/J
	Database dialect: MySQLDialect
	Database version: 8.0.46
	Default catalog/schema: dealspot_test/undefined
	Autocommit mode: undefined/unknown
	Isolation level: REPEATABLE_READ [default REPEATABLE_READ]
	JDBC fetch size: none
	Pool: DataSourceConnectionProvider
	Minimum pool size: undefined/unknown
	Maximum pool size: undefined/unknown
2026-09-15 12:57:58.981  INFO 13736 --- [NA] [userId=anonymous] [  restartedMain] org.hibernate.orm.core                   : HHH000489: No JTA platform available (set 'hibernate.transaction.jta.platform' to enable JTA platform integration)
2026-09-15 12:57:58.982  INFO 13736 --- [NA] [userId=anonymous] [  restartedMain] org.hibernate.orm.jdbc.batch             : HHH100501: Automatic JDBC statement batching enabled (maximum batch size 500)
2026-09-15 12:57:59.290  INFO 13736 --- [NA] [userId=anonymous] [  restartedMain] j.LocalContainerEntityManagerFactoryBean : Initialized JPA EntityManagerFactory for persistence unit 'default'
2026-09-15 12:57:59.523 DEBUG 13736 --- [NA] [userId=anonymous] [  restartedMain] c.b.d.security.JwtAuthenticationFilter   : Filter 'jwtAuthenticationFilter' configured for use
2026-09-15 12:57:59.525 DEBUG 13736 --- [NA] [userId=anonymous] [  restartedMain] c.b.d.config.RequestLoggingFilter        : Filter 'requestLoggingFilter' configured for use
2026-09-15 12:58:00.342  INFO 12672 --- [NA] [userId=anonymous] [  restartedMain] org.hibernate.orm.core                   : HHH000489: No JTA platform available (set 'hibernate.transaction.jta.platform' to enable JTA platform integration)
2026-09-15 12:58:00.348  INFO 12672 --- [NA] [userId=anonymous] [  restartedMain] org.hibernate.orm.jdbc.batch             : HHH100501: Automatic JDBC statement batching enabled (maximum batch size 500)
2026-09-15 12:58:00.551  WARN 13736 --- [NA] [userId=anonymous] [  restartedMain] JpaBaseConfiguration$JpaWebConfiguration : spring.jpa.open-in-view is enabled by default. Therefore, database queries may be performed during view rendering. Explicitly configure spring.jpa.open-in-view to disable this warning
2026-09-15 12:58:00.681  INFO 12672 --- [NA] [userId=anonymous] [  restartedMain] j.LocalContainerEntityManagerFactoryBean : Initialized JPA EntityManagerFactory for persistence unit 'default'
2026-09-15 12:58:00.801  INFO 12672 --- [NA] [userId=anonymous] [  restartedMain] o.s.d.j.r.query.QueryEnhancerFactories   : Hibernate is in classpath; If applicable, HQL parser will be used.
2026-09-15 12:58:01.353  INFO 13736 --- [NA] [userId=anonymous] [  restartedMain] o.s.boot.tomcat.TomcatWebServer          : Tomcat started on port 8080 (http) with context path '/'
2026-09-15 12:58:01.359  INFO 13736 --- [NA] [userId=anonymous] [  restartedMain] c.backend.dealspot.DealspotApplication   : Started DealspotApplication in 9.946 seconds (process running for 580.717)
2026-09-15 12:58:01.414  INFO 13736 --- [NA] [userId=anonymous] [  restartedMain] .ConditionEvaluationDeltaLoggingListener : Condition evaluation unchanged
2026-09-15 12:58:01.940 DEBUG 12672 --- [NA] [userId=anonymous] [  restartedMain] c.b.d.security.JwtAuthenticationFilter   : Filter 'jwtAuthenticationFilter' configured for use
2026-09-15 12:58:01.941 DEBUG 12672 --- [NA] [userId=anonymous] [  restartedMain] c.b.d.config.RequestLoggingFilter        : Filter 'requestLoggingFilter' configured for use
2026-09-15 12:58:05.530  WARN 12672 --- [NA] [userId=anonymous] [  restartedMain] JpaBaseConfiguration$JpaWebConfiguration : spring.jpa.open-in-view is enabled by default. Therefore, database queries may be performed during view rendering. Explicitly configure spring.jpa.open-in-view to disable this warning
2026-09-15 12:58:06.558  WARN 12672 --- [NA] [userId=anonymous] [  restartedMain] ConfigServletWebServerApplicationContext : Exception encountered during context initialization - cancelling refresh attempt: org.springframework.context.ApplicationContextException: Failed to start bean 'webServerStartStop'
2026-09-15 12:58:06.563  INFO 12672 --- [NA] [userId=anonymous] [  restartedMain] j.LocalContainerEntityManagerFactoryBean : Closing JPA EntityManagerFactory for persistence unit 'default'
2026-09-15 12:58:06.566  INFO 12672 --- [NA] [userId=anonymous] [  restartedMain] com.zaxxer.hikari.HikariDataSource       : HikariPool-1 - Shutdown initiated...
2026-09-15 12:58:07.548  INFO 12672 --- [NA] [userId=anonymous] [  restartedMain] com.zaxxer.hikari.HikariDataSource       : HikariPool-1 - Shutdown completed.
2026-09-15 12:58:07.559  INFO 12672 --- [NA] [userId=anonymous] [  restartedMain] .s.b.a.l.ConditionEvaluationReportLogger : 

Error starting ApplicationContext. To display the condition evaluation report re-run your application with 'debug' enabled.
2026-09-15 12:58:07.575 ERROR 12672 --- [NA] [userId=anonymous] [  restartedMain] o.s.b.d.LoggingFailureAnalysisReporter   : 

***************************
APPLICATION FAILED TO START
***************************

Description:

Web server failed to start. Port 8080 was already in use.

Action:

Identify and stop the process that's listening on port 8080 or configure this application to listen on another port.

2026-09-15 12:58:29.392  INFO 13736 --- [NA] [userId=anonymous] [0.0-8080-exec-1] o.a.c.c.C.[Tomcat].[localhost].[/]       : Initializing Spring DispatcherServlet 'dispatcherServlet'
2026-09-15 12:58:29.392  INFO 13736 --- [NA] [userId=anonymous] [0.0-8080-exec-1] o.s.web.servlet.DispatcherServlet        : Initializing Servlet 'dispatcherServlet'
2026-09-15 12:58:29.394  INFO 13736 --- [NA] [userId=anonymous] [0.0-8080-exec-1] o.s.web.servlet.DispatcherServlet        : Completed initialization in 2 ms
2026-09-15 12:58:29.561  INFO 13736 --- [d10a9544] [userId=anonymous] [0.0-8080-exec-1] c.b.d.config.RequestLoggingFilter        : method=GET uri=/api/dealspot/offers/fetch-all-offers status=200 duration=166ms
2026-09-15 12:58:29.583 DEBUG 13736 --- [f625a437] [userId=anonymous] [0.0-8080-exec-2] c.b.dealspot.controller.AuthController   : Admin login attempt for email: testadmin@dealspot.com
2026-09-15 12:58:29.631  WARN 13736 --- [f625a437] [userId=anonymous] [0.0-8080-exec-2] org.hibernate.orm.jdbc.error             : HHH000247: ErrorCode: 1048, SQLState: 23000
2026-09-15 12:58:29.632  WARN 13736 --- [f625a437] [userId=anonymous] [0.0-8080-exec-2] org.hibernate.orm.jdbc.error             : Column 'performed_by' cannot be null
2026-09-15 12:58:29.636 ERROR 13736 --- [f625a437] [userId=anonymous] [0.0-8080-exec-2] c.b.d.serviceImpl.AuditServiceImpl       : Failed to persist audit log for action: LOGIN. Reason: could not execute statement [Column 'performed_by' cannot be null] [insert into audit_logs (action,created_at,duration_ms,endpoint,entity_id,entity_type,error_message,error_type,http_method,ip_address,payload,performed_by,request_id,status_code,success,updated_at,user_agent,user_id) values (?,?,?,?,?,?,?,?,?,?,?,?,?,?,?,?,?,?)]; SQL [insert into audit_logs (action,created_at,duration_ms,endpoint,entity_id,entity_type,error_message,error_type,http_method,ip_address,payload,performed_by,request_id,status_code,success,updated_at,user_agent,user_id) values (?,?,?,?,?,?,?,?,?,?,?,?,?,?,?,?,?,?)]; constraint [performed_by]

org.springframework.dao.DataIntegrityViolationException: could not execute statement [Column 'performed_by' cannot be null] [insert into audit_logs (action,created_at,duration_ms,endpoint,entity_id,entity_type,error_message,error_type,http_method,ip_address,payload,performed_by,request_id,status_code,success,updated_at,user_agent,user_id) values (?,?,?,?,?,?,?,?,?,?,?,?,?,?,?,?,?,?)]; SQL [insert into audit_logs (action,created_at,duration_ms,endpoint,entity_id,entity_type,error_message,error_type,http_method,ip_address,payload,performed_by,request_id,status_code,success,updated_at,user_agent,user_id) values (?,?,?,?,?,?,?,?,?,?,?,?,?,?,?,?,?,?)]; constraint [performed_by]
	at org.springframework.orm.jpa.hibernate.HibernateExceptionTranslator.convertHibernateAccessException(HibernateExceptionTranslator.java:169) ~[spring-orm-7.0.7.jar:7.0.7]
	at org.springframework.orm.jpa.hibernate.HibernateExceptionTranslator.convertHibernateAccessException(HibernateExceptionTranslator.java:131) ~[spring-orm-7.0.7.jar:7.0.7]
	at org.springframework.orm.jpa.hibernate.HibernateExceptionTranslator.translateExceptionIfPossible(HibernateExceptionTranslator.java:105) ~[spring-orm-7.0.7.jar:7.0.7]
	at org.springframework.orm.jpa.vendor.HibernateJpaDialect.translateExceptionIfPossible(HibernateJpaDialect.java:223) ~[spring-orm-7.0.7.jar:7.0.7]
	at org.springframework.orm.jpa.AbstractEntityManagerFactoryBean.translateExceptionIfPossible(AbstractEntityManagerFactoryBean.java:576) ~[spring-orm-7.0.7.jar:7.0.7]
	at org.springframework.dao.support.ChainedPersistenceExceptionTranslator.translateExceptionIfPossible(ChainedPersistenceExceptionTranslator.java:61) ~[spring-tx-7.0.7.jar:7.0.7]
	at org.springframework.dao.support.DataAccessUtils.translateIfNecessary(DataAccessUtils.java:346) ~[spring-tx-7.0.7.jar:7.0.7]
	at org.springframework.dao.support.PersistenceExceptionTranslationInterceptor.invoke(PersistenceExceptionTranslationInterceptor.java:157) ~[spring-tx-7.0.7.jar:7.0.7]
	at org.springframework.aop.framework.ReflectiveMethodInvocation.proceed(ReflectiveMethodInvocation.java:179) ~[spring-aop-7.0.7.jar:7.0.7]
	at org.springframework.data.jpa.repository.support.CrudMethodMetadataPostProcessor$CrudMethodMetadataPopulatingMethodInterceptor.invoke(CrudMethodMetadataPostProcessor.java:166) ~[spring-data-jpa-4.0.5.jar:4.0.5]
	at org.springframework.aop.framework.ReflectiveMethodInvocation.proceed(ReflectiveMethodInvocation.java:179) ~[spring-aop-7.0.7.jar:7.0.7]
	at org.springframework.aop.framework.JdkDynamicAopProxy.invoke(JdkDynamicAopProxy.java:222) ~[spring-aop-7.0.7.jar:7.0.7]
	at jdk.proxy5/jdk.proxy5.$Proxy209.save(Unknown Source) ~[na:na]
	at com.backend.dealspot.serviceImpl.AuditServiceImpl.lambda$1(AuditServiceImpl.java:281) ~[classes/:na]
	at org.springframework.transaction.support.TransactionTemplate.execute(TransactionTemplate.java:137) ~[spring-tx-7.0.7.jar:7.0.7]
	at com.backend.dealspot.serviceImpl.AuditServiceImpl.persistAuditLog(AuditServiceImpl.java:274) ~[classes/:na]
	at com.backend.dealspot.serviceImpl.AuditServiceImpl.log(AuditServiceImpl.java:144) ~[classes/:na]
	at com.backend.dealspot.serviceImpl.AuditServiceImpl.log(AuditServiceImpl.java:161) ~[classes/:na]
	at com.backend.dealspot.controller.AuthController.adminLogin(AuthController.java:187) ~[classes/:na]
	at java.base/jdk.internal.reflect.DirectMethodHandleAccessor.invoke(DirectMethodHandleAccessor.java:104) ~[na:na]
	at java.base/java.lang.reflect.Method.invoke(Method.java:565) ~[na:na]
	at org.springframework.web.method.support.InvocableHandlerMethod.doInvoke(InvocableHandlerMethod.java:252) ~[spring-web-7.0.7.jar:7.0.7]
	at org.springframework.web.method.support.InvocableHandlerMethod.invokeForRequest(InvocableHandlerMethod.java:184) ~[spring-web-7.0.7.jar:7.0.7]
	at org.springframework.web.servlet.mvc.method.annotation.ServletInvocableHandlerMethod.invokeAndHandle(ServletInvocableHandlerMethod.java:117) ~[spring-webmvc-7.0.7.jar:7.0.7]
	at org.springframework.web.servlet.mvc.method.annotation.RequestMappingHandlerAdapter.invokeHandlerMethod(RequestMappingHandlerAdapter.java:934) ~[spring-webmvc-7.0.7.jar:7.0.7]
	at org.springframework.web.servlet.mvc.method.annotation.RequestMappingHandlerAdapter.handleInternal(RequestMappingHandlerAdapter.java:853) ~[spring-webmvc-7.0.7.jar:7.0.7]
	at org.springframework.web.servlet.mvc.method.AbstractHandlerMethodAdapter.handle(AbstractHandlerMethodAdapter.java:86) ~[spring-webmvc-7.0.7.jar:7.0.7]
	at org.springframework.web.servlet.DispatcherServlet.doDispatch(DispatcherServlet.java:963) ~[spring-webmvc-7.0.7.jar:7.0.7]
	at org.springframework.web.servlet.DispatcherServlet.doService(DispatcherServlet.java:866) ~[spring-webmvc-7.0.7.jar:7.0.7]
	at org.springframework.web.servlet.FrameworkServlet.processRequest(FrameworkServlet.java:1000) ~[spring-webmvc-7.0.7.jar:7.0.7]
	at org.springframework.web.servlet.FrameworkServlet.doPost(FrameworkServlet.java:903) ~[spring-webmvc-7.0.7.jar:7.0.7]
	at jakarta.servlet.http.HttpServlet.service(HttpServlet.java:649) ~[tomcat-embed-core-11.0.21.jar:6.1]
	at org.springframework.web.servlet.FrameworkServlet.service(FrameworkServlet.java:874) ~[spring-webmvc-7.0.7.jar:7.0.7]
	at jakarta.servlet.http.HttpServlet.service(HttpServlet.java:710) ~[tomcat-embed-core-11.0.21.jar:6.1]
	at org.apache.catalina.core.ApplicationFilterChain.doFilter(ApplicationFilterChain.java:128) ~[tomcat-embed-core-11.0.21.jar:11.0.21]
	at org.apache.tomcat.websocket.server.WsFilter.doFilter(WsFilter.java:53) ~[tomcat-embed-websocket-11.0.21.jar:11.0.21]
	at org.apache.catalina.core.ApplicationFilterChain.doFilter(ApplicationFilterChain.java:107) ~[tomcat-embed-core-11.0.21.jar:11.0.21]
	at org.springframework.web.filter.OncePerRequestFilter.doFilter(OncePerRequestFilter.java:110) ~[spring-web-7.0.7.jar:7.0.7]
	at org.apache.catalina.core.ApplicationFilterChain.doFilter(ApplicationFilterChain.java:107) ~[tomcat-embed-core-11.0.21.jar:11.0.21]
	at org.springframework.web.filter.CompositeFilter$VirtualFilterChain.doFilter(CompositeFilter.java:108) ~[spring-web-7.0.7.jar:7.0.7]
	at org.springframework.security.web.FilterChainProxy.lambda$doFilterInternal$3(FilterChainProxy.java:235) ~[spring-security-web-7.0.5.jar:7.0.5]
	at org.springframework.security.web.FilterChainProxy$VirtualFilterChain.doFilter(FilterChainProxy.java:376) ~[spring-security-web-7.0.5.jar:7.0.5]
	at org.springframework.security.web.access.intercept.AuthorizationFilter.doFilter(AuthorizationFilter.java:101) ~[spring-security-web-7.0.5.jar:7.0.5]
	at org.springframework.security.web.FilterChainProxy$VirtualFilterChain.doFilter(FilterChainProxy.java:385) ~[spring-security-web-7.0.5.jar:7.0.5]
	at org.springframework.security.web.access.ExceptionTranslationFilter.doFilter(ExceptionTranslationFilter.java:126) ~[spring-security-web-7.0.5.jar:7.0.5]
	at org.springframework.security.web.access.ExceptionTranslationFilter.doFilter(ExceptionTranslationFilter.java:120) ~[spring-security-web-7.0.5.jar:7.0.5]
	at org.springframework.security.web.FilterChainProxy$VirtualFilterChain.doFilter(FilterChainProxy.java:385) ~[spring-security-web-7.0.5.jar:7.0.5]
	at org.springframework.security.web.session.SessionManagementFilter.doFilter(SessionManagementFilter.java:132) ~[spring-security-web-7.0.5.jar:7.0.5]
	at org.springframework.security.web.session.SessionManagementFilter.doFilter(SessionManagementFilter.java:86) ~[spring-security-web-7.0.5.jar:7.0.5]
	at org.springframework.security.web.FilterChainProxy$VirtualFilterChain.doFilter(FilterChainProxy.java:385) ~[spring-security-web-7.0.5.jar:7.0.5]
	at org.springframework.security.web.authentication.AnonymousAuthenticationFilter.doFilter(AnonymousAuthenticationFilter.java:100) ~[spring-security-web-7.0.5.jar:7.0.5]
	at org.springframework.security.web.FilterChainProxy$VirtualFilterChain.doFilter(FilterChainProxy.java:385) ~[spring-security-web-7.0.5.jar:7.0.5]
	at org.springframework.security.web.servletapi.SecurityContextHolderAwareRequestFilter.doFilter(SecurityContextHolderAwareRequestFilter.java:181) ~[spring-security-web-7.0.5.jar:7.0.5]
	at org.springframework.security.web.FilterChainProxy$VirtualFilterChain.doFilter(FilterChainProxy.java:385) ~[spring-security-web-7.0.5.jar:7.0.5]
	at org.springframework.security.web.savedrequest.RequestCacheAwareFilter.doFilter(RequestCacheAwareFilter.java:63) ~[spring-security-web-7.0.5.jar:7.0.5]
	at org.springframework.security.web.FilterChainProxy$VirtualFilterChain.doFilter(FilterChainProxy.java:385) ~[spring-security-web-7.0.5.jar:7.0.5]
	at com.backend.dealspot.security.JwtAuthenticationFilter.doFilterInternal(JwtAuthenticationFilter.java:42) ~[classes/:na]
	at org.springframework.web.filter.OncePerRequestFilter.doFilter(OncePerRequestFilter.java:116) ~[spring-web-7.0.7.jar:7.0.7]
	at org.springframework.security.web.FilterChainProxy$VirtualFilterChain.doFilter(FilterChainProxy.java:385) ~[spring-security-web-7.0.5.jar:7.0.5]
	at org.springframework.security.web.authentication.logout.LogoutFilter.doFilter(LogoutFilter.java:110) ~[spring-security-web-7.0.5.jar:7.0.5]
	at org.springframework.security.web.authentication.logout.LogoutFilter.doFilter(LogoutFilter.java:96) ~[spring-security-web-7.0.5.jar:7.0.5]
	at org.springframework.security.web.FilterChainProxy$VirtualFilterChain.doFilter(FilterChainProxy.java:385) ~[spring-security-web-7.0.5.jar:7.0.5]
	at org.springframework.web.filter.CorsFilter.doFilterInternal(CorsFilter.java:91) ~[spring-web-7.0.7.jar:7.0.7]
	at org.springframework.web.filter.OncePerRequestFilter.doFilter(OncePerRequestFilter.java:116) ~[spring-web-7.0.7.jar:7.0.7]
	at org.springframework.security.web.FilterChainProxy$VirtualFilterChain.doFilter(FilterChainProxy.java:385) ~[spring-security-web-7.0.5.jar:7.0.5]
	at org.springframework.security.web.header.HeaderWriterFilter.doHeadersAfter(HeaderWriterFilter.java:90) ~[spring-security-web-7.0.5.jar:7.0.5]
	at org.springframework.security.web.header.HeaderWriterFilter.doFilterInternal(HeaderWriterFilter.java:75) ~[spring-security-web-7.0.5.jar:7.0.5]
	at org.springframework.web.filter.OncePerRequestFilter.doFilter(OncePerRequestFilter.java:116) ~[spring-web-7.0.7.jar:7.0.7]
	at org.springframework.security.web.FilterChainProxy$VirtualFilterChain.doFilter(FilterChainProxy.java:385) ~[spring-security-web-7.0.5.jar:7.0.5]
	at org.springframework.security.web.context.SecurityContextHolderFilter.doFilter(SecurityContextHolderFilter.java:82) ~[spring-security-web-7.0.5.jar:7.0.5]
	at org.springframework.security.web.context.SecurityContextHolderFilter.doFilter(SecurityContextHolderFilter.java:69) ~[spring-security-web-7.0.5.jar:7.0.5]
	at org.springframework.security.web.FilterChainProxy$VirtualFilterChain.doFilter(FilterChainProxy.java:385) ~[spring-security-web-7.0.5.jar:7.0.5]
	at org.springframework.security.web.context.request.async.WebAsyncManagerIntegrationFilter.doFilterInternal(WebAsyncManagerIntegrationFilter.java:62) ~[spring-security-web-7.0.5.jar:7.0.5]
	at org.springframework.web.filter.OncePerRequestFilter.doFilter(OncePerRequestFilter.java:116) ~[spring-web-7.0.7.jar:7.0.7]
	at org.springframework.security.web.FilterChainProxy$VirtualFilterChain.doFilter(FilterChainProxy.java:385) ~[spring-security-web-7.0.5.jar:7.0.5]
	at org.springframework.security.web.session.DisableEncodeUrlFilter.doFilterInternal(DisableEncodeUrlFilter.java:42) ~[spring-security-web-7.0.5.jar:7.0.5]
	at org.springframework.web.filter.OncePerRequestFilter.doFilter(OncePerRequestFilter.java:116) ~[spring-web-7.0.7.jar:7.0.7]
	at org.springframework.security.web.FilterChainProxy$VirtualFilterChain.doFilter(FilterChainProxy.java:385) ~[spring-security-web-7.0.5.jar:7.0.5]
	at org.springframework.security.web.FilterChainProxy.doFilterInternal(FilterChainProxy.java:237) ~[spring-security-web-7.0.5.jar:7.0.5]
	at org.springframework.security.web.FilterChainProxy.doFilter(FilterChainProxy.java:195) ~[spring-security-web-7.0.5.jar:7.0.5]
	at org.springframework.web.filter.CompositeFilter$VirtualFilterChain.doFilter(CompositeFilter.java:113) ~[spring-web-7.0.7.jar:7.0.7]
	at org.springframework.web.filter.ServletRequestPathFilter.doFilter(ServletRequestPathFilter.java:52) ~[spring-web-7.0.7.jar:7.0.7]
	at org.springframework.web.filter.CompositeFilter$VirtualFilterChain.doFilter(CompositeFilter.java:113) ~[spring-web-7.0.7.jar:7.0.7]
	at org.springframework.web.filter.CompositeFilter.doFilter(CompositeFilter.java:74) ~[spring-web-7.0.7.jar:7.0.7]
	at org.springframework.security.config.annotation.web.configuration.WebSecurityConfiguration$CompositeFilterChainProxy.doFilter(WebSecurityConfiguration.java:317) ~[spring-security-config-7.0.5.jar:7.0.5]
	at org.springframework.web.filter.DelegatingFilterProxy.invokeDelegate(DelegatingFilterProxy.java:355) ~[spring-web-7.0.7.jar:7.0.7]
	at org.springframework.web.filter.DelegatingFilterProxy.doFilter(DelegatingFilterProxy.java:272) ~[spring-web-7.0.7.jar:7.0.7]
	at org.apache.catalina.core.ApplicationFilterChain.doFilter(ApplicationFilterChain.java:107) ~[tomcat-embed-core-11.0.21.jar:11.0.21]
	at org.springframework.web.filter.RequestContextFilter.doFilterInternal(RequestContextFilter.java:100) ~[spring-web-7.0.7.jar:7.0.7]
	at org.springframework.web.filter.OncePerRequestFilter.doFilter(OncePerRequestFilter.java:116) ~[spring-web-7.0.7.jar:7.0.7]
	at org.apache.catalina.core.ApplicationFilterChain.doFilter(ApplicationFilterChain.java:107) ~[tomcat-embed-core-11.0.21.jar:11.0.21]
	at org.springframework.web.filter.FormContentFilter.doFilterInternal(FormContentFilter.java:93) ~[spring-web-7.0.7.jar:7.0.7]
	at org.springframework.web.filter.OncePerRequestFilter.doFilter(OncePerRequestFilter.java:116) ~[spring-web-7.0.7.jar:7.0.7]
	at org.apache.catalina.core.ApplicationFilterChain.doFilter(ApplicationFilterChain.java:107) ~[tomcat-embed-core-11.0.21.jar:11.0.21]
	at org.springframework.web.filter.CharacterEncodingFilter.doFilterInternal(CharacterEncodingFilter.java:199) ~[spring-web-7.0.7.jar:7.0.7]
	at org.springframework.web.filter.OncePerRequestFilter.doFilter(OncePerRequestFilter.java:116) ~[spring-web-7.0.7.jar:7.0.7]
	at org.apache.catalina.core.ApplicationFilterChain.doFilter(ApplicationFilterChain.java:107) ~[tomcat-embed-core-11.0.21.jar:11.0.21]
	at com.backend.dealspot.config.RequestLoggingFilter.doFilterInternal(RequestLoggingFilter.java:63) ~[classes/:na]
	at org.springframework.web.filter.OncePerRequestFilter.doFilter(OncePerRequestFilter.java:116) ~[spring-web-7.0.7.jar:7.0.7]
	at org.apache.catalina.core.ApplicationFilterChain.doFilter(ApplicationFilterChain.java:107) ~[tomcat-embed-core-11.0.21.jar:11.0.21]
	at org.apache.catalina.core.StandardWrapperValve.invoke(StandardWrapperValve.java:165) ~[tomcat-embed-core-11.0.21.jar:11.0.21]
	at org.apache.catalina.core.StandardContextValve.invoke(StandardContextValve.java:77) ~[tomcat-embed-core-11.0.21.jar:11.0.21]
	at org.apache.catalina.authenticator.AuthenticatorBase.invoke(AuthenticatorBase.java:492) ~[tomcat-embed-core-11.0.21.jar:11.0.21]
	at org.apache.catalina.core.StandardHostValve.invoke(StandardHostValve.java:113) ~[tomcat-embed-core-11.0.21.jar:11.0.21]
	at org.apache.catalina.valves.ErrorReportValve.invoke(ErrorReportValve.java:83) ~[tomcat-embed-core-11.0.21.jar:11.0.21]
	at org.apache.catalina.core.StandardEngineValve.invoke(StandardEngineValve.java:72) ~[tomcat-embed-core-11.0.21.jar:11.0.21]
	at org.apache.catalina.connector.CoyoteAdapter.service(CoyoteAdapter.java:341) ~[tomcat-embed-core-11.0.21.jar:11.0.21]
	at org.apache.coyote.http11.Http11Processor.service(Http11Processor.java:397) ~[tomcat-embed-core-11.0.21.jar:11.0.21]
	at org.apache.coyote.AbstractProcessorLight.process(AbstractProcessorLight.java:63) ~[tomcat-embed-core-11.0.21.jar:11.0.21]
	at org.apache.coyote.AbstractProtocol$ConnectionHandler.process(AbstractProtocol.java:903) ~[tomcat-embed-core-11.0.21.jar:11.0.21]
	at org.apache.tomcat.util.net.NioEndpoint$SocketProcessor.doRun(NioEndpoint.java:1801) ~[tomcat-embed-core-11.0.21.jar:11.0.21]
	at org.apache.tomcat.util.net.SocketProcessorBase.run(SocketProcessorBase.java:52) ~[tomcat-embed-core-11.0.21.jar:11.0.21]
	at org.apache.tomcat.util.threads.ThreadPoolExecutor.runWorker(ThreadPoolExecutor.java:946) ~[tomcat-embed-core-11.0.21.jar:11.0.21]
	at org.apache.tomcat.util.threads.ThreadPoolExecutor$Worker.run(ThreadPoolExecutor.java:480) ~[tomcat-embed-core-11.0.21.jar:11.0.21]
	at org.apache.tomcat.util.threads.TaskThread$WrappingRunnable.run(TaskThread.java:57) ~[tomcat-embed-core-11.0.21.jar:11.0.21]
	at java.base/java.lang.Thread.run(Thread.java:1516) ~[na:na]
Caused by: org.hibernate.exception.ConstraintViolationException: could not execute statement [Column 'performed_by' cannot be null] [insert into audit_logs (action,created_at,duration_ms,endpoint,entity_id,entity_type,error_message,error_type,http_method,ip_address,payload,performed_by,request_id,status_code,success,updated_at,user_agent,user_id) values (?,?,?,?,?,?,?,?,?,?,?,?,?,?,?,?,?,?)]
	at org.hibernate.dialect.MySQLDialect.lambda$buildSQLExceptionConversionDelegate$0(MySQLDialect.java:1273) ~[hibernate-core-7.2.12.Final.jar:7.2.12.Final]
	at org.hibernate.exception.internal.StandardSQLExceptionConverter.convert(StandardSQLExceptionConverter.java:34) ~[hibernate-core-7.2.12.Final.jar:7.2.12.Final]
	at org.hibernate.engine.jdbc.spi.SqlExceptionHelper.convert(SqlExceptionHelper.java:115) ~[hibernate-core-7.2.12.Final.jar:7.2.12.Final]
	at org.hibernate.engine.jdbc.internal.ResultSetReturnImpl.executeUpdate(ResultSetReturnImpl.java:184) ~[hibernate-core-7.2.12.Final.jar:7.2.12.Final]
	at org.hibernate.id.insert.GetGeneratedKeysDelegate.performMutation(GetGeneratedKeysDelegate.java:103) ~[hibernate-core-7.2.12.Final.jar:7.2.12.Final]
	at org.hibernate.engine.jdbc.mutation.internal.MutationExecutorSingleNonBatched.performNonBatchedOperations(MutationExecutorSingleNonBatched.java:45) ~[hibernate-core-7.2.12.Final.jar:7.2.12.Final]
	at org.hibernate.engine.jdbc.mutation.internal.AbstractMutationExecutor.execute(AbstractMutationExecutor.java:66) ~[hibernate-core-7.2.12.Final.jar:7.2.12.Final]
	at org.hibernate.engine.jdbc.mutation.internal.AbstractMutationExecutor.execute(AbstractMutationExecutor.java:55) ~[hibernate-core-7.2.12.Final.jar:7.2.12.Final]
	at org.hibernate.persister.entity.mutation.InsertCoordinatorStandard.doStaticInserts(InsertCoordinatorStandard.java:180) ~[hibernate-core-7.2.12.Final.jar:7.2.12.Final]
	at org.hibernate.persister.entity.mutation.InsertCoordinatorStandard.coordinateInsert(InsertCoordinatorStandard.java:120) ~[hibernate-core-7.2.12.Final.jar:7.2.12.Final]
	at org.hibernate.persister.entity.mutation.InsertCoordinatorStandard.insert(InsertCoordinatorStandard.java:84) ~[hibernate-core-7.2.12.Final.jar:7.2.12.Final]
	at org.hibernate.action.internal.EntityIdentityInsertAction.execute(EntityIdentityInsertAction.java:85) ~[hibernate-core-7.2.12.Final.jar:7.2.12.Final]
	at org.hibernate.engine.spi.ActionQueue.execute(ActionQueue.java:667) ~[hibernate-core-7.2.12.Final.jar:7.2.12.Final]
	at org.hibernate.engine.spi.ActionQueue.addResolvedEntityInsertAction(ActionQueue.java:291) ~[hibernate-core-7.2.12.Final.jar:7.2.12.Final]
	at org.hibernate.engine.spi.ActionQueue.addInsertAction(ActionQueue.java:270) ~[hibernate-core-7.2.12.Final.jar:7.2.12.Final]
	at org.hibernate.engine.spi.ActionQueue.addAction(ActionQueue.java:322) ~[hibernate-core-7.2.12.Final.jar:7.2.12.Final]
	at org.hibernate.event.internal.AbstractSaveEventListener.addInsertAction(AbstractSaveEventListener.java:371) ~[hibernate-core-7.2.12.Final.jar:7.2.12.Final]
	at org.hibernate.event.internal.AbstractSaveEventListener.performSaveOrReplicate(AbstractSaveEventListener.java:285) ~[hibernate-core-7.2.12.Final.jar:7.2.12.Final]
	at org.hibernate.event.internal.AbstractSaveEventListener.performSave(AbstractSaveEventListener.java:215) ~[hibernate-core-7.2.12.Final.jar:7.2.12.Final]
	at org.hibernate.event.internal.AbstractSaveEventListener.saveWithGeneratedId(AbstractSaveEventListener.java:133) ~[hibernate-core-7.2.12.Final.jar:7.2.12.Final]
	at org.hibernate.event.internal.DefaultPersistEventListener.entityIsTransient(DefaultPersistEventListener.java:144) ~[hibernate-core-7.2.12.Final.jar:7.2.12.Final]
	at org.hibernate.event.internal.DefaultPersistEventListener.persist(DefaultPersistEventListener.java:90) ~[hibernate-core-7.2.12.Final.jar:7.2.12.Final]
	at org.hibernate.event.internal.DefaultPersistEventListener.onPersist(DefaultPersistEventListener.java:74) ~[hibernate-core-7.2.12.Final.jar:7.2.12.Final]
	at org.hibernate.event.internal.DefaultPersistEventListener.onPersist(DefaultPersistEventListener.java:50) ~[hibernate-core-7.2.12.Final.jar:7.2.12.Final]
	at org.hibernate.event.service.internal.EventListenerGroupImpl.fireEventOnEachListener(EventListenerGroupImpl.java:138) ~[hibernate-core-7.2.12.Final.jar:7.2.12.Final]
	at org.hibernate.internal.SessionImpl.firePersist(SessionImpl.java:692) ~[hibernate-core-7.2.12.Final.jar:7.2.12.Final]
	at org.hibernate.internal.SessionImpl.persist(SessionImpl.java:675) ~[hibernate-core-7.2.12.Final.jar:7.2.12.Final]
	at java.base/jdk.internal.reflect.DirectMethodHandleAccessor.invoke(DirectMethodHandleAccessor.java:104) ~[na:na]
	at java.base/java.lang.reflect.Method.invoke(Method.java:565) ~[na:na]
	at org.springframework.orm.jpa.ExtendedEntityManagerCreator$ExtendedEntityManagerInvocationHandler.invoke(ExtendedEntityManagerCreator.java:362) ~[spring-orm-7.0.7.jar:7.0.7]
	at jdk.proxy5/jdk.proxy5.$Proxy205.persist(Unknown Source) ~[na:na]
	at java.base/jdk.internal.reflect.DirectMethodHandleAccessor.invoke(DirectMethodHandleAccessor.java:104) ~[na:na]
	at java.base/java.lang.reflect.Method.invoke(Method.java:565) ~[na:na]
	at org.springframework.orm.jpa.SharedEntityManagerCreator$SharedEntityHandlerInvocationHandler.invokeMethod(SharedEntityManagerCreator.java:240) ~[spring-orm-7.0.7.jar:7.0.7]
	at org.springframework.orm.jpa.SharedEntityManagerCreator$SharedEntityManagerInvocationHandler.invoke(SharedEntityManagerCreator.java:386) ~[spring-orm-7.0.7.jar:7.0.7]
	at jdk.proxy5/jdk.proxy5.$Proxy205.persist(Unknown Source) ~[na:na]
	at org.springframework.data.jpa.repository.support.SimpleJpaRepository.save(SimpleJpaRepository.java:664) ~[spring-data-jpa-4.0.5.jar:4.0.5]
	at java.base/jdk.internal.reflect.DirectMethodHandleAccessor.invoke(DirectMethodHandleAccessor.java:104) ~[na:na]
	at java.base/java.lang.reflect.Method.invoke(Method.java:565) ~[na:na]
	at org.springframework.aop.support.AopUtils.invokeJoinpointUsingReflection(AopUtils.java:359) ~[spring-aop-7.0.7.jar:7.0.7]
	at org.springframework.data.repository.core.support.RepositoryMethodInvoker$RepositoryFragmentMethodInvoker.lambda$new$0(RepositoryMethodInvoker.java:278) ~[spring-data-commons-4.0.5.jar:4.0.5]
	at org.springframework.data.repository.core.support.RepositoryMethodInvoker.doInvoke(RepositoryMethodInvoker.java:169) ~[spring-data-commons-4.0.5.jar:4.0.5]
	at org.springframework.data.repository.core.support.RepositoryMethodInvoker.invoke(RepositoryMethodInvoker.java:158) ~[spring-data-commons-4.0.5.jar:4.0.5]
	at org.springframework.data.repository.core.support.RepositoryComposition$RepositoryFragments.invoke(RepositoryComposition.java:545) ~[spring-data-commons-4.0.5.jar:4.0.5]
	at org.springframework.data.repository.core.support.RepositoryComposition.invoke(RepositoryComposition.java:290) ~[spring-data-commons-4.0.5.jar:4.0.5]
	at org.springframework.data.repository.core.support.RepositoryFactorySupport$ImplementationMethodExecutionInterceptor.invoke(RepositoryFactorySupport.java:690) ~[spring-data-commons-4.0.5.jar:4.0.5]
	at org.springframework.aop.framework.ReflectiveMethodInvocation.proceed(ReflectiveMethodInvocation.java:179) ~[spring-aop-7.0.7.jar:7.0.7]
	at org.springframework.data.repository.core.support.QueryExecutorMethodInterceptor.doInvoke(QueryExecutorMethodInterceptor.java:171) ~[spring-data-commons-4.0.5.jar:4.0.5]
	at org.springframework.data.repository.core.support.QueryExecutorMethodInterceptor.invoke(QueryExecutorMethodInterceptor.java:146) ~[spring-data-commons-4.0.5.jar:4.0.5]
	at org.springframework.aop.framework.ReflectiveMethodInvocation.proceed(ReflectiveMethodInvocation.java:179) ~[spring-aop-7.0.7.jar:7.0.7]
	at org.springframework.data.projection.DefaultMethodInvokingMethodInterceptor.invoke(DefaultMethodInvokingMethodInterceptor.java:69) ~[spring-data-commons-4.0.5.jar:4.0.5]
	at org.springframework.aop.framework.ReflectiveMethodInvocation.proceed(ReflectiveMethodInvocation.java:179) ~[spring-aop-7.0.7.jar:7.0.7]
	at org.springframework.transaction.interceptor.TransactionInterceptor$1.proceedWithInvocation(TransactionInterceptor.java:133) ~[spring-tx-7.0.7.jar:7.0.7]
	at org.springframework.transaction.interceptor.TransactionAspectSupport.invokeWithinTransaction(TransactionAspectSupport.java:371) ~[spring-tx-7.0.7.jar:7.0.7]
	at org.springframework.transaction.interceptor.TransactionInterceptor.invoke(TransactionInterceptor.java:130) ~[spring-tx-7.0.7.jar:7.0.7]
	at org.springframework.aop.framework.ReflectiveMethodInvocation.proceed(ReflectiveMethodInvocation.java:179) ~[spring-aop-7.0.7.jar:7.0.7]
	at org.springframework.dao.support.PersistenceExceptionTranslationInterceptor.invoke(PersistenceExceptionTranslationInterceptor.java:135) ~[spring-tx-7.0.7.jar:7.0.7]
	... 108 common frames omitted
Caused by: java.sql.SQLIntegrityConstraintViolationException: Column 'performed_by' cannot be null
	at com.mysql.cj.jdbc.exceptions.SQLError.createSQLException(SQLError.java:109) ~[mysql-connector-j-9.7.0.jar:9.7.0]
	at com.mysql.cj.jdbc.exceptions.SQLExceptionsMapping.translateException(SQLExceptionsMapping.java:114) ~[mysql-connector-j-9.7.0.jar:9.7.0]
	at com.mysql.cj.jdbc.ClientPreparedStatement.executeInternal(ClientPreparedStatement.java:988) ~[mysql-connector-j-9.7.0.jar:9.7.0]
	at com.mysql.cj.jdbc.ClientPreparedStatement.executeUpdateInternal(ClientPreparedStatement.java:1166) ~[mysql-connector-j-9.7.0.jar:9.7.0]
	at com.mysql.cj.jdbc.ClientPreparedStatement.executeUpdateInternal(ClientPreparedStatement.java:1101) ~[mysql-connector-j-9.7.0.jar:9.7.0]
	at com.mysql.cj.jdbc.ClientPreparedStatement.executeLargeUpdate(ClientPreparedStatement.java:1448) ~[mysql-connector-j-9.7.0.jar:9.7.0]
	at com.mysql.cj.jdbc.ClientPreparedStatement.executeUpdate(ClientPreparedStatement.java:1084) ~[mysql-connector-j-9.7.0.jar:9.7.0]
	at com.zaxxer.hikari.pool.ProxyPreparedStatement.executeUpdate(ProxyPreparedStatement.java:61) ~[HikariCP-7.0.2.jar:na]
	at com.zaxxer.hikari.pool.HikariProxyPreparedStatement.executeUpdate(HikariProxyPreparedStatement.java) ~[HikariCP-7.0.2.jar:na]
	at org.hibernate.engine.jdbc.internal.ResultSetReturnImpl.executeUpdate(ResultSetReturnImpl.java:181) ~[hibernate-core-7.2.12.Final.jar:7.2.12.Final]
	... 161 common frames omitted

2026-09-15 12:58:29.645  WARN 13736 --- [f625a437] [userId=anonymous] [0.0-8080-exec-2] c.b.d.c.e.GlobalExceptionHandler         : Authentication failed: Invalid email or password
2026-09-15 12:58:29.652  WARN 13736 --- [f625a437] [userId=anonymous] [0.0-8080-exec-2] .m.m.a.ExceptionHandlerExceptionResolver : Resolved [org.springframework.security.authentication.BadCredentialsException: Invalid email or password]
2026-09-15 12:58:29.653  INFO 13736 --- [f625a437] [userId=anonymous] [0.0-8080-exec-2] c.b.d.config.RequestLoggingFilter        : method=POST uri=/api/dealspot/auth/admin/login status=401 duration=73ms
2026-09-15 12:58:29.671 DEBUG 13736 --- [310a0a32] [userId=anonymous] [0.0-8080-exec-3] c.b.dealspot.controller.AuthController   : User login attempt for email: nonexistent@dealspot.com
2026-09-15 12:58:29.684  WARN 13736 --- [310a0a32] [userId=anonymous] [0.0-8080-exec-3] org.hibernate.orm.jdbc.error             : HHH000247: ErrorCode: 1048, SQLState: 23000
2026-09-15 12:58:29.685  WARN 13736 --- [310a0a32] [userId=anonymous] [0.0-8080-exec-3] org.hibernate.orm.jdbc.error             : Column 'performed_by' cannot be null
2026-09-15 12:58:29.699 ERROR 13736 --- [310a0a32] [userId=anonymous] [0.0-8080-exec-3] c.b.d.serviceImpl.AuditServiceImpl       : Failed to persist audit log for action: LOGIN. Reason: could not execute statement [Column 'performed_by' cannot be null] [insert into audit_logs (action,created_at,duration_ms,endpoint,entity_id,entity_type,error_message,error_type,http_method,ip_address,payload,performed_by,request_id,status_code,success,updated_at,user_agent,user_id) values (?,?,?,?,?,?,?,?,?,?,?,?,?,?,?,?,?,?)]; SQL [insert into audit_logs (action,created_at,duration_ms,endpoint,entity_id,entity_type,error_message,error_type,http_method,ip_address,payload,performed_by,request_id,status_code,success,updated_at,user_agent,user_id) values (?,?,?,?,?,?,?,?,?,?,?,?,?,?,?,?,?,?)]; constraint [performed_by]

org.springframework.dao.DataIntegrityViolationException: could not execute statement [Column 'performed_by' cannot be null] [insert into audit_logs (action,created_at,duration_ms,endpoint,entity_id,entity_type,error_message,error_type,http_method,ip_address,payload,performed_by,request_id,status_code,success,updated_at,user_agent,user_id) values (?,?,?,?,?,?,?,?,?,?,?,?,?,?,?,?,?,?)]; SQL [insert into audit_logs (action,created_at,duration_ms,endpoint,entity_id,entity_type,error_message,error_type,http_method,ip_address,payload,performed_by,request_id,status_code,success,updated_at,user_agent,user_id) values (?,?,?,?,?,?,?,?,?,?,?,?,?,?,?,?,?,?)]; constraint [performed_by]
	at org.springframework.orm.jpa.hibernate.HibernateExceptionTranslator.convertHibernateAccessException(HibernateExceptionTranslator.java:169) ~[spring-orm-7.0.7.jar:7.0.7]
	at org.springframework.orm.jpa.hibernate.HibernateExceptionTranslator.convertHibernateAccessException(HibernateExceptionTranslator.java:131) ~[spring-orm-7.0.7.jar:7.0.7]
	at org.springframework.orm.jpa.hibernate.HibernateExceptionTranslator.translateExceptionIfPossible(HibernateExceptionTranslator.java:105) ~[spring-orm-7.0.7.jar:7.0.7]
	at org.springframework.orm.jpa.vendor.HibernateJpaDialect.translateExceptionIfPossible(HibernateJpaDialect.java:223) ~[spring-orm-7.0.7.jar:7.0.7]
	at org.springframework.orm.jpa.AbstractEntityManagerFactoryBean.translateExceptionIfPossible(AbstractEntityManagerFactoryBean.java:576) ~[spring-orm-7.0.7.jar:7.0.7]
	at org.springframework.dao.support.ChainedPersistenceExceptionTranslator.translateExceptionIfPossible(ChainedPersistenceExceptionTranslator.java:61) ~[spring-tx-7.0.7.jar:7.0.7]
	at org.springframework.dao.support.DataAccessUtils.translateIfNecessary(DataAccessUtils.java:346) ~[spring-tx-7.0.7.jar:7.0.7]
	at org.springframework.dao.support.PersistenceExceptionTranslationInterceptor.invoke(PersistenceExceptionTranslationInterceptor.java:157) ~[spring-tx-7.0.7.jar:7.0.7]
	at org.springframework.aop.framework.ReflectiveMethodInvocation.proceed(ReflectiveMethodInvocation.java:179) ~[spring-aop-7.0.7.jar:7.0.7]
	at org.springframework.data.jpa.repository.support.CrudMethodMetadataPostProcessor$CrudMethodMetadataPopulatingMethodInterceptor.invoke(CrudMethodMetadataPostProcessor.java:166) ~[spring-data-jpa-4.0.5.jar:4.0.5]
	at org.springframework.aop.framework.ReflectiveMethodInvocation.proceed(ReflectiveMethodInvocation.java:179) ~[spring-aop-7.0.7.jar:7.0.7]
	at org.springframework.aop.framework.JdkDynamicAopProxy.invoke(JdkDynamicAopProxy.java:222) ~[spring-aop-7.0.7.jar:7.0.7]
	at jdk.proxy5/jdk.proxy5.$Proxy209.save(Unknown Source) ~[na:na]
	at com.backend.dealspot.serviceImpl.AuditServiceImpl.lambda$1(AuditServiceImpl.java:281) ~[classes/:na]
	at org.springframework.transaction.support.TransactionTemplate.execute(TransactionTemplate.java:137) ~[spring-tx-7.0.7.jar:7.0.7]
	at com.backend.dealspot.serviceImpl.AuditServiceImpl.persistAuditLog(AuditServiceImpl.java:274) ~[classes/:na]
	at com.backend.dealspot.serviceImpl.AuditServiceImpl.log(AuditServiceImpl.java:144) ~[classes/:na]
	at com.backend.dealspot.serviceImpl.AuditServiceImpl.log(AuditServiceImpl.java:161) ~[classes/:na]
	at com.backend.dealspot.controller.AuthController.userLogin(AuthController.java:144) ~[classes/:na]
	at java.base/jdk.internal.reflect.DirectMethodHandleAccessor.invoke(DirectMethodHandleAccessor.java:104) ~[na:na]
	at java.base/java.lang.reflect.Method.invoke(Method.java:565) ~[na:na]
	at org.springframework.web.method.support.InvocableHandlerMethod.doInvoke(InvocableHandlerMethod.java:252) ~[spring-web-7.0.7.jar:7.0.7]
	at org.springframework.web.method.support.InvocableHandlerMethod.invokeForRequest(InvocableHandlerMethod.java:184) ~[spring-web-7.0.7.jar:7.0.7]
	at org.springframework.web.servlet.mvc.method.annotation.ServletInvocableHandlerMethod.invokeAndHandle(ServletInvocableHandlerMethod.java:117) ~[spring-webmvc-7.0.7.jar:7.0.7]
	at org.springframework.web.servlet.mvc.method.annotation.RequestMappingHandlerAdapter.invokeHandlerMethod(RequestMappingHandlerAdapter.java:934) ~[spring-webmvc-7.0.7.jar:7.0.7]
	at org.springframework.web.servlet.mvc.method.annotation.RequestMappingHandlerAdapter.handleInternal(RequestMappingHandlerAdapter.java:853) ~[spring-webmvc-7.0.7.jar:7.0.7]
	at org.springframework.web.servlet.mvc.method.AbstractHandlerMethodAdapter.handle(AbstractHandlerMethodAdapter.java:86) ~[spring-webmvc-7.0.7.jar:7.0.7]
	at org.springframework.web.servlet.DispatcherServlet.doDispatch(DispatcherServlet.java:963) ~[spring-webmvc-7.0.7.jar:7.0.7]
	at org.springframework.web.servlet.DispatcherServlet.doService(DispatcherServlet.java:866) ~[spring-webmvc-7.0.7.jar:7.0.7]
	at org.springframework.web.servlet.FrameworkServlet.processRequest(FrameworkServlet.java:1000) ~[spring-webmvc-7.0.7.jar:7.0.7]
	at org.springframework.web.servlet.FrameworkServlet.doPost(FrameworkServlet.java:903) ~[spring-webmvc-7.0.7.jar:7.0.7]
	at jakarta.servlet.http.HttpServlet.service(HttpServlet.java:649) ~[tomcat-embed-core-11.0.21.jar:6.1]
	at org.springframework.web.servlet.FrameworkServlet.service(FrameworkServlet.java:874) ~[spring-webmvc-7.0.7.jar:7.0.7]
	at jakarta.servlet.http.HttpServlet.service(HttpServlet.java:710) ~[tomcat-embed-core-11.0.21.jar:6.1]
	at org.apache.catalina.core.ApplicationFilterChain.doFilter(ApplicationFilterChain.java:128) ~[tomcat-embed-core-11.0.21.jar:11.0.21]
	at org.apache.tomcat.websocket.server.WsFilter.doFilter(WsFilter.java:53) ~[tomcat-embed-websocket-11.0.21.jar:11.0.21]
	at org.apache.catalina.core.ApplicationFilterChain.doFilter(ApplicationFilterChain.java:107) ~[tomcat-embed-core-11.0.21.jar:11.0.21]
	at org.springframework.web.filter.OncePerRequestFilter.doFilter(OncePerRequestFilter.java:110) ~[spring-web-7.0.7.jar:7.0.7]
	at org.apache.catalina.core.ApplicationFilterChain.doFilter(ApplicationFilterChain.java:107) ~[tomcat-embed-core-11.0.21.jar:11.0.21]
	at org.springframework.web.filter.CompositeFilter$VirtualFilterChain.doFilter(CompositeFilter.java:108) ~[spring-web-7.0.7.jar:7.0.7]
	at org.springframework.security.web.FilterChainProxy.lambda$doFilterInternal$3(FilterChainProxy.java:235) ~[spring-security-web-7.0.5.jar:7.0.5]
	at org.springframework.security.web.FilterChainProxy$VirtualFilterChain.doFilter(FilterChainProxy.java:376) ~[spring-security-web-7.0.5.jar:7.0.5]
	at org.springframework.security.web.access.intercept.AuthorizationFilter.doFilter(AuthorizationFilter.java:101) ~[spring-security-web-7.0.5.jar:7.0.5]
	at org.springframework.security.web.FilterChainProxy$VirtualFilterChain.doFilter(FilterChainProxy.java:385) ~[spring-security-web-7.0.5.jar:7.0.5]
	at org.springframework.security.web.access.ExceptionTranslationFilter.doFilter(ExceptionTranslationFilter.java:126) ~[spring-security-web-7.0.5.jar:7.0.5]
	at org.springframework.security.web.access.ExceptionTranslationFilter.doFilter(ExceptionTranslationFilter.java:120) ~[spring-security-web-7.0.5.jar:7.0.5]
	at org.springframework.security.web.FilterChainProxy$VirtualFilterChain.doFilter(FilterChainProxy.java:385) ~[spring-security-web-7.0.5.jar:7.0.5]
	at org.springframework.security.web.session.SessionManagementFilter.doFilter(SessionManagementFilter.java:132) ~[spring-security-web-7.0.5.jar:7.0.5]
	at org.springframework.security.web.session.SessionManagementFilter.doFilter(SessionManagementFilter.java:86) ~[spring-security-web-7.0.5.jar:7.0.5]
	at org.springframework.security.web.FilterChainProxy$VirtualFilterChain.doFilter(FilterChainProxy.java:385) ~[spring-security-web-7.0.5.jar:7.0.5]
	at org.springframework.security.web.authentication.AnonymousAuthenticationFilter.doFilter(AnonymousAuthenticationFilter.java:100) ~[spring-security-web-7.0.5.jar:7.0.5]
	at org.springframework.security.web.FilterChainProxy$VirtualFilterChain.doFilter(FilterChainProxy.java:385) ~[spring-security-web-7.0.5.jar:7.0.5]
	at org.springframework.security.web.servletapi.SecurityContextHolderAwareRequestFilter.doFilter(SecurityContextHolderAwareRequestFilter.java:181) ~[spring-security-web-7.0.5.jar:7.0.5]
	at org.springframework.security.web.FilterChainProxy$VirtualFilterChain.doFilter(FilterChainProxy.java:385) ~[spring-security-web-7.0.5.jar:7.0.5]
	at org.springframework.security.web.savedrequest.RequestCacheAwareFilter.doFilter(RequestCacheAwareFilter.java:63) ~[spring-security-web-7.0.5.jar:7.0.5]
	at org.springframework.security.web.FilterChainProxy$VirtualFilterChain.doFilter(FilterChainProxy.java:385) ~[spring-security-web-7.0.5.jar:7.0.5]
	at com.backend.dealspot.security.JwtAuthenticationFilter.doFilterInternal(JwtAuthenticationFilter.java:42) ~[classes/:na]
	at org.springframework.web.filter.OncePerRequestFilter.doFilter(OncePerRequestFilter.java:116) ~[spring-web-7.0.7.jar:7.0.7]
	at org.springframework.security.web.FilterChainProxy$VirtualFilterChain.doFilter(FilterChainProxy.java:385) ~[spring-security-web-7.0.5.jar:7.0.5]
	at org.springframework.security.web.authentication.logout.LogoutFilter.doFilter(LogoutFilter.java:110) ~[spring-security-web-7.0.5.jar:7.0.5]
	at org.springframework.security.web.authentication.logout.LogoutFilter.doFilter(LogoutFilter.java:96) ~[spring-security-web-7.0.5.jar:7.0.5]
	at org.springframework.security.web.FilterChainProxy$VirtualFilterChain.doFilter(FilterChainProxy.java:385) ~[spring-security-web-7.0.5.jar:7.0.5]
	at org.springframework.web.filter.CorsFilter.doFilterInternal(CorsFilter.java:91) ~[spring-web-7.0.7.jar:7.0.7]
	at org.springframework.web.filter.OncePerRequestFilter.doFilter(OncePerRequestFilter.java:116) ~[spring-web-7.0.7.jar:7.0.7]
	at org.springframework.security.web.FilterChainProxy$VirtualFilterChain.doFilter(FilterChainProxy.java:385) ~[spring-security-web-7.0.5.jar:7.0.5]
	at org.springframework.security.web.header.HeaderWriterFilter.doHeadersAfter(HeaderWriterFilter.java:90) ~[spring-security-web-7.0.5.jar:7.0.5]
	at org.springframework.security.web.header.HeaderWriterFilter.doFilterInternal(HeaderWriterFilter.java:75) ~[spring-security-web-7.0.5.jar:7.0.5]
	at org.springframework.web.filter.OncePerRequestFilter.doFilter(OncePerRequestFilter.java:116) ~[spring-web-7.0.7.jar:7.0.7]
	at org.springframework.security.web.FilterChainProxy$VirtualFilterChain.doFilter(FilterChainProxy.java:385) ~[spring-security-web-7.0.5.jar:7.0.5]
	at org.springframework.security.web.context.SecurityContextHolderFilter.doFilter(SecurityContextHolderFilter.java:82) ~[spring-security-web-7.0.5.jar:7.0.5]
	at org.springframework.security.web.context.SecurityContextHolderFilter.doFilter(SecurityContextHolderFilter.java:69) ~[spring-security-web-7.0.5.jar:7.0.5]
	at org.springframework.security.web.FilterChainProxy$VirtualFilterChain.doFilter(FilterChainProxy.java:385) ~[spring-security-web-7.0.5.jar:7.0.5]
	at org.springframework.security.web.context.request.async.WebAsyncManagerIntegrationFilter.doFilterInternal(WebAsyncManagerIntegrationFilter.java:62) ~[spring-security-web-7.0.5.jar:7.0.5]
	at org.springframework.web.filter.OncePerRequestFilter.doFilter(OncePerRequestFilter.java:116) ~[spring-web-7.0.7.jar:7.0.7]
	at org.springframework.security.web.FilterChainProxy$VirtualFilterChain.doFilter(FilterChainProxy.java:385) ~[spring-security-web-7.0.5.jar:7.0.5]
	at org.springframework.security.web.session.DisableEncodeUrlFilter.doFilterInternal(DisableEncodeUrlFilter.java:42) ~[spring-security-web-7.0.5.jar:7.0.5]
	at org.springframework.web.filter.OncePerRequestFilter.doFilter(OncePerRequestFilter.java:116) ~[spring-web-7.0.7.jar:7.0.7]
	at org.springframework.security.web.FilterChainProxy$VirtualFilterChain.doFilter(FilterChainProxy.java:385) ~[spring-security-web-7.0.5.jar:7.0.5]
	at org.springframework.security.web.FilterChainProxy.doFilterInternal(FilterChainProxy.java:237) ~[spring-security-web-7.0.5.jar:7.0.5]
	at org.springframework.security.web.FilterChainProxy.doFilter(FilterChainProxy.java:195) ~[spring-security-web-7.0.5.jar:7.0.5]
	at org.springframework.web.filter.CompositeFilter$VirtualFilterChain.doFilter(CompositeFilter.java:113) ~[spring-web-7.0.7.jar:7.0.7]
	at org.springframework.web.filter.ServletRequestPathFilter.doFilter(ServletRequestPathFilter.java:52) ~[spring-web-7.0.7.jar:7.0.7]
	at org.springframework.web.filter.CompositeFilter$VirtualFilterChain.doFilter(CompositeFilter.java:113) ~[spring-web-7.0.7.jar:7.0.7]
	at org.springframework.web.filter.CompositeFilter.doFilter(CompositeFilter.java:74) ~[spring-web-7.0.7.jar:7.0.7]
	at org.springframework.security.config.annotation.web.configuration.WebSecurityConfiguration$CompositeFilterChainProxy.doFilter(WebSecurityConfiguration.java:317) ~[spring-security-config-7.0.5.jar:7.0.5]
	at org.springframework.web.filter.DelegatingFilterProxy.invokeDelegate(DelegatingFilterProxy.java:355) ~[spring-web-7.0.7.jar:7.0.7]
	at org.springframework.web.filter.DelegatingFilterProxy.doFilter(DelegatingFilterProxy.java:272) ~[spring-web-7.0.7.jar:7.0.7]
	at org.apache.catalina.core.ApplicationFilterChain.doFilter(ApplicationFilterChain.java:107) ~[tomcat-embed-core-11.0.21.jar:11.0.21]
	at org.springframework.web.filter.RequestContextFilter.doFilterInternal(RequestContextFilter.java:100) ~[spring-web-7.0.7.jar:7.0.7]
	at org.springframework.web.filter.OncePerRequestFilter.doFilter(OncePerRequestFilter.java:116) ~[spring-web-7.0.7.jar:7.0.7]
	at org.apache.catalina.core.ApplicationFilterChain.doFilter(ApplicationFilterChain.java:107) ~[tomcat-embed-core-11.0.21.jar:11.0.21]
	at org.springframework.web.filter.FormContentFilter.doFilterInternal(FormContentFilter.java:93) ~[spring-web-7.0.7.jar:7.0.7]
	at org.springframework.web.filter.OncePerRequestFilter.doFilter(OncePerRequestFilter.java:116) ~[spring-web-7.0.7.jar:7.0.7]
	at org.apache.catalina.core.ApplicationFilterChain.doFilter(ApplicationFilterChain.java:107) ~[tomcat-embed-core-11.0.21.jar:11.0.21]
	at org.springframework.web.filter.CharacterEncodingFilter.doFilterInternal(CharacterEncodingFilter.java:199) ~[spring-web-7.0.7.jar:7.0.7]
	at org.springframework.web.filter.OncePerRequestFilter.doFilter(OncePerRequestFilter.java:116) ~[spring-web-7.0.7.jar:7.0.7]
	at org.apache.catalina.core.ApplicationFilterChain.doFilter(ApplicationFilterChain.java:107) ~[tomcat-embed-core-11.0.21.jar:11.0.21]
	at com.backend.dealspot.config.RequestLoggingFilter.doFilterInternal(RequestLoggingFilter.java:63) ~[classes/:na]
	at org.springframework.web.filter.OncePerRequestFilter.doFilter(OncePerRequestFilter.java:116) ~[spring-web-7.0.7.jar:7.0.7]
	at org.apache.catalina.core.ApplicationFilterChain.doFilter(ApplicationFilterChain.java:107) ~[tomcat-embed-core-11.0.21.jar:11.0.21]
	at org.apache.catalina.core.StandardWrapperValve.invoke(StandardWrapperValve.java:165) ~[tomcat-embed-core-11.0.21.jar:11.0.21]
	at org.apache.catalina.core.StandardContextValve.invoke(StandardContextValve.java:77) ~[tomcat-embed-core-11.0.21.jar:11.0.21]
	at org.apache.catalina.authenticator.AuthenticatorBase.invoke(AuthenticatorBase.java:492) ~[tomcat-embed-core-11.0.21.jar:11.0.21]
	at org.apache.catalina.core.StandardHostValve.invoke(StandardHostValve.java:113) ~[tomcat-embed-core-11.0.21.jar:11.0.21]
	at org.apache.catalina.valves.ErrorReportValve.invoke(ErrorReportValve.java:83) ~[tomcat-embed-core-11.0.21.jar:11.0.21]
	at org.apache.catalina.core.StandardEngineValve.invoke(StandardEngineValve.java:72) ~[tomcat-embed-core-11.0.21.jar:11.0.21]
	at org.apache.catalina.connector.CoyoteAdapter.service(CoyoteAdapter.java:341) ~[tomcat-embed-core-11.0.21.jar:11.0.21]
	at org.apache.coyote.http11.Http11Processor.service(Http11Processor.java:397) ~[tomcat-embed-core-11.0.21.jar:11.0.21]
	at org.apache.coyote.AbstractProcessorLight.process(AbstractProcessorLight.java:63) ~[tomcat-embed-core-11.0.21.jar:11.0.21]
	at org.apache.coyote.AbstractProtocol$ConnectionHandler.process(AbstractProtocol.java:903) ~[tomcat-embed-core-11.0.21.jar:11.0.21]
	at org.apache.tomcat.util.net.NioEndpoint$SocketProcessor.doRun(NioEndpoint.java:1801) ~[tomcat-embed-core-11.0.21.jar:11.0.21]
	at org.apache.tomcat.util.net.SocketProcessorBase.run(SocketProcessorBase.java:52) ~[tomcat-embed-core-11.0.21.jar:11.0.21]
	at org.apache.tomcat.util.threads.ThreadPoolExecutor.runWorker(ThreadPoolExecutor.java:946) ~[tomcat-embed-core-11.0.21.jar:11.0.21]
	at org.apache.tomcat.util.threads.ThreadPoolExecutor$Worker.run(ThreadPoolExecutor.java:480) ~[tomcat-embed-core-11.0.21.jar:11.0.21]
	at org.apache.tomcat.util.threads.TaskThread$WrappingRunnable.run(TaskThread.java:57) ~[tomcat-embed-core-11.0.21.jar:11.0.21]
	at java.base/java.lang.Thread.run(Thread.java:1516) ~[na:na]
Caused by: org.hibernate.exception.ConstraintViolationException: could not execute statement [Column 'performed_by' cannot be null] [insert into audit_logs (action,created_at,duration_ms,endpoint,entity_id,entity_type,error_message,error_type,http_method,ip_address,payload,performed_by,request_id,status_code,success,updated_at,user_agent,user_id) values (?,?,?,?,?,?,?,?,?,?,?,?,?,?,?,?,?,?)]
	at org.hibernate.dialect.MySQLDialect.lambda$buildSQLExceptionConversionDelegate$0(MySQLDialect.java:1273) ~[hibernate-core-7.2.12.Final.jar:7.2.12.Final]
	at org.hibernate.exception.internal.StandardSQLExceptionConverter.convert(StandardSQLExceptionConverter.java:34) ~[hibernate-core-7.2.12.Final.jar:7.2.12.Final]
	at org.hibernate.engine.jdbc.spi.SqlExceptionHelper.convert(SqlExceptionHelper.java:115) ~[hibernate-core-7.2.12.Final.jar:7.2.12.Final]
	at org.hibernate.engine.jdbc.internal.ResultSetReturnImpl.executeUpdate(ResultSetReturnImpl.java:184) ~[hibernate-core-7.2.12.Final.jar:7.2.12.Final]
	at org.hibernate.id.insert.GetGeneratedKeysDelegate.performMutation(GetGeneratedKeysDelegate.java:103) ~[hibernate-core-7.2.12.Final.jar:7.2.12.Final]
	at org.hibernate.engine.jdbc.mutation.internal.MutationExecutorSingleNonBatched.performNonBatchedOperations(MutationExecutorSingleNonBatched.java:45) ~[hibernate-core-7.2.12.Final.jar:7.2.12.Final]
	at org.hibernate.engine.jdbc.mutation.internal.AbstractMutationExecutor.execute(AbstractMutationExecutor.java:66) ~[hibernate-core-7.2.12.Final.jar:7.2.12.Final]
	at org.hibernate.engine.jdbc.mutation.internal.AbstractMutationExecutor.execute(AbstractMutationExecutor.java:55) ~[hibernate-core-7.2.12.Final.jar:7.2.12.Final]
	at org.hibernate.persister.entity.mutation.InsertCoordinatorStandard.doStaticInserts(InsertCoordinatorStandard.java:180) ~[hibernate-core-7.2.12.Final.jar:7.2.12.Final]
	at org.hibernate.persister.entity.mutation.InsertCoordinatorStandard.coordinateInsert(InsertCoordinatorStandard.java:120) ~[hibernate-core-7.2.12.Final.jar:7.2.12.Final]
	at org.hibernate.persister.entity.mutation.InsertCoordinatorStandard.insert(InsertCoordinatorStandard.java:84) ~[hibernate-core-7.2.12.Final.jar:7.2.12.Final]
	at org.hibernate.action.internal.EntityIdentityInsertAction.execute(EntityIdentityInsertAction.java:85) ~[hibernate-core-7.2.12.Final.jar:7.2.12.Final]
	at org.hibernate.engine.spi.ActionQueue.execute(ActionQueue.java:667) ~[hibernate-core-7.2.12.Final.jar:7.2.12.Final]
	at org.hibernate.engine.spi.ActionQueue.addResolvedEntityInsertAction(ActionQueue.java:291) ~[hibernate-core-7.2.12.Final.jar:7.2.12.Final]
	at org.hibernate.engine.spi.ActionQueue.addInsertAction(ActionQueue.java:270) ~[hibernate-core-7.2.12.Final.jar:7.2.12.Final]
	at org.hibernate.engine.spi.ActionQueue.addAction(ActionQueue.java:322) ~[hibernate-core-7.2.12.Final.jar:7.2.12.Final]
	at org.hibernate.event.internal.AbstractSaveEventListener.addInsertAction(AbstractSaveEventListener.java:371) ~[hibernate-core-7.2.12.Final.jar:7.2.12.Final]
	at org.hibernate.event.internal.AbstractSaveEventListener.performSaveOrReplicate(AbstractSaveEventListener.java:285) ~[hibernate-core-7.2.12.Final.jar:7.2.12.Final]
	at org.hibernate.event.internal.AbstractSaveEventListener.performSave(AbstractSaveEventListener.java:215) ~[hibernate-core-7.2.12.Final.jar:7.2.12.Final]
	at org.hibernate.event.internal.AbstractSaveEventListener.saveWithGeneratedId(AbstractSaveEventListener.java:133) ~[hibernate-core-7.2.12.Final.jar:7.2.12.Final]
	at org.hibernate.event.internal.DefaultPersistEventListener.entityIsTransient(DefaultPersistEventListener.java:144) ~[hibernate-core-7.2.12.Final.jar:7.2.12.Final]
	at org.hibernate.event.internal.DefaultPersistEventListener.persist(DefaultPersistEventListener.java:90) ~[hibernate-core-7.2.12.Final.jar:7.2.12.Final]
	at org.hibernate.event.internal.DefaultPersistEventListener.onPersist(DefaultPersistEventListener.java:74) ~[hibernate-core-7.2.12.Final.jar:7.2.12.Final]
	at org.hibernate.event.internal.DefaultPersistEventListener.onPersist(DefaultPersistEventListener.java:50) ~[hibernate-core-7.2.12.Final.jar:7.2.12.Final]
	at org.hibernate.event.service.internal.EventListenerGroupImpl.fireEventOnEachListener(EventListenerGroupImpl.java:138) ~[hibernate-core-7.2.12.Final.jar:7.2.12.Final]
	at org.hibernate.internal.SessionImpl.firePersist(SessionImpl.java:692) ~[hibernate-core-7.2.12.Final.jar:7.2.12.Final]
	at org.hibernate.internal.SessionImpl.persist(SessionImpl.java:675) ~[hibernate-core-7.2.12.Final.jar:7.2.12.Final]
	at java.base/jdk.internal.reflect.DirectMethodHandleAccessor.invoke(DirectMethodHandleAccessor.java:104) ~[na:na]
	at java.base/java.lang.reflect.Method.invoke(Method.java:565) ~[na:na]
	at org.springframework.orm.jpa.ExtendedEntityManagerCreator$ExtendedEntityManagerInvocationHandler.invoke(ExtendedEntityManagerCreator.java:362) ~[spring-orm-7.0.7.jar:7.0.7]
	at jdk.proxy5/jdk.proxy5.$Proxy205.persist(Unknown Source) ~[na:na]
	at java.base/jdk.internal.reflect.DirectMethodHandleAccessor.invoke(DirectMethodHandleAccessor.java:104) ~[na:na]
	at java.base/java.lang.reflect.Method.invoke(Method.java:565) ~[na:na]
	at org.springframework.orm.jpa.SharedEntityManagerCreator$SharedEntityHandlerInvocationHandler.invokeMethod(SharedEntityManagerCreator.java:240) ~[spring-orm-7.0.7.jar:7.0.7]
	at org.springframework.orm.jpa.SharedEntityManagerCreator$SharedEntityManagerInvocationHandler.invoke(SharedEntityManagerCreator.java:386) ~[spring-orm-7.0.7.jar:7.0.7]
	at jdk.proxy5/jdk.proxy5.$Proxy205.persist(Unknown Source) ~[na:na]
	at org.springframework.data.jpa.repository.support.SimpleJpaRepository.save(SimpleJpaRepository.java:664) ~[spring-data-jpa-4.0.5.jar:4.0.5]
	at java.base/jdk.internal.reflect.DirectMethodHandleAccessor.invoke(DirectMethodHandleAccessor.java:104) ~[na:na]
	at java.base/java.lang.reflect.Method.invoke(Method.java:565) ~[na:na]
	at org.springframework.aop.support.AopUtils.invokeJoinpointUsingReflection(AopUtils.java:359) ~[spring-aop-7.0.7.jar:7.0.7]
	at org.springframework.data.repository.core.support.RepositoryMethodInvoker$RepositoryFragmentMethodInvoker.lambda$new$0(RepositoryMethodInvoker.java:278) ~[spring-data-commons-4.0.5.jar:4.0.5]
	at org.springframework.data.repository.core.support.RepositoryMethodInvoker.doInvoke(RepositoryMethodInvoker.java:169) ~[spring-data-commons-4.0.5.jar:4.0.5]
	at org.springframework.data.repository.core.support.RepositoryMethodInvoker.invoke(RepositoryMethodInvoker.java:158) ~[spring-data-commons-4.0.5.jar:4.0.5]
	at org.springframework.data.repository.core.support.RepositoryComposition$RepositoryFragments.invoke(RepositoryComposition.java:545) ~[spring-data-commons-4.0.5.jar:4.0.5]
	at org.springframework.data.repository.core.support.RepositoryComposition.invoke(RepositoryComposition.java:290) ~[spring-data-commons-4.0.5.jar:4.0.5]
	at org.springframework.data.repository.core.support.RepositoryFactorySupport$ImplementationMethodExecutionInterceptor.invoke(RepositoryFactorySupport.java:690) ~[spring-data-commons-4.0.5.jar:4.0.5]
	at org.springframework.aop.framework.ReflectiveMethodInvocation.proceed(ReflectiveMethodInvocation.java:179) ~[spring-aop-7.0.7.jar:7.0.7]
	at org.springframework.data.repository.core.support.QueryExecutorMethodInterceptor.doInvoke(QueryExecutorMethodInterceptor.java:171) ~[spring-data-commons-4.0.5.jar:4.0.5]
	at org.springframework.data.repository.core.support.QueryExecutorMethodInterceptor.invoke(QueryExecutorMethodInterceptor.java:146) ~[spring-data-commons-4.0.5.jar:4.0.5]
	at org.springframework.aop.framework.ReflectiveMethodInvocation.proceed(ReflectiveMethodInvocation.java:179) ~[spring-aop-7.0.7.jar:7.0.7]
	at org.springframework.data.projection.DefaultMethodInvokingMethodInterceptor.invoke(DefaultMethodInvokingMethodInterceptor.java:69) ~[spring-data-commons-4.0.5.jar:4.0.5]
	at org.springframework.aop.framework.ReflectiveMethodInvocation.proceed(ReflectiveMethodInvocation.java:179) ~[spring-aop-7.0.7.jar:7.0.7]
	at org.springframework.transaction.interceptor.TransactionInterceptor$1.proceedWithInvocation(TransactionInterceptor.java:133) ~[spring-tx-7.0.7.jar:7.0.7]
	at org.springframework.transaction.interceptor.TransactionAspectSupport.invokeWithinTransaction(TransactionAspectSupport.java:371) ~[spring-tx-7.0.7.jar:7.0.7]
	at org.springframework.transaction.interceptor.TransactionInterceptor.invoke(TransactionInterceptor.java:130) ~[spring-tx-7.0.7.jar:7.0.7]
	at org.springframework.aop.framework.ReflectiveMethodInvocation.proceed(ReflectiveMethodInvocation.java:179) ~[spring-aop-7.0.7.jar:7.0.7]
	at org.springframework.dao.support.PersistenceExceptionTranslationInterceptor.invoke(PersistenceExceptionTranslationInterceptor.java:135) ~[spring-tx-7.0.7.jar:7.0.7]
	... 108 common frames omitted
Caused by: java.sql.SQLIntegrityConstraintViolationException: Column 'performed_by' cannot be null
	at com.mysql.cj.jdbc.exceptions.SQLError.createSQLException(SQLError.java:109) ~[mysql-connector-j-9.7.0.jar:9.7.0]
	at com.mysql.cj.jdbc.exceptions.SQLExceptionsMapping.translateException(SQLExceptionsMapping.java:114) ~[mysql-connector-j-9.7.0.jar:9.7.0]
	at com.mysql.cj.jdbc.ClientPreparedStatement.executeInternal(ClientPreparedStatement.java:988) ~[mysql-connector-j-9.7.0.jar:9.7.0]
	at com.mysql.cj.jdbc.ClientPreparedStatement.executeUpdateInternal(ClientPreparedStatement.java:1166) ~[mysql-connector-j-9.7.0.jar:9.7.0]
	at com.mysql.cj.jdbc.ClientPreparedStatement.executeUpdateInternal(ClientPreparedStatement.java:1101) ~[mysql-connector-j-9.7.0.jar:9.7.0]
	at com.mysql.cj.jdbc.ClientPreparedStatement.executeLargeUpdate(ClientPreparedStatement.java:1448) ~[mysql-connector-j-9.7.0.jar:9.7.0]
	at com.mysql.cj.jdbc.ClientPreparedStatement.executeUpdate(ClientPreparedStatement.java:1084) ~[mysql-connector-j-9.7.0.jar:9.7.0]
	at com.zaxxer.hikari.pool.ProxyPreparedStatement.executeUpdate(ProxyPreparedStatement.java:61) ~[HikariCP-7.0.2.jar:na]
	at com.zaxxer.hikari.pool.HikariProxyPreparedStatement.executeUpdate(HikariProxyPreparedStatement.java) ~[HikariCP-7.0.2.jar:na]
	at org.hibernate.engine.jdbc.internal.ResultSetReturnImpl.executeUpdate(ResultSetReturnImpl.java:181) ~[hibernate-core-7.2.12.Final.jar:7.2.12.Final]
	... 161 common frames omitted

2026-09-15 12:58:29.701  WARN 13736 --- [310a0a32] [userId=anonymous] [0.0-8080-exec-3] c.b.d.c.e.GlobalExceptionHandler         : Authentication failed: Invalid email or password
2026-09-15 12:58:29.703  WARN 13736 --- [310a0a32] [userId=anonymous] [0.0-8080-exec-3] .m.m.a.ExceptionHandlerExceptionResolver : Resolved [org.springframework.security.authentication.BadCredentialsException: Invalid email or password]
2026-09-15 12:58:29.703  INFO 13736 --- [310a0a32] [userId=anonymous] [0.0-8080-exec-3] c.b.d.config.RequestLoggingFilter        : method=POST uri=/api/dealspot/auth/user/login status=401 duration=34ms
2026-09-15 12:58:29.724  INFO 13736 --- [80352b0e] [userId=anonymous] [0.0-8080-exec-5] c.b.dealspot.controller.AuthController   : Received user registration request for email: testcustomer1@dealspot.com
2026-09-15 12:58:29.732  WARN 13736 --- [80352b0e] [userId=anonymous] [0.0-8080-exec-5] org.hibernate.orm.jdbc.error             : HHH000247: ErrorCode: 1048, SQLState: 23000
2026-09-15 12:58:29.732  WARN 13736 --- [80352b0e] [userId=anonymous] [0.0-8080-exec-5] org.hibernate.orm.jdbc.error             : Column 'performed_by' cannot be null
2026-09-15 12:58:29.735 ERROR 13736 --- [80352b0e] [userId=anonymous] [0.0-8080-exec-5] c.b.d.serviceImpl.AuditServiceImpl       : Failed to persist audit log for action: REGISTER_USER. Reason: could not execute statement [Column 'performed_by' cannot be null] [insert into audit_logs (action,created_at,duration_ms,endpoint,entity_id,entity_type,error_message,error_type,http_method,ip_address,payload,performed_by,request_id,status_code,success,updated_at,user_agent,user_id) values (?,?,?,?,?,?,?,?,?,?,?,?,?,?,?,?,?,?)]; SQL [insert into audit_logs (action,created_at,duration_ms,endpoint,entity_id,entity_type,error_message,error_type,http_method,ip_address,payload,performed_by,request_id,status_code,success,updated_at,user_agent,user_id) values (?,?,?,?,?,?,?,?,?,?,?,?,?,?,?,?,?,?)]; constraint [performed_by]

org.springframework.dao.DataIntegrityViolationException: could not execute statement [Column 'performed_by' cannot be null] [insert into audit_logs (action,created_at,duration_ms,endpoint,entity_id,entity_type,error_message,error_type,http_method,ip_address,payload,performed_by,request_id,status_code,success,updated_at,user_agent,user_id) values (?,?,?,?,?,?,?,?,?,?,?,?,?,?,?,?,?,?)]; SQL [insert into audit_logs (action,created_at,duration_ms,endpoint,entity_id,entity_type,error_message,error_type,http_method,ip_address,payload,performed_by,request_id,status_code,success,updated_at,user_agent,user_id) values (?,?,?,?,?,?,?,?,?,?,?,?,?,?,?,?,?,?)]; constraint [performed_by]
	at org.springframework.orm.jpa.hibernate.HibernateExceptionTranslator.convertHibernateAccessException(HibernateExceptionTranslator.java:169) ~[spring-orm-7.0.7.jar:7.0.7]
	at org.springframework.orm.jpa.hibernate.HibernateExceptionTranslator.convertHibernateAccessException(HibernateExceptionTranslator.java:131) ~[spring-orm-7.0.7.jar:7.0.7]
	at org.springframework.orm.jpa.hibernate.HibernateExceptionTranslator.translateExceptionIfPossible(HibernateExceptionTranslator.java:105) ~[spring-orm-7.0.7.jar:7.0.7]
	at org.springframework.orm.jpa.vendor.HibernateJpaDialect.translateExceptionIfPossible(HibernateJpaDialect.java:223) ~[spring-orm-7.0.7.jar:7.0.7]
	at org.springframework.orm.jpa.AbstractEntityManagerFactoryBean.translateExceptionIfPossible(AbstractEntityManagerFactoryBean.java:576) ~[spring-orm-7.0.7.jar:7.0.7]
	at org.springframework.dao.support.ChainedPersistenceExceptionTranslator.translateExceptionIfPossible(ChainedPersistenceExceptionTranslator.java:61) ~[spring-tx-7.0.7.jar:7.0.7]
	at org.springframework.dao.support.DataAccessUtils.translateIfNecessary(DataAccessUtils.java:346) ~[spring-tx-7.0.7.jar:7.0.7]
	at org.springframework.dao.support.PersistenceExceptionTranslationInterceptor.invoke(PersistenceExceptionTranslationInterceptor.java:157) ~[spring-tx-7.0.7.jar:7.0.7]
	at org.springframework.aop.framework.ReflectiveMethodInvocation.proceed(ReflectiveMethodInvocation.java:179) ~[spring-aop-7.0.7.jar:7.0.7]
	at org.springframework.data.jpa.repository.support.CrudMethodMetadataPostProcessor$CrudMethodMetadataPopulatingMethodInterceptor.invoke(CrudMethodMetadataPostProcessor.java:166) ~[spring-data-jpa-4.0.5.jar:4.0.5]
	at org.springframework.aop.framework.ReflectiveMethodInvocation.proceed(ReflectiveMethodInvocation.java:179) ~[spring-aop-7.0.7.jar:7.0.7]
	at org.springframework.aop.framework.JdkDynamicAopProxy.invoke(JdkDynamicAopProxy.java:222) ~[spring-aop-7.0.7.jar:7.0.7]
	at jdk.proxy5/jdk.proxy5.$Proxy209.save(Unknown Source) ~[na:na]
	at com.backend.dealspot.serviceImpl.AuditServiceImpl.lambda$1(AuditServiceImpl.java:281) ~[classes/:na]
	at org.springframework.transaction.support.TransactionTemplate.execute(TransactionTemplate.java:137) ~[spring-tx-7.0.7.jar:7.0.7]
	at com.backend.dealspot.serviceImpl.AuditServiceImpl.persistAuditLog(AuditServiceImpl.java:274) ~[classes/:na]
	at com.backend.dealspot.serviceImpl.AuditServiceImpl.log(AuditServiceImpl.java:144) ~[classes/:na]
	at com.backend.dealspot.serviceImpl.AuditServiceImpl.log(AuditServiceImpl.java:161) ~[classes/:na]
	at com.backend.dealspot.controller.AuthController.register(AuthController.java:58) ~[classes/:na]
	at java.base/jdk.internal.reflect.DirectMethodHandleAccessor.invoke(DirectMethodHandleAccessor.java:104) ~[na:na]
	at java.base/java.lang.reflect.Method.invoke(Method.java:565) ~[na:na]
	at org.springframework.web.method.support.InvocableHandlerMethod.doInvoke(InvocableHandlerMethod.java:252) ~[spring-web-7.0.7.jar:7.0.7]
	at org.springframework.web.method.support.InvocableHandlerMethod.invokeForRequest(InvocableHandlerMethod.java:184) ~[spring-web-7.0.7.jar:7.0.7]
	at org.springframework.web.servlet.mvc.method.annotation.ServletInvocableHandlerMethod.invokeAndHandle(ServletInvocableHandlerMethod.java:117) ~[spring-webmvc-7.0.7.jar:7.0.7]
	at org.springframework.web.servlet.mvc.method.annotation.RequestMappingHandlerAdapter.invokeHandlerMethod(RequestMappingHandlerAdapter.java:934) ~[spring-webmvc-7.0.7.jar:7.0.7]
	at org.springframework.web.servlet.mvc.method.annotation.RequestMappingHandlerAdapter.handleInternal(RequestMappingHandlerAdapter.java:853) ~[spring-webmvc-7.0.7.jar:7.0.7]
	at org.springframework.web.servlet.mvc.method.AbstractHandlerMethodAdapter.handle(AbstractHandlerMethodAdapter.java:86) ~[spring-webmvc-7.0.7.jar:7.0.7]
	at org.springframework.web.servlet.DispatcherServlet.doDispatch(DispatcherServlet.java:963) ~[spring-webmvc-7.0.7.jar:7.0.7]
	at org.springframework.web.servlet.DispatcherServlet.doService(DispatcherServlet.java:866) ~[spring-webmvc-7.0.7.jar:7.0.7]
	at org.springframework.web.servlet.FrameworkServlet.processRequest(FrameworkServlet.java:1000) ~[spring-webmvc-7.0.7.jar:7.0.7]
	at org.springframework.web.servlet.FrameworkServlet.doPost(FrameworkServlet.java:903) ~[spring-webmvc-7.0.7.jar:7.0.7]
	at jakarta.servlet.http.HttpServlet.service(HttpServlet.java:649) ~[tomcat-embed-core-11.0.21.jar:6.1]
	at org.springframework.web.servlet.FrameworkServlet.service(FrameworkServlet.java:874) ~[spring-webmvc-7.0.7.jar:7.0.7]
	at jakarta.servlet.http.HttpServlet.service(HttpServlet.java:710) ~[tomcat-embed-core-11.0.21.jar:6.1]
	at org.apache.catalina.core.ApplicationFilterChain.doFilter(ApplicationFilterChain.java:128) ~[tomcat-embed-core-11.0.21.jar:11.0.21]
	at org.apache.tomcat.websocket.server.WsFilter.doFilter(WsFilter.java:53) ~[tomcat-embed-websocket-11.0.21.jar:11.0.21]
	at org.apache.catalina.core.ApplicationFilterChain.doFilter(ApplicationFilterChain.java:107) ~[tomcat-embed-core-11.0.21.jar:11.0.21]
	at org.springframework.web.filter.OncePerRequestFilter.doFilter(OncePerRequestFilter.java:110) ~[spring-web-7.0.7.jar:7.0.7]
	at org.apache.catalina.core.ApplicationFilterChain.doFilter(ApplicationFilterChain.java:107) ~[tomcat-embed-core-11.0.21.jar:11.0.21]
	at org.springframework.web.filter.CompositeFilter$VirtualFilterChain.doFilter(CompositeFilter.java:108) ~[spring-web-7.0.7.jar:7.0.7]
	at org.springframework.security.web.FilterChainProxy.lambda$doFilterInternal$3(FilterChainProxy.java:235) ~[spring-security-web-7.0.5.jar:7.0.5]
	at org.springframework.security.web.FilterChainProxy$VirtualFilterChain.doFilter(FilterChainProxy.java:376) ~[spring-security-web-7.0.5.jar:7.0.5]
	at org.springframework.security.web.access.intercept.AuthorizationFilter.doFilter(AuthorizationFilter.java:101) ~[spring-security-web-7.0.5.jar:7.0.5]
	at org.springframework.security.web.FilterChainProxy$VirtualFilterChain.doFilter(FilterChainProxy.java:385) ~[spring-security-web-7.0.5.jar:7.0.5]
	at org.springframework.security.web.access.ExceptionTranslationFilter.doFilter(ExceptionTranslationFilter.java:126) ~[spring-security-web-7.0.5.jar:7.0.5]
	at org.springframework.security.web.access.ExceptionTranslationFilter.doFilter(ExceptionTranslationFilter.java:120) ~[spring-security-web-7.0.5.jar:7.0.5]
	at org.springframework.security.web.FilterChainProxy$VirtualFilterChain.doFilter(FilterChainProxy.java:385) ~[spring-security-web-7.0.5.jar:7.0.5]
	at org.springframework.security.web.session.SessionManagementFilter.doFilter(SessionManagementFilter.java:132) ~[spring-security-web-7.0.5.jar:7.0.5]
	at org.springframework.security.web.session.SessionManagementFilter.doFilter(SessionManagementFilter.java:86) ~[spring-security-web-7.0.5.jar:7.0.5]
	at org.springframework.security.web.FilterChainProxy$VirtualFilterChain.doFilter(FilterChainProxy.java:385) ~[spring-security-web-7.0.5.jar:7.0.5]
	at org.springframework.security.web.authentication.AnonymousAuthenticationFilter.doFilter(AnonymousAuthenticationFilter.java:100) ~[spring-security-web-7.0.5.jar:7.0.5]
	at org.springframework.security.web.FilterChainProxy$VirtualFilterChain.doFilter(FilterChainProxy.java:385) ~[spring-security-web-7.0.5.jar:7.0.5]
	at org.springframework.security.web.servletapi.SecurityContextHolderAwareRequestFilter.doFilter(SecurityContextHolderAwareRequestFilter.java:181) ~[spring-security-web-7.0.5.jar:7.0.5]
	at org.springframework.security.web.FilterChainProxy$VirtualFilterChain.doFilter(FilterChainProxy.java:385) ~[spring-security-web-7.0.5.jar:7.0.5]
	at org.springframework.security.web.savedrequest.RequestCacheAwareFilter.doFilter(RequestCacheAwareFilter.java:63) ~[spring-security-web-7.0.5.jar:7.0.5]
	at org.springframework.security.web.FilterChainProxy$VirtualFilterChain.doFilter(FilterChainProxy.java:385) ~[spring-security-web-7.0.5.jar:7.0.5]
	at com.backend.dealspot.security.JwtAuthenticationFilter.doFilterInternal(JwtAuthenticationFilter.java:42) ~[classes/:na]
	at org.springframework.web.filter.OncePerRequestFilter.doFilter(OncePerRequestFilter.java:116) ~[spring-web-7.0.7.jar:7.0.7]
	at org.springframework.security.web.FilterChainProxy$VirtualFilterChain.doFilter(FilterChainProxy.java:385) ~[spring-security-web-7.0.5.jar:7.0.5]
	at org.springframework.security.web.authentication.logout.LogoutFilter.doFilter(LogoutFilter.java:110) ~[spring-security-web-7.0.5.jar:7.0.5]
	at org.springframework.security.web.authentication.logout.LogoutFilter.doFilter(LogoutFilter.java:96) ~[spring-security-web-7.0.5.jar:7.0.5]
	at org.springframework.security.web.FilterChainProxy$VirtualFilterChain.doFilter(FilterChainProxy.java:385) ~[spring-security-web-7.0.5.jar:7.0.5]
	at org.springframework.web.filter.CorsFilter.doFilterInternal(CorsFilter.java:91) ~[spring-web-7.0.7.jar:7.0.7]
	at org.springframework.web.filter.OncePerRequestFilter.doFilter(OncePerRequestFilter.java:116) ~[spring-web-7.0.7.jar:7.0.7]
	at org.springframework.security.web.FilterChainProxy$VirtualFilterChain.doFilter(FilterChainProxy.java:385) ~[spring-security-web-7.0.5.jar:7.0.5]
	at org.springframework.security.web.header.HeaderWriterFilter.doHeadersAfter(HeaderWriterFilter.java:90) ~[spring-security-web-7.0.5.jar:7.0.5]
	at org.springframework.security.web.header.HeaderWriterFilter.doFilterInternal(HeaderWriterFilter.java:75) ~[spring-security-web-7.0.5.jar:7.0.5]
	at org.springframework.web.filter.OncePerRequestFilter.doFilter(OncePerRequestFilter.java:116) ~[spring-web-7.0.7.jar:7.0.7]
	at org.springframework.security.web.FilterChainProxy$VirtualFilterChain.doFilter(FilterChainProxy.java:385) ~[spring-security-web-7.0.5.jar:7.0.5]
	at org.springframework.security.web.context.SecurityContextHolderFilter.doFilter(SecurityContextHolderFilter.java:82) ~[spring-security-web-7.0.5.jar:7.0.5]
	at org.springframework.security.web.context.SecurityContextHolderFilter.doFilter(SecurityContextHolderFilter.java:69) ~[spring-security-web-7.0.5.jar:7.0.5]
	at org.springframework.security.web.FilterChainProxy$VirtualFilterChain.doFilter(FilterChainProxy.java:385) ~[spring-security-web-7.0.5.jar:7.0.5]
	at org.springframework.security.web.context.request.async.WebAsyncManagerIntegrationFilter.doFilterInternal(WebAsyncManagerIntegrationFilter.java:62) ~[spring-security-web-7.0.5.jar:7.0.5]
	at org.springframework.web.filter.OncePerRequestFilter.doFilter(OncePerRequestFilter.java:116) ~[spring-web-7.0.7.jar:7.0.7]
	at org.springframework.security.web.FilterChainProxy$VirtualFilterChain.doFilter(FilterChainProxy.java:385) ~[spring-security-web-7.0.5.jar:7.0.5]
	at org.springframework.security.web.session.DisableEncodeUrlFilter.doFilterInternal(DisableEncodeUrlFilter.java:42) ~[spring-security-web-7.0.5.jar:7.0.5]
	at org.springframework.web.filter.OncePerRequestFilter.doFilter(OncePerRequestFilter.java:116) ~[spring-web-7.0.7.jar:7.0.7]
	at org.springframework.security.web.FilterChainProxy$VirtualFilterChain.doFilter(FilterChainProxy.java:385) ~[spring-security-web-7.0.5.jar:7.0.5]
	at org.springframework.security.web.FilterChainProxy.doFilterInternal(FilterChainProxy.java:237) ~[spring-security-web-7.0.5.jar:7.0.5]
	at org.springframework.security.web.FilterChainProxy.doFilter(FilterChainProxy.java:195) ~[spring-security-web-7.0.5.jar:7.0.5]
	at org.springframework.web.filter.CompositeFilter$VirtualFilterChain.doFilter(CompositeFilter.java:113) ~[spring-web-7.0.7.jar:7.0.7]
	at org.springframework.web.filter.ServletRequestPathFilter.doFilter(ServletRequestPathFilter.java:52) ~[spring-web-7.0.7.jar:7.0.7]
	at org.springframework.web.filter.CompositeFilter$VirtualFilterChain.doFilter(CompositeFilter.java:113) ~[spring-web-7.0.7.jar:7.0.7]
	at org.springframework.web.filter.CompositeFilter.doFilter(CompositeFilter.java:74) ~[spring-web-7.0.7.jar:7.0.7]
	at org.springframework.security.config.annotation.web.configuration.WebSecurityConfiguration$CompositeFilterChainProxy.doFilter(WebSecurityConfiguration.java:317) ~[spring-security-config-7.0.5.jar:7.0.5]
	at org.springframework.web.filter.DelegatingFilterProxy.invokeDelegate(DelegatingFilterProxy.java:355) ~[spring-web-7.0.7.jar:7.0.7]
	at org.springframework.web.filter.DelegatingFilterProxy.doFilter(DelegatingFilterProxy.java:272) ~[spring-web-7.0.7.jar:7.0.7]
	at org.apache.catalina.core.ApplicationFilterChain.doFilter(ApplicationFilterChain.java:107) ~[tomcat-embed-core-11.0.21.jar:11.0.21]
	at org.springframework.web.filter.RequestContextFilter.doFilterInternal(RequestContextFilter.java:100) ~[spring-web-7.0.7.jar:7.0.7]
	at org.springframework.web.filter.OncePerRequestFilter.doFilter(OncePerRequestFilter.java:116) ~[spring-web-7.0.7.jar:7.0.7]
	at org.apache.catalina.core.ApplicationFilterChain.doFilter(ApplicationFilterChain.java:107) ~[tomcat-embed-core-11.0.21.jar:11.0.21]
	at org.springframework.web.filter.FormContentFilter.doFilterInternal(FormContentFilter.java:93) ~[spring-web-7.0.7.jar:7.0.7]
	at org.springframework.web.filter.OncePerRequestFilter.doFilter(OncePerRequestFilter.java:116) ~[spring-web-7.0.7.jar:7.0.7]
	at org.apache.catalina.core.ApplicationFilterChain.doFilter(ApplicationFilterChain.java:107) ~[tomcat-embed-core-11.0.21.jar:11.0.21]
	at org.springframework.web.filter.CharacterEncodingFilter.doFilterInternal(CharacterEncodingFilter.java:199) ~[spring-web-7.0.7.jar:7.0.7]
	at org.springframework.web.filter.OncePerRequestFilter.doFilter(OncePerRequestFilter.java:116) ~[spring-web-7.0.7.jar:7.0.7]
	at org.apache.catalina.core.ApplicationFilterChain.doFilter(ApplicationFilterChain.java:107) ~[tomcat-embed-core-11.0.21.jar:11.0.21]
	at com.backend.dealspot.config.RequestLoggingFilter.doFilterInternal(RequestLoggingFilter.java:63) ~[classes/:na]
	at org.springframework.web.filter.OncePerRequestFilter.doFilter(OncePerRequestFilter.java:116) ~[spring-web-7.0.7.jar:7.0.7]
	at org.apache.catalina.core.ApplicationFilterChain.doFilter(ApplicationFilterChain.java:107) ~[tomcat-embed-core-11.0.21.jar:11.0.21]
	at org.apache.catalina.core.StandardWrapperValve.invoke(StandardWrapperValve.java:165) ~[tomcat-embed-core-11.0.21.jar:11.0.21]
	at org.apache.catalina.core.StandardContextValve.invoke(StandardContextValve.java:77) ~[tomcat-embed-core-11.0.21.jar:11.0.21]
	at org.apache.catalina.authenticator.AuthenticatorBase.invoke(AuthenticatorBase.java:492) ~[tomcat-embed-core-11.0.21.jar:11.0.21]
	at org.apache.catalina.core.StandardHostValve.invoke(StandardHostValve.java:113) ~[tomcat-embed-core-11.0.21.jar:11.0.21]
	at org.apache.catalina.valves.ErrorReportValve.invoke(ErrorReportValve.java:83) ~[tomcat-embed-core-11.0.21.jar:11.0.21]
	at org.apache.catalina.core.StandardEngineValve.invoke(StandardEngineValve.java:72) ~[tomcat-embed-core-11.0.21.jar:11.0.21]
	at org.apache.catalina.connector.CoyoteAdapter.service(CoyoteAdapter.java:341) ~[tomcat-embed-core-11.0.21.jar:11.0.21]
	at org.apache.coyote.http11.Http11Processor.service(Http11Processor.java:397) ~[tomcat-embed-core-11.0.21.jar:11.0.21]
	at org.apache.coyote.AbstractProcessorLight.process(AbstractProcessorLight.java:63) ~[tomcat-embed-core-11.0.21.jar:11.0.21]
	at org.apache.coyote.AbstractProtocol$ConnectionHandler.process(AbstractProtocol.java:903) ~[tomcat-embed-core-11.0.21.jar:11.0.21]
	at org.apache.tomcat.util.net.NioEndpoint$SocketProcessor.doRun(NioEndpoint.java:1801) ~[tomcat-embed-core-11.0.21.jar:11.0.21]
	at org.apache.tomcat.util.net.SocketProcessorBase.run(SocketProcessorBase.java:52) ~[tomcat-embed-core-11.0.21.jar:11.0.21]
	at org.apache.tomcat.util.threads.ThreadPoolExecutor.runWorker(ThreadPoolExecutor.java:946) ~[tomcat-embed-core-11.0.21.jar:11.0.21]
	at org.apache.tomcat.util.threads.ThreadPoolExecutor$Worker.run(ThreadPoolExecutor.java:480) ~[tomcat-embed-core-11.0.21.jar:11.0.21]
	at org.apache.tomcat.util.threads.TaskThread$WrappingRunnable.run(TaskThread.java:57) ~[tomcat-embed-core-11.0.21.jar:11.0.21]
	at java.base/java.lang.Thread.run(Thread.java:1516) ~[na:na]
Caused by: org.hibernate.exception.ConstraintViolationException: could not execute statement [Column 'performed_by' cannot be null] [insert into audit_logs (action,created_at,duration_ms,endpoint,entity_id,entity_type,error_message,error_type,http_method,ip_address,payload,performed_by,request_id,status_code,success,updated_at,user_agent,user_id) values (?,?,?,?,?,?,?,?,?,?,?,?,?,?,?,?,?,?)]
	at org.hibernate.dialect.MySQLDialect.lambda$buildSQLExceptionConversionDelegate$0(MySQLDialect.java:1273) ~[hibernate-core-7.2.12.Final.jar:7.2.12.Final]
	at org.hibernate.exception.internal.StandardSQLExceptionConverter.convert(StandardSQLExceptionConverter.java:34) ~[hibernate-core-7.2.12.Final.jar:7.2.12.Final]
	at org.hibernate.engine.jdbc.spi.SqlExceptionHelper.convert(SqlExceptionHelper.java:115) ~[hibernate-core-7.2.12.Final.jar:7.2.12.Final]
	at org.hibernate.engine.jdbc.internal.ResultSetReturnImpl.executeUpdate(ResultSetReturnImpl.java:184) ~[hibernate-core-7.2.12.Final.jar:7.2.12.Final]
	at org.hibernate.id.insert.GetGeneratedKeysDelegate.performMutation(GetGeneratedKeysDelegate.java:103) ~[hibernate-core-7.2.12.Final.jar:7.2.12.Final]
	at org.hibernate.engine.jdbc.mutation.internal.MutationExecutorSingleNonBatched.performNonBatchedOperations(MutationExecutorSingleNonBatched.java:45) ~[hibernate-core-7.2.12.Final.jar:7.2.12.Final]
	at org.hibernate.engine.jdbc.mutation.internal.AbstractMutationExecutor.execute(AbstractMutationExecutor.java:66) ~[hibernate-core-7.2.12.Final.jar:7.2.12.Final]
	at org.hibernate.engine.jdbc.mutation.internal.AbstractMutationExecutor.execute(AbstractMutationExecutor.java:55) ~[hibernate-core-7.2.12.Final.jar:7.2.12.Final]
	at org.hibernate.persister.entity.mutation.InsertCoordinatorStandard.doStaticInserts(InsertCoordinatorStandard.java:180) ~[hibernate-core-7.2.12.Final.jar:7.2.12.Final]
	at org.hibernate.persister.entity.mutation.InsertCoordinatorStandard.coordinateInsert(InsertCoordinatorStandard.java:120) ~[hibernate-core-7.2.12.Final.jar:7.2.12.Final]
	at org.hibernate.persister.entity.mutation.InsertCoordinatorStandard.insert(InsertCoordinatorStandard.java:84) ~[hibernate-core-7.2.12.Final.jar:7.2.12.Final]
	at org.hibernate.action.internal.EntityIdentityInsertAction.execute(EntityIdentityInsertAction.java:85) ~[hibernate-core-7.2.12.Final.jar:7.2.12.Final]
	at org.hibernate.engine.spi.ActionQueue.execute(ActionQueue.java:667) ~[hibernate-core-7.2.12.Final.jar:7.2.12.Final]
	at org.hibernate.engine.spi.ActionQueue.addResolvedEntityInsertAction(ActionQueue.java:291) ~[hibernate-core-7.2.12.Final.jar:7.2.12.Final]
	at org.hibernate.engine.spi.ActionQueue.addInsertAction(ActionQueue.java:270) ~[hibernate-core-7.2.12.Final.jar:7.2.12.Final]
	at org.hibernate.engine.spi.ActionQueue.addAction(ActionQueue.java:322) ~[hibernate-core-7.2.12.Final.jar:7.2.12.Final]
	at org.hibernate.event.internal.AbstractSaveEventListener.addInsertAction(AbstractSaveEventListener.java:371) ~[hibernate-core-7.2.12.Final.jar:7.2.12.Final]
	at org.hibernate.event.internal.AbstractSaveEventListener.performSaveOrReplicate(AbstractSaveEventListener.java:285) ~[hibernate-core-7.2.12.Final.jar:7.2.12.Final]
	at org.hibernate.event.internal.AbstractSaveEventListener.performSave(AbstractSaveEventListener.java:215) ~[hibernate-core-7.2.12.Final.jar:7.2.12.Final]
	at org.hibernate.event.internal.AbstractSaveEventListener.saveWithGeneratedId(AbstractSaveEventListener.java:133) ~[hibernate-core-7.2.12.Final.jar:7.2.12.Final]
	at org.hibernate.event.internal.DefaultPersistEventListener.entityIsTransient(DefaultPersistEventListener.java:144) ~[hibernate-core-7.2.12.Final.jar:7.2.12.Final]
	at org.hibernate.event.internal.DefaultPersistEventListener.persist(DefaultPersistEventListener.java:90) ~[hibernate-core-7.2.12.Final.jar:7.2.12.Final]
	at org.hibernate.event.internal.DefaultPersistEventListener.onPersist(DefaultPersistEventListener.java:74) ~[hibernate-core-7.2.12.Final.jar:7.2.12.Final]
	at org.hibernate.event.internal.DefaultPersistEventListener.onPersist(DefaultPersistEventListener.java:50) ~[hibernate-core-7.2.12.Final.jar:7.2.12.Final]
	at org.hibernate.event.service.internal.EventListenerGroupImpl.fireEventOnEachListener(EventListenerGroupImpl.java:138) ~[hibernate-core-7.2.12.Final.jar:7.2.12.Final]
	at org.hibernate.internal.SessionImpl.firePersist(SessionImpl.java:692) ~[hibernate-core-7.2.12.Final.jar:7.2.12.Final]
	at org.hibernate.internal.SessionImpl.persist(SessionImpl.java:675) ~[hibernate-core-7.2.12.Final.jar:7.2.12.Final]
	at java.base/jdk.internal.reflect.DirectMethodHandleAccessor.invoke(DirectMethodHandleAccessor.java:104) ~[na:na]
	at java.base/java.lang.reflect.Method.invoke(Method.java:565) ~[na:na]
	at org.springframework.orm.jpa.ExtendedEntityManagerCreator$ExtendedEntityManagerInvocationHandler.invoke(ExtendedEntityManagerCreator.java:362) ~[spring-orm-7.0.7.jar:7.0.7]
	at jdk.proxy5/jdk.proxy5.$Proxy205.persist(Unknown Source) ~[na:na]
	at java.base/jdk.internal.reflect.DirectMethodHandleAccessor.invoke(DirectMethodHandleAccessor.java:104) ~[na:na]
	at java.base/java.lang.reflect.Method.invoke(Method.java:565) ~[na:na]
	at org.springframework.orm.jpa.SharedEntityManagerCreator$SharedEntityHandlerInvocationHandler.invokeMethod(SharedEntityManagerCreator.java:240) ~[spring-orm-7.0.7.jar:7.0.7]
	at org.springframework.orm.jpa.SharedEntityManagerCreator$SharedEntityManagerInvocationHandler.invoke(SharedEntityManagerCreator.java:386) ~[spring-orm-7.0.7.jar:7.0.7]
	at jdk.proxy5/jdk.proxy5.$Proxy205.persist(Unknown Source) ~[na:na]
	at org.springframework.data.jpa.repository.support.SimpleJpaRepository.save(SimpleJpaRepository.java:664) ~[spring-data-jpa-4.0.5.jar:4.0.5]
	at java.base/jdk.internal.reflect.DirectMethodHandleAccessor.invoke(DirectMethodHandleAccessor.java:104) ~[na:na]
	at java.base/java.lang.reflect.Method.invoke(Method.java:565) ~[na:na]
	at org.springframework.aop.support.AopUtils.invokeJoinpointUsingReflection(AopUtils.java:359) ~[spring-aop-7.0.7.jar:7.0.7]
	at org.springframework.data.repository.core.support.RepositoryMethodInvoker$RepositoryFragmentMethodInvoker.lambda$new$0(RepositoryMethodInvoker.java:278) ~[spring-data-commons-4.0.5.jar:4.0.5]
	at org.springframework.data.repository.core.support.RepositoryMethodInvoker.doInvoke(RepositoryMethodInvoker.java:169) ~[spring-data-commons-4.0.5.jar:4.0.5]
	at org.springframework.data.repository.core.support.RepositoryMethodInvoker.invoke(RepositoryMethodInvoker.java:158) ~[spring-data-commons-4.0.5.jar:4.0.5]
	at org.springframework.data.repository.core.support.RepositoryComposition$RepositoryFragments.invoke(RepositoryComposition.java:545) ~[spring-data-commons-4.0.5.jar:4.0.5]
	at org.springframework.data.repository.core.support.RepositoryComposition.invoke(RepositoryComposition.java:290) ~[spring-data-commons-4.0.5.jar:4.0.5]
	at org.springframework.data.repository.core.support.RepositoryFactorySupport$ImplementationMethodExecutionInterceptor.invoke(RepositoryFactorySupport.java:690) ~[spring-data-commons-4.0.5.jar:4.0.5]
	at org.springframework.aop.framework.ReflectiveMethodInvocation.proceed(ReflectiveMethodInvocation.java:179) ~[spring-aop-7.0.7.jar:7.0.7]
	at org.springframework.data.repository.core.support.QueryExecutorMethodInterceptor.doInvoke(QueryExecutorMethodInterceptor.java:171) ~[spring-data-commons-4.0.5.jar:4.0.5]
	at org.springframework.data.repository.core.support.QueryExecutorMethodInterceptor.invoke(QueryExecutorMethodInterceptor.java:146) ~[spring-data-commons-4.0.5.jar:4.0.5]
	at org.springframework.aop.framework.ReflectiveMethodInvocation.proceed(ReflectiveMethodInvocation.java:179) ~[spring-aop-7.0.7.jar:7.0.7]
	at org.springframework.data.projection.DefaultMethodInvokingMethodInterceptor.invoke(DefaultMethodInvokingMethodInterceptor.java:69) ~[spring-data-commons-4.0.5.jar:4.0.5]
	at org.springframework.aop.framework.ReflectiveMethodInvocation.proceed(ReflectiveMethodInvocation.java:179) ~[spring-aop-7.0.7.jar:7.0.7]
	at org.springframework.transaction.interceptor.TransactionInterceptor$1.proceedWithInvocation(TransactionInterceptor.java:133) ~[spring-tx-7.0.7.jar:7.0.7]
	at org.springframework.transaction.interceptor.TransactionAspectSupport.invokeWithinTransaction(TransactionAspectSupport.java:371) ~[spring-tx-7.0.7.jar:7.0.7]
	at org.springframework.transaction.interceptor.TransactionInterceptor.invoke(TransactionInterceptor.java:130) ~[spring-tx-7.0.7.jar:7.0.7]
	at org.springframework.aop.framework.ReflectiveMethodInvocation.proceed(ReflectiveMethodInvocation.java:179) ~[spring-aop-7.0.7.jar:7.0.7]
	at org.springframework.dao.support.PersistenceExceptionTranslationInterceptor.invoke(PersistenceExceptionTranslationInterceptor.java:135) ~[spring-tx-7.0.7.jar:7.0.7]
	... 108 common frames omitted
Caused by: java.sql.SQLIntegrityConstraintViolationException: Column 'performed_by' cannot be null
	at com.mysql.cj.jdbc.exceptions.SQLError.createSQLException(SQLError.java:109) ~[mysql-connector-j-9.7.0.jar:9.7.0]
	at com.mysql.cj.jdbc.exceptions.SQLExceptionsMapping.translateException(SQLExceptionsMapping.java:114) ~[mysql-connector-j-9.7.0.jar:9.7.0]
	at com.mysql.cj.jdbc.ClientPreparedStatement.executeInternal(ClientPreparedStatement.java:988) ~[mysql-connector-j-9.7.0.jar:9.7.0]
	at com.mysql.cj.jdbc.ClientPreparedStatement.executeUpdateInternal(ClientPreparedStatement.java:1166) ~[mysql-connector-j-9.7.0.jar:9.7.0]
	at com.mysql.cj.jdbc.ClientPreparedStatement.executeUpdateInternal(ClientPreparedStatement.java:1101) ~[mysql-connector-j-9.7.0.jar:9.7.0]
	at com.mysql.cj.jdbc.ClientPreparedStatement.executeLargeUpdate(ClientPreparedStatement.java:1448) ~[mysql-connector-j-9.7.0.jar:9.7.0]
	at com.mysql.cj.jdbc.ClientPreparedStatement.executeUpdate(ClientPreparedStatement.java:1084) ~[mysql-connector-j-9.7.0.jar:9.7.0]
	at com.zaxxer.hikari.pool.ProxyPreparedStatement.executeUpdate(ProxyPreparedStatement.java:61) ~[HikariCP-7.0.2.jar:na]
	at com.zaxxer.hikari.pool.HikariProxyPreparedStatement.executeUpdate(HikariProxyPreparedStatement.java) ~[HikariCP-7.0.2.jar:na]
	at org.hibernate.engine.jdbc.internal.ResultSetReturnImpl.executeUpdate(ResultSetReturnImpl.java:181) ~[hibernate-core-7.2.12.Final.jar:7.2.12.Final]
	... 161 common frames omitted

2026-09-15 12:58:29.751  WARN 13736 --- [80352b0e] [userId=anonymous] [0.0-8080-exec-5] c.b.d.c.e.GlobalExceptionHandler         : Business runtime exception: Email already exists
2026-09-15 12:58:29.753  WARN 13736 --- [80352b0e] [userId=anonymous] [0.0-8080-exec-5] .m.m.a.ExceptionHandlerExceptionResolver : Resolved [java.lang.RuntimeException: Email already exists]
2026-09-15 12:58:29.753  INFO 13736 --- [80352b0e] [userId=anonymous] [0.0-8080-exec-5] c.b.d.config.RequestLoggingFilter        : method=POST uri=/api/dealspot/auth/user/register status=400 duration=33ms
2026-09-15 12:58:51.734  INFO 13736 --- [a4d15f34] [userId=anonymous] [0.0-8080-exec-6] c.b.dealspot.controller.AuthController   : Received user registration request for email: audit_user_1789457331@dealspot.com
2026-09-15 12:58:51.939  INFO 13736 --- [a4d15f34] [userId=anonymous] [0.0-8080-exec-6] c.b.dealspot.controller.AuthController   : User registered successfully with email: audit_user_1789457331@dealspot.com
2026-09-15 12:58:51.945  INFO 13736 --- [a4d15f34] [userId=anonymous] [0.0-8080-exec-6] c.b.d.config.RequestLoggingFilter        : method=POST uri=/api/dealspot/auth/user/register status=200 duration=213ms
2026-09-15 12:58:52.020 DEBUG 13736 --- [42236729] [userId=anonymous] [0.0-8080-exec-4] c.b.dealspot.controller.AuthController   : User login attempt for email: audit_user_1789457331@dealspot.com
2026-09-15 12:58:52.141  INFO 13736 --- [42236729] [userId=anonymous] [0.0-8080-exec-4] c.b.dealspot.controller.AuthController   : User login successful for email: audit_user_1789457331@dealspot.com
2026-09-15 12:58:52.143  INFO 13736 --- [42236729] [userId=anonymous] [0.0-8080-exec-4] c.b.d.config.RequestLoggingFilter        : method=POST uri=/api/dealspot/auth/user/login status=200 duration=125ms
2026-09-15 12:58:52.241 DEBUG 13736 --- [6b27f77c] [userId=4] [0.0-8080-exec-7] c.b.d.security.JwtAuthenticationFilter   : Authenticated user ID [4] with role(s) [[ROLE_USER]] for URI [/api/dealspot/offers/1/save-toggle]
2026-09-15 12:58:52.344  INFO 13736 --- [6b27f77c] [userId=4] [0.0-8080-exec-7] c.b.d.config.RequestLoggingFilter        : method=POST uri=/api/dealspot/offers/1/save-toggle status=200 duration=191ms
2026-09-15 12:58:52.364 DEBUG 13736 --- [23d57921] [userId=4] [0.0-8080-exec-8] c.b.d.security.JwtAuthenticationFilter   : Authenticated user ID [4] with role(s) [[ROLE_USER]] for URI [/api/dealspot/offers/1/save-toggle]
2026-09-15 12:58:52.452  INFO 13736 --- [23d57921] [userId=4] [0.0-8080-exec-8] c.b.d.config.RequestLoggingFilter        : method=POST uri=/api/dealspot/offers/1/save-toggle status=200 duration=100ms
2026-09-15 12:58:52.474 DEBUG 13736 --- [96a305cc] [userId=4] [0.0-8080-exec-9] c.b.d.security.JwtAuthenticationFilter   : Authenticated user ID [4] with role(s) [[ROLE_USER]] for URI [/api/dealspot/offers/fetch-all-offers]
2026-09-15 12:58:52.616  INFO 13736 --- [96a305cc] [userId=4] [0.0-8080-exec-9] c.b.d.config.RequestLoggingFilter        : method=GET uri=/api/dealspot/offers/fetch-all-offers status=200 duration=155ms
2026-09-15 12:58:52.625 DEBUG 13736 --- [c68285b2] [userId=anonymous] [.0-8080-exec-10] c.b.dealspot.controller.AuthController   : User login attempt for email: audit_user_1789457331@dealspot.com
2026-09-15 12:58:52.724  WARN 13736 --- [c68285b2] [userId=anonymous] [.0-8080-exec-10] org.hibernate.orm.jdbc.error             : HHH000247: ErrorCode: 1048, SQLState: 23000
2026-09-15 12:58:52.724  WARN 13736 --- [c68285b2] [userId=anonymous] [.0-8080-exec-10] org.hibernate.orm.jdbc.error             : Column 'performed_by' cannot be null
2026-09-15 12:58:52.726 ERROR 13736 --- [c68285b2] [userId=anonymous] [.0-8080-exec-10] c.b.d.serviceImpl.AuditServiceImpl       : Failed to persist audit log for action: LOGIN. Reason: could not execute statement [Column 'performed_by' cannot be null] [insert into audit_logs (action,created_at,duration_ms,endpoint,entity_id,entity_type,error_message,error_type,http_method,ip_address,payload,performed_by,request_id,status_code,success,updated_at,user_agent,user_id) values (?,?,?,?,?,?,?,?,?,?,?,?,?,?,?,?,?,?)]; SQL [insert into audit_logs (action,created_at,duration_ms,endpoint,entity_id,entity_type,error_message,error_type,http_method,ip_address,payload,performed_by,request_id,status_code,success,updated_at,user_agent,user_id) values (?,?,?,?,?,?,?,?,?,?,?,?,?,?,?,?,?,?)]; constraint [performed_by]

org.springframework.dao.DataIntegrityViolationException: could not execute statement [Column 'performed_by' cannot be null] [insert into audit_logs (action,created_at,duration_ms,endpoint,entity_id,entity_type,error_message,error_type,http_method,ip_address,payload,performed_by,request_id,status_code,success,updated_at,user_agent,user_id) values (?,?,?,?,?,?,?,?,?,?,?,?,?,?,?,?,?,?)]; SQL [insert into audit_logs (action,created_at,duration_ms,endpoint,entity_id,entity_type,error_message,error_type,http_method,ip_address,payload,performed_by,request_id,status_code,success,updated_at,user_agent,user_id) values (?,?,?,?,?,?,?,?,?,?,?,?,?,?,?,?,?,?)]; constraint [performed_by]
	at org.springframework.orm.jpa.hibernate.HibernateExceptionTranslator.convertHibernateAccessException(HibernateExceptionTranslator.java:169) ~[spring-orm-7.0.7.jar:7.0.7]
	at org.springframework.orm.jpa.hibernate.HibernateExceptionTranslator.convertHibernateAccessException(HibernateExceptionTranslator.java:131) ~[spring-orm-7.0.7.jar:7.0.7]
	at org.springframework.orm.jpa.hibernate.HibernateExceptionTranslator.translateExceptionIfPossible(HibernateExceptionTranslator.java:105) ~[spring-orm-7.0.7.jar:7.0.7]
	at org.springframework.orm.jpa.vendor.HibernateJpaDialect.translateExceptionIfPossible(HibernateJpaDialect.java:223) ~[spring-orm-7.0.7.jar:7.0.7]
	at org.springframework.orm.jpa.AbstractEntityManagerFactoryBean.translateExceptionIfPossible(AbstractEntityManagerFactoryBean.java:576) ~[spring-orm-7.0.7.jar:7.0.7]
	at org.springframework.dao.support.ChainedPersistenceExceptionTranslator.translateExceptionIfPossible(ChainedPersistenceExceptionTranslator.java:61) ~[spring-tx-7.0.7.jar:7.0.7]
	at org.springframework.dao.support.DataAccessUtils.translateIfNecessary(DataAccessUtils.java:346) ~[spring-tx-7.0.7.jar:7.0.7]
	at org.springframework.dao.support.PersistenceExceptionTranslationInterceptor.invoke(PersistenceExceptionTranslationInterceptor.java:157) ~[spring-tx-7.0.7.jar:7.0.7]
	at org.springframework.aop.framework.ReflectiveMethodInvocation.proceed(ReflectiveMethodInvocation.java:179) ~[spring-aop-7.0.7.jar:7.0.7]
	at org.springframework.data.jpa.repository.support.CrudMethodMetadataPostProcessor$CrudMethodMetadataPopulatingMethodInterceptor.invoke(CrudMethodMetadataPostProcessor.java:166) ~[spring-data-jpa-4.0.5.jar:4.0.5]
	at org.springframework.aop.framework.ReflectiveMethodInvocation.proceed(ReflectiveMethodInvocation.java:179) ~[spring-aop-7.0.7.jar:7.0.7]
	at org.springframework.aop.framework.JdkDynamicAopProxy.invoke(JdkDynamicAopProxy.java:222) ~[spring-aop-7.0.7.jar:7.0.7]
	at jdk.proxy5/jdk.proxy5.$Proxy209.save(Unknown Source) ~[na:na]
	at com.backend.dealspot.serviceImpl.AuditServiceImpl.lambda$1(AuditServiceImpl.java:281) ~[classes/:na]
	at org.springframework.transaction.support.TransactionTemplate.execute(TransactionTemplate.java:137) ~[spring-tx-7.0.7.jar:7.0.7]
	at com.backend.dealspot.serviceImpl.AuditServiceImpl.persistAuditLog(AuditServiceImpl.java:274) ~[classes/:na]
	at com.backend.dealspot.serviceImpl.AuditServiceImpl.log(AuditServiceImpl.java:144) ~[classes/:na]
	at com.backend.dealspot.serviceImpl.AuditServiceImpl.log(AuditServiceImpl.java:161) ~[classes/:na]
	at com.backend.dealspot.controller.AuthController.userLogin(AuthController.java:144) ~[classes/:na]
	at java.base/jdk.internal.reflect.DirectMethodHandleAccessor.invoke(DirectMethodHandleAccessor.java:104) ~[na:na]
	at java.base/java.lang.reflect.Method.invoke(Method.java:565) ~[na:na]
	at org.springframework.web.method.support.InvocableHandlerMethod.doInvoke(InvocableHandlerMethod.java:252) ~[spring-web-7.0.7.jar:7.0.7]
	at org.springframework.web.method.support.InvocableHandlerMethod.invokeForRequest(InvocableHandlerMethod.java:184) ~[spring-web-7.0.7.jar:7.0.7]
	at org.springframework.web.servlet.mvc.method.annotation.ServletInvocableHandlerMethod.invokeAndHandle(ServletInvocableHandlerMethod.java:117) ~[spring-webmvc-7.0.7.jar:7.0.7]
	at org.springframework.web.servlet.mvc.method.annotation.RequestMappingHandlerAdapter.invokeHandlerMethod(RequestMappingHandlerAdapter.java:934) ~[spring-webmvc-7.0.7.jar:7.0.7]
	at org.springframework.web.servlet.mvc.method.annotation.RequestMappingHandlerAdapter.handleInternal(RequestMappingHandlerAdapter.java:853) ~[spring-webmvc-7.0.7.jar:7.0.7]
	at org.springframework.web.servlet.mvc.method.AbstractHandlerMethodAdapter.handle(AbstractHandlerMethodAdapter.java:86) ~[spring-webmvc-7.0.7.jar:7.0.7]
	at org.springframework.web.servlet.DispatcherServlet.doDispatch(DispatcherServlet.java:963) ~[spring-webmvc-7.0.7.jar:7.0.7]
	at org.springframework.web.servlet.DispatcherServlet.doService(DispatcherServlet.java:866) ~[spring-webmvc-7.0.7.jar:7.0.7]
	at org.springframework.web.servlet.FrameworkServlet.processRequest(FrameworkServlet.java:1000) ~[spring-webmvc-7.0.7.jar:7.0.7]
	at org.springframework.web.servlet.FrameworkServlet.doPost(FrameworkServlet.java:903) ~[spring-webmvc-7.0.7.jar:7.0.7]
	at jakarta.servlet.http.HttpServlet.service(HttpServlet.java:649) ~[tomcat-embed-core-11.0.21.jar:6.1]
	at org.springframework.web.servlet.FrameworkServlet.service(FrameworkServlet.java:874) ~[spring-webmvc-7.0.7.jar:7.0.7]
	at jakarta.servlet.http.HttpServlet.service(HttpServlet.java:710) ~[tomcat-embed-core-11.0.21.jar:6.1]
	at org.apache.catalina.core.ApplicationFilterChain.doFilter(ApplicationFilterChain.java:128) ~[tomcat-embed-core-11.0.21.jar:11.0.21]
	at org.apache.tomcat.websocket.server.WsFilter.doFilter(WsFilter.java:53) ~[tomcat-embed-websocket-11.0.21.jar:11.0.21]
	at org.apache.catalina.core.ApplicationFilterChain.doFilter(ApplicationFilterChain.java:107) ~[tomcat-embed-core-11.0.21.jar:11.0.21]
	at org.springframework.web.filter.OncePerRequestFilter.doFilter(OncePerRequestFilter.java:110) ~[spring-web-7.0.7.jar:7.0.7]
	at org.apache.catalina.core.ApplicationFilterChain.doFilter(ApplicationFilterChain.java:107) ~[tomcat-embed-core-11.0.21.jar:11.0.21]
	at org.springframework.web.filter.CompositeFilter$VirtualFilterChain.doFilter(CompositeFilter.java:108) ~[spring-web-7.0.7.jar:7.0.7]
	at org.springframework.security.web.FilterChainProxy.lambda$doFilterInternal$3(FilterChainProxy.java:235) ~[spring-security-web-7.0.5.jar:7.0.5]
	at org.springframework.security.web.FilterChainProxy$VirtualFilterChain.doFilter(FilterChainProxy.java:376) ~[spring-security-web-7.0.5.jar:7.0.5]
	at org.springframework.security.web.access.intercept.AuthorizationFilter.doFilter(AuthorizationFilter.java:101) ~[spring-security-web-7.0.5.jar:7.0.5]
	at org.springframework.security.web.FilterChainProxy$VirtualFilterChain.doFilter(FilterChainProxy.java:385) ~[spring-security-web-7.0.5.jar:7.0.5]
	at org.springframework.security.web.access.ExceptionTranslationFilter.doFilter(ExceptionTranslationFilter.java:126) ~[spring-security-web-7.0.5.jar:7.0.5]
	at org.springframework.security.web.access.ExceptionTranslationFilter.doFilter(ExceptionTranslationFilter.java:120) ~[spring-security-web-7.0.5.jar:7.0.5]
	at org.springframework.security.web.FilterChainProxy$VirtualFilterChain.doFilter(FilterChainProxy.java:385) ~[spring-security-web-7.0.5.jar:7.0.5]
	at org.springframework.security.web.session.SessionManagementFilter.doFilter(SessionManagementFilter.java:132) ~[spring-security-web-7.0.5.jar:7.0.5]
	at org.springframework.security.web.session.SessionManagementFilter.doFilter(SessionManagementFilter.java:86) ~[spring-security-web-7.0.5.jar:7.0.5]
	at org.springframework.security.web.FilterChainProxy$VirtualFilterChain.doFilter(FilterChainProxy.java:385) ~[spring-security-web-7.0.5.jar:7.0.5]
	at org.springframework.security.web.authentication.AnonymousAuthenticationFilter.doFilter(AnonymousAuthenticationFilter.java:100) ~[spring-security-web-7.0.5.jar:7.0.5]
	at org.springframework.security.web.FilterChainProxy$VirtualFilterChain.doFilter(FilterChainProxy.java:385) ~[spring-security-web-7.0.5.jar:7.0.5]
	at org.springframework.security.web.servletapi.SecurityContextHolderAwareRequestFilter.doFilter(SecurityContextHolderAwareRequestFilter.java:181) ~[spring-security-web-7.0.5.jar:7.0.5]
	at org.springframework.security.web.FilterChainProxy$VirtualFilterChain.doFilter(FilterChainProxy.java:385) ~[spring-security-web-7.0.5.jar:7.0.5]
	at org.springframework.security.web.savedrequest.RequestCacheAwareFilter.doFilter(RequestCacheAwareFilter.java:63) ~[spring-security-web-7.0.5.jar:7.0.5]
	at org.springframework.security.web.FilterChainProxy$VirtualFilterChain.doFilter(FilterChainProxy.java:385) ~[spring-security-web-7.0.5.jar:7.0.5]
	at com.backend.dealspot.security.JwtAuthenticationFilter.doFilterInternal(JwtAuthenticationFilter.java:42) ~[classes/:na]
	at org.springframework.web.filter.OncePerRequestFilter.doFilter(OncePerRequestFilter.java:116) ~[spring-web-7.0.7.jar:7.0.7]
	at org.springframework.security.web.FilterChainProxy$VirtualFilterChain.doFilter(FilterChainProxy.java:385) ~[spring-security-web-7.0.5.jar:7.0.5]
	at org.springframework.security.web.authentication.logout.LogoutFilter.doFilter(LogoutFilter.java:110) ~[spring-security-web-7.0.5.jar:7.0.5]
	at org.springframework.security.web.authentication.logout.LogoutFilter.doFilter(LogoutFilter.java:96) ~[spring-security-web-7.0.5.jar:7.0.5]
	at org.springframework.security.web.FilterChainProxy$VirtualFilterChain.doFilter(FilterChainProxy.java:385) ~[spring-security-web-7.0.5.jar:7.0.5]
	at org.springframework.web.filter.CorsFilter.doFilterInternal(CorsFilter.java:91) ~[spring-web-7.0.7.jar:7.0.7]
	at org.springframework.web.filter.OncePerRequestFilter.doFilter(OncePerRequestFilter.java:116) ~[spring-web-7.0.7.jar:7.0.7]
	at org.springframework.security.web.FilterChainProxy$VirtualFilterChain.doFilter(FilterChainProxy.java:385) ~[spring-security-web-7.0.5.jar:7.0.5]
	at org.springframework.security.web.header.HeaderWriterFilter.doHeadersAfter(HeaderWriterFilter.java:90) ~[spring-security-web-7.0.5.jar:7.0.5]
	at org.springframework.security.web.header.HeaderWriterFilter.doFilterInternal(HeaderWriterFilter.java:75) ~[spring-security-web-7.0.5.jar:7.0.5]
	at org.springframework.web.filter.OncePerRequestFilter.doFilter(OncePerRequestFilter.java:116) ~[spring-web-7.0.7.jar:7.0.7]
	at org.springframework.security.web.FilterChainProxy$VirtualFilterChain.doFilter(FilterChainProxy.java:385) ~[spring-security-web-7.0.5.jar:7.0.5]
	at org.springframework.security.web.context.SecurityContextHolderFilter.doFilter(SecurityContextHolderFilter.java:82) ~[spring-security-web-7.0.5.jar:7.0.5]
	at org.springframework.security.web.context.SecurityContextHolderFilter.doFilter(SecurityContextHolderFilter.java:69) ~[spring-security-web-7.0.5.jar:7.0.5]
	at org.springframework.security.web.FilterChainProxy$VirtualFilterChain.doFilter(FilterChainProxy.java:385) ~[spring-security-web-7.0.5.jar:7.0.5]
	at org.springframework.security.web.context.request.async.WebAsyncManagerIntegrationFilter.doFilterInternal(WebAsyncManagerIntegrationFilter.java:62) ~[spring-security-web-7.0.5.jar:7.0.5]
	at org.springframework.web.filter.OncePerRequestFilter.doFilter(OncePerRequestFilter.java:116) ~[spring-web-7.0.7.jar:7.0.7]
	at org.springframework.security.web.FilterChainProxy$VirtualFilterChain.doFilter(FilterChainProxy.java:385) ~[spring-security-web-7.0.5.jar:7.0.5]
	at org.springframework.security.web.session.DisableEncodeUrlFilter.doFilterInternal(DisableEncodeUrlFilter.java:42) ~[spring-security-web-7.0.5.jar:7.0.5]
	at org.springframework.web.filter.OncePerRequestFilter.doFilter(OncePerRequestFilter.java:116) ~[spring-web-7.0.7.jar:7.0.7]
	at org.springframework.security.web.FilterChainProxy$VirtualFilterChain.doFilter(FilterChainProxy.java:385) ~[spring-security-web-7.0.5.jar:7.0.5]
	at org.springframework.security.web.FilterChainProxy.doFilterInternal(FilterChainProxy.java:237) ~[spring-security-web-7.0.5.jar:7.0.5]
	at org.springframework.security.web.FilterChainProxy.doFilter(FilterChainProxy.java:195) ~[spring-security-web-7.0.5.jar:7.0.5]
	at org.springframework.web.filter.CompositeFilter$VirtualFilterChain.doFilter(CompositeFilter.java:113) ~[spring-web-7.0.7.jar:7.0.7]
	at org.springframework.web.filter.ServletRequestPathFilter.doFilter(ServletRequestPathFilter.java:52) ~[spring-web-7.0.7.jar:7.0.7]
	at org.springframework.web.filter.CompositeFilter$VirtualFilterChain.doFilter(CompositeFilter.java:113) ~[spring-web-7.0.7.jar:7.0.7]
	at org.springframework.web.filter.CompositeFilter.doFilter(CompositeFilter.java:74) ~[spring-web-7.0.7.jar:7.0.7]
	at org.springframework.security.config.annotation.web.configuration.WebSecurityConfiguration$CompositeFilterChainProxy.doFilter(WebSecurityConfiguration.java:317) ~[spring-security-config-7.0.5.jar:7.0.5]
	at org.springframework.web.filter.DelegatingFilterProxy.invokeDelegate(DelegatingFilterProxy.java:355) ~[spring-web-7.0.7.jar:7.0.7]
	at org.springframework.web.filter.DelegatingFilterProxy.doFilter(DelegatingFilterProxy.java:272) ~[spring-web-7.0.7.jar:7.0.7]
	at org.apache.catalina.core.ApplicationFilterChain.doFilter(ApplicationFilterChain.java:107) ~[tomcat-embed-core-11.0.21.jar:11.0.21]
	at org.springframework.web.filter.RequestContextFilter.doFilterInternal(RequestContextFilter.java:100) ~[spring-web-7.0.7.jar:7.0.7]
	at org.springframework.web.filter.OncePerRequestFilter.doFilter(OncePerRequestFilter.java:116) ~[spring-web-7.0.7.jar:7.0.7]
	at org.apache.catalina.core.ApplicationFilterChain.doFilter(ApplicationFilterChain.java:107) ~[tomcat-embed-core-11.0.21.jar:11.0.21]
	at org.springframework.web.filter.FormContentFilter.doFilterInternal(FormContentFilter.java:93) ~[spring-web-7.0.7.jar:7.0.7]
	at org.springframework.web.filter.OncePerRequestFilter.doFilter(OncePerRequestFilter.java:116) ~[spring-web-7.0.7.jar:7.0.7]
	at org.apache.catalina.core.ApplicationFilterChain.doFilter(ApplicationFilterChain.java:107) ~[tomcat-embed-core-11.0.21.jar:11.0.21]
	at org.springframework.web.filter.CharacterEncodingFilter.doFilterInternal(CharacterEncodingFilter.java:199) ~[spring-web-7.0.7.jar:7.0.7]
	at org.springframework.web.filter.OncePerRequestFilter.doFilter(OncePerRequestFilter.java:116) ~[spring-web-7.0.7.jar:7.0.7]
	at org.apache.catalina.core.ApplicationFilterChain.doFilter(ApplicationFilterChain.java:107) ~[tomcat-embed-core-11.0.21.jar:11.0.21]
	at com.backend.dealspot.config.RequestLoggingFilter.doFilterInternal(RequestLoggingFilter.java:63) ~[classes/:na]
	at org.springframework.web.filter.OncePerRequestFilter.doFilter(OncePerRequestFilter.java:116) ~[spring-web-7.0.7.jar:7.0.7]
	at org.apache.catalina.core.ApplicationFilterChain.doFilter(ApplicationFilterChain.java:107) ~[tomcat-embed-core-11.0.21.jar:11.0.21]
	at org.apache.catalina.core.StandardWrapperValve.invoke(StandardWrapperValve.java:165) ~[tomcat-embed-core-11.0.21.jar:11.0.21]
	at org.apache.catalina.core.StandardContextValve.invoke(StandardContextValve.java:77) ~[tomcat-embed-core-11.0.21.jar:11.0.21]
	at org.apache.catalina.authenticator.AuthenticatorBase.invoke(AuthenticatorBase.java:492) ~[tomcat-embed-core-11.0.21.jar:11.0.21]
	at org.apache.catalina.core.StandardHostValve.invoke(StandardHostValve.java:113) ~[tomcat-embed-core-11.0.21.jar:11.0.21]
	at org.apache.catalina.valves.ErrorReportValve.invoke(ErrorReportValve.java:83) ~[tomcat-embed-core-11.0.21.jar:11.0.21]
	at org.apache.catalina.core.StandardEngineValve.invoke(StandardEngineValve.java:72) ~[tomcat-embed-core-11.0.21.jar:11.0.21]
	at org.apache.catalina.connector.CoyoteAdapter.service(CoyoteAdapter.java:341) ~[tomcat-embed-core-11.0.21.jar:11.0.21]
	at org.apache.coyote.http11.Http11Processor.service(Http11Processor.java:397) ~[tomcat-embed-core-11.0.21.jar:11.0.21]
	at org.apache.coyote.AbstractProcessorLight.process(AbstractProcessorLight.java:63) ~[tomcat-embed-core-11.0.21.jar:11.0.21]
	at org.apache.coyote.AbstractProtocol$ConnectionHandler.process(AbstractProtocol.java:903) ~[tomcat-embed-core-11.0.21.jar:11.0.21]
	at org.apache.tomcat.util.net.NioEndpoint$SocketProcessor.doRun(NioEndpoint.java:1801) ~[tomcat-embed-core-11.0.21.jar:11.0.21]
	at org.apache.tomcat.util.net.SocketProcessorBase.run(SocketProcessorBase.java:52) ~[tomcat-embed-core-11.0.21.jar:11.0.21]
	at org.apache.tomcat.util.threads.ThreadPoolExecutor.runWorker(ThreadPoolExecutor.java:946) ~[tomcat-embed-core-11.0.21.jar:11.0.21]
	at org.apache.tomcat.util.threads.ThreadPoolExecutor$Worker.run(ThreadPoolExecutor.java:480) ~[tomcat-embed-core-11.0.21.jar:11.0.21]
	at org.apache.tomcat.util.threads.TaskThread$WrappingRunnable.run(TaskThread.java:57) ~[tomcat-embed-core-11.0.21.jar:11.0.21]
	at java.base/java.lang.Thread.run(Thread.java:1516) ~[na:na]
Caused by: org.hibernate.exception.ConstraintViolationException: could not execute statement [Column 'performed_by' cannot be null] [insert into audit_logs (action,created_at,duration_ms,endpoint,entity_id,entity_type,error_message,error_type,http_method,ip_address,payload,performed_by,request_id,status_code,success,updated_at,user_agent,user_id) values (?,?,?,?,?,?,?,?,?,?,?,?,?,?,?,?,?,?)]
	at org.hibernate.dialect.MySQLDialect.lambda$buildSQLExceptionConversionDelegate$0(MySQLDialect.java:1273) ~[hibernate-core-7.2.12.Final.jar:7.2.12.Final]
	at org.hibernate.exception.internal.StandardSQLExceptionConverter.convert(StandardSQLExceptionConverter.java:34) ~[hibernate-core-7.2.12.Final.jar:7.2.12.Final]
	at org.hibernate.engine.jdbc.spi.SqlExceptionHelper.convert(SqlExceptionHelper.java:115) ~[hibernate-core-7.2.12.Final.jar:7.2.12.Final]
	at org.hibernate.engine.jdbc.internal.ResultSetReturnImpl.executeUpdate(ResultSetReturnImpl.java:184) ~[hibernate-core-7.2.12.Final.jar:7.2.12.Final]
	at org.hibernate.id.insert.GetGeneratedKeysDelegate.performMutation(GetGeneratedKeysDelegate.java:103) ~[hibernate-core-7.2.12.Final.jar:7.2.12.Final]
	at org.hibernate.engine.jdbc.mutation.internal.MutationExecutorSingleNonBatched.performNonBatchedOperations(MutationExecutorSingleNonBatched.java:45) ~[hibernate-core-7.2.12.Final.jar:7.2.12.Final]
	at org.hibernate.engine.jdbc.mutation.internal.AbstractMutationExecutor.execute(AbstractMutationExecutor.java:66) ~[hibernate-core-7.2.12.Final.jar:7.2.12.Final]
	at org.hibernate.engine.jdbc.mutation.internal.AbstractMutationExecutor.execute(AbstractMutationExecutor.java:55) ~[hibernate-core-7.2.12.Final.jar:7.2.12.Final]
	at org.hibernate.persister.entity.mutation.InsertCoordinatorStandard.doStaticInserts(InsertCoordinatorStandard.java:180) ~[hibernate-core-7.2.12.Final.jar:7.2.12.Final]
	at org.hibernate.persister.entity.mutation.InsertCoordinatorStandard.coordinateInsert(InsertCoordinatorStandard.java:120) ~[hibernate-core-7.2.12.Final.jar:7.2.12.Final]
	at org.hibernate.persister.entity.mutation.InsertCoordinatorStandard.insert(InsertCoordinatorStandard.java:84) ~[hibernate-core-7.2.12.Final.jar:7.2.12.Final]
	at org.hibernate.action.internal.EntityIdentityInsertAction.execute(EntityIdentityInsertAction.java:85) ~[hibernate-core-7.2.12.Final.jar:7.2.12.Final]
	at org.hibernate.engine.spi.ActionQueue.execute(ActionQueue.java:667) ~[hibernate-core-7.2.12.Final.jar:7.2.12.Final]
	at org.hibernate.engine.spi.ActionQueue.addResolvedEntityInsertAction(ActionQueue.java:291) ~[hibernate-core-7.2.12.Final.jar:7.2.12.Final]
	at org.hibernate.engine.spi.ActionQueue.addInsertAction(ActionQueue.java:270) ~[hibernate-core-7.2.12.Final.jar:7.2.12.Final]
	at org.hibernate.engine.spi.ActionQueue.addAction(ActionQueue.java:322) ~[hibernate-core-7.2.12.Final.jar:7.2.12.Final]
	at org.hibernate.event.internal.AbstractSaveEventListener.addInsertAction(AbstractSaveEventListener.java:371) ~[hibernate-core-7.2.12.Final.jar:7.2.12.Final]
	at org.hibernate.event.internal.AbstractSaveEventListener.performSaveOrReplicate(AbstractSaveEventListener.java:285) ~[hibernate-core-7.2.12.Final.jar:7.2.12.Final]
	at org.hibernate.event.internal.AbstractSaveEventListener.performSave(AbstractSaveEventListener.java:215) ~[hibernate-core-7.2.12.Final.jar:7.2.12.Final]
	at org.hibernate.event.internal.AbstractSaveEventListener.saveWithGeneratedId(AbstractSaveEventListener.java:133) ~[hibernate-core-7.2.12.Final.jar:7.2.12.Final]
	at org.hibernate.event.internal.DefaultPersistEventListener.entityIsTransient(DefaultPersistEventListener.java:144) ~[hibernate-core-7.2.12.Final.jar:7.2.12.Final]
	at org.hibernate.event.internal.DefaultPersistEventListener.persist(DefaultPersistEventListener.java:90) ~[hibernate-core-7.2.12.Final.jar:7.2.12.Final]
	at org.hibernate.event.internal.DefaultPersistEventListener.onPersist(DefaultPersistEventListener.java:74) ~[hibernate-core-7.2.12.Final.jar:7.2.12.Final]
	at org.hibernate.event.internal.DefaultPersistEventListener.onPersist(DefaultPersistEventListener.java:50) ~[hibernate-core-7.2.12.Final.jar:7.2.12.Final]
	at org.hibernate.event.service.internal.EventListenerGroupImpl.fireEventOnEachListener(EventListenerGroupImpl.java:138) ~[hibernate-core-7.2.12.Final.jar:7.2.12.Final]
	at org.hibernate.internal.SessionImpl.firePersist(SessionImpl.java:692) ~[hibernate-core-7.2.12.Final.jar:7.2.12.Final]
	at org.hibernate.internal.SessionImpl.persist(SessionImpl.java:675) ~[hibernate-core-7.2.12.Final.jar:7.2.12.Final]
	at java.base/jdk.internal.reflect.DirectMethodHandleAccessor.invoke(DirectMethodHandleAccessor.java:104) ~[na:na]
	at java.base/java.lang.reflect.Method.invoke(Method.java:565) ~[na:na]
	at org.springframework.orm.jpa.ExtendedEntityManagerCreator$ExtendedEntityManagerInvocationHandler.invoke(ExtendedEntityManagerCreator.java:362) ~[spring-orm-7.0.7.jar:7.0.7]
	at jdk.proxy5/jdk.proxy5.$Proxy205.persist(Unknown Source) ~[na:na]
	at java.base/jdk.internal.reflect.DirectMethodHandleAccessor.invoke(DirectMethodHandleAccessor.java:104) ~[na:na]
	at java.base/java.lang.reflect.Method.invoke(Method.java:565) ~[na:na]
	at org.springframework.orm.jpa.SharedEntityManagerCreator$SharedEntityHandlerInvocationHandler.invokeMethod(SharedEntityManagerCreator.java:240) ~[spring-orm-7.0.7.jar:7.0.7]
	at org.springframework.orm.jpa.SharedEntityManagerCreator$SharedEntityManagerInvocationHandler.invoke(SharedEntityManagerCreator.java:386) ~[spring-orm-7.0.7.jar:7.0.7]
	at jdk.proxy5/jdk.proxy5.$Proxy205.persist(Unknown Source) ~[na:na]
	at org.springframework.data.jpa.repository.support.SimpleJpaRepository.save(SimpleJpaRepository.java:664) ~[spring-data-jpa-4.0.5.jar:4.0.5]
	at java.base/jdk.internal.reflect.DirectMethodHandleAccessor.invoke(DirectMethodHandleAccessor.java:104) ~[na:na]
	at java.base/java.lang.reflect.Method.invoke(Method.java:565) ~[na:na]
	at org.springframework.aop.support.AopUtils.invokeJoinpointUsingReflection(AopUtils.java:359) ~[spring-aop-7.0.7.jar:7.0.7]
	at org.springframework.data.repository.core.support.RepositoryMethodInvoker$RepositoryFragmentMethodInvoker.lambda$new$0(RepositoryMethodInvoker.java:278) ~[spring-data-commons-4.0.5.jar:4.0.5]
	at org.springframework.data.repository.core.support.RepositoryMethodInvoker.doInvoke(RepositoryMethodInvoker.java:169) ~[spring-data-commons-4.0.5.jar:4.0.5]
	at org.springframework.data.repository.core.support.RepositoryMethodInvoker.invoke(RepositoryMethodInvoker.java:158) ~[spring-data-commons-4.0.5.jar:4.0.5]
	at org.springframework.data.repository.core.support.RepositoryComposition$RepositoryFragments.invoke(RepositoryComposition.java:545) ~[spring-data-commons-4.0.5.jar:4.0.5]
	at org.springframework.data.repository.core.support.RepositoryComposition.invoke(RepositoryComposition.java:290) ~[spring-data-commons-4.0.5.jar:4.0.5]
	at org.springframework.data.repository.core.support.RepositoryFactorySupport$ImplementationMethodExecutionInterceptor.invoke(RepositoryFactorySupport.java:690) ~[spring-data-commons-4.0.5.jar:4.0.5]
	at org.springframework.aop.framework.ReflectiveMethodInvocation.proceed(ReflectiveMethodInvocation.java:179) ~[spring-aop-7.0.7.jar:7.0.7]
	at org.springframework.data.repository.core.support.QueryExecutorMethodInterceptor.doInvoke(QueryExecutorMethodInterceptor.java:171) ~[spring-data-commons-4.0.5.jar:4.0.5]
	at org.springframework.data.repository.core.support.QueryExecutorMethodInterceptor.invoke(QueryExecutorMethodInterceptor.java:146) ~[spring-data-commons-4.0.5.jar:4.0.5]
	at org.springframework.aop.framework.ReflectiveMethodInvocation.proceed(ReflectiveMethodInvocation.java:179) ~[spring-aop-7.0.7.jar:7.0.7]
	at org.springframework.data.projection.DefaultMethodInvokingMethodInterceptor.invoke(DefaultMethodInvokingMethodInterceptor.java:69) ~[spring-data-commons-4.0.5.jar:4.0.5]
	at org.springframework.aop.framework.ReflectiveMethodInvocation.proceed(ReflectiveMethodInvocation.java:179) ~[spring-aop-7.0.7.jar:7.0.7]
	at org.springframework.transaction.interceptor.TransactionInterceptor$1.proceedWithInvocation(TransactionInterceptor.java:133) ~[spring-tx-7.0.7.jar:7.0.7]
	at org.springframework.transaction.interceptor.TransactionAspectSupport.invokeWithinTransaction(TransactionAspectSupport.java:371) ~[spring-tx-7.0.7.jar:7.0.7]
	at org.springframework.transaction.interceptor.TransactionInterceptor.invoke(TransactionInterceptor.java:130) ~[spring-tx-7.0.7.jar:7.0.7]
	at org.springframework.aop.framework.ReflectiveMethodInvocation.proceed(ReflectiveMethodInvocation.java:179) ~[spring-aop-7.0.7.jar:7.0.7]
	at org.springframework.dao.support.PersistenceExceptionTranslationInterceptor.invoke(PersistenceExceptionTranslationInterceptor.java:135) ~[spring-tx-7.0.7.jar:7.0.7]
	... 108 common frames omitted
Caused by: java.sql.SQLIntegrityConstraintViolationException: Column 'performed_by' cannot be null
	at com.mysql.cj.jdbc.exceptions.SQLError.createSQLException(SQLError.java:109) ~[mysql-connector-j-9.7.0.jar:9.7.0]
	at com.mysql.cj.jdbc.exceptions.SQLExceptionsMapping.translateException(SQLExceptionsMapping.java:114) ~[mysql-connector-j-9.7.0.jar:9.7.0]
	at com.mysql.cj.jdbc.ClientPreparedStatement.executeInternal(ClientPreparedStatement.java:988) ~[mysql-connector-j-9.7.0.jar:9.7.0]
	at com.mysql.cj.jdbc.ClientPreparedStatement.executeUpdateInternal(ClientPreparedStatement.java:1166) ~[mysql-connector-j-9.7.0.jar:9.7.0]
	at com.mysql.cj.jdbc.ClientPreparedStatement.executeUpdateInternal(ClientPreparedStatement.java:1101) ~[mysql-connector-j-9.7.0.jar:9.7.0]
	at com.mysql.cj.jdbc.ClientPreparedStatement.executeLargeUpdate(ClientPreparedStatement.java:1448) ~[mysql-connector-j-9.7.0.jar:9.7.0]
	at com.mysql.cj.jdbc.ClientPreparedStatement.executeUpdate(ClientPreparedStatement.java:1084) ~[mysql-connector-j-9.7.0.jar:9.7.0]
	at com.zaxxer.hikari.pool.ProxyPreparedStatement.executeUpdate(ProxyPreparedStatement.java:61) ~[HikariCP-7.0.2.jar:na]
	at com.zaxxer.hikari.pool.HikariProxyPreparedStatement.executeUpdate(HikariProxyPreparedStatement.java) ~[HikariCP-7.0.2.jar:na]
	at org.hibernate.engine.jdbc.internal.ResultSetReturnImpl.executeUpdate(ResultSetReturnImpl.java:181) ~[hibernate-core-7.2.12.Final.jar:7.2.12.Final]
	... 161 common frames omitted

2026-09-15 12:58:52.729  WARN 13736 --- [c68285b2] [userId=anonymous] [.0-8080-exec-10] c.b.d.c.e.GlobalExceptionHandler         : Authentication failed: Invalid email or password
2026-09-15 12:58:52.730  WARN 13736 --- [c68285b2] [userId=anonymous] [.0-8080-exec-10] .m.m.a.ExceptionHandlerExceptionResolver : Resolved [org.springframework.security.authentication.BadCredentialsException: Invalid email or password]
2026-09-15 12:58:52.731  INFO 13736 --- [c68285b2] [userId=anonymous] [.0-8080-exec-10] c.b.d.config.RequestLoggingFilter        : method=POST uri=/api/dealspot/auth/user/login status=401 duration=107ms
2026-09-15 12:58:52.745  INFO 13736 --- [58e58439] [userId=anonymous] [0.0-8080-exec-1] c.b.dealspot.controller.AuthController   : Received user registration request for email: audit_user_1789457331@dealspot.com
2026-09-15 12:58:52.754  WARN 13736 --- [58e58439] [userId=anonymous] [0.0-8080-exec-1] org.hibernate.orm.jdbc.error             : HHH000247: ErrorCode: 1048, SQLState: 23000
2026-09-15 12:58:52.754  WARN 13736 --- [58e58439] [userId=anonymous] [0.0-8080-exec-1] org.hibernate.orm.jdbc.error             : Column 'performed_by' cannot be null
2026-09-15 12:58:52.757 ERROR 13736 --- [58e58439] [userId=anonymous] [0.0-8080-exec-1] c.b.d.serviceImpl.AuditServiceImpl       : Failed to persist audit log for action: REGISTER_USER. Reason: could not execute statement [Column 'performed_by' cannot be null] [insert into audit_logs (action,created_at,duration_ms,endpoint,entity_id,entity_type,error_message,error_type,http_method,ip_address,payload,performed_by,request_id,status_code,success,updated_at,user_agent,user_id) values (?,?,?,?,?,?,?,?,?,?,?,?,?,?,?,?,?,?)]; SQL [insert into audit_logs (action,created_at,duration_ms,endpoint,entity_id,entity_type,error_message,error_type,http_method,ip_address,payload,performed_by,request_id,status_code,success,updated_at,user_agent,user_id) values (?,?,?,?,?,?,?,?,?,?,?,?,?,?,?,?,?,?)]; constraint [performed_by]

org.springframework.dao.DataIntegrityViolationException: could not execute statement [Column 'performed_by' cannot be null] [insert into audit_logs (action,created_at,duration_ms,endpoint,entity_id,entity_type,error_message,error_type,http_method,ip_address,payload,performed_by,request_id,status_code,success,updated_at,user_agent,user_id) values (?,?,?,?,?,?,?,?,?,?,?,?,?,?,?,?,?,?)]; SQL [insert into audit_logs (action,created_at,duration_ms,endpoint,entity_id,entity_type,error_message,error_type,http_method,ip_address,payload,performed_by,request_id,status_code,success,updated_at,user_agent,user_id) values (?,?,?,?,?,?,?,?,?,?,?,?,?,?,?,?,?,?)]; constraint [performed_by]
	at org.springframework.orm.jpa.hibernate.HibernateExceptionTranslator.convertHibernateAccessException(HibernateExceptionTranslator.java:169) ~[spring-orm-7.0.7.jar:7.0.7]
	at org.springframework.orm.jpa.hibernate.HibernateExceptionTranslator.convertHibernateAccessException(HibernateExceptionTranslator.java:131) ~[spring-orm-7.0.7.jar:7.0.7]
	at org.springframework.orm.jpa.hibernate.HibernateExceptionTranslator.translateExceptionIfPossible(HibernateExceptionTranslator.java:105) ~[spring-orm-7.0.7.jar:7.0.7]
	at org.springframework.orm.jpa.vendor.HibernateJpaDialect.translateExceptionIfPossible(HibernateJpaDialect.java:223) ~[spring-orm-7.0.7.jar:7.0.7]
	at org.springframework.orm.jpa.AbstractEntityManagerFactoryBean.translateExceptionIfPossible(AbstractEntityManagerFactoryBean.java:576) ~[spring-orm-7.0.7.jar:7.0.7]
	at org.springframework.dao.support.ChainedPersistenceExceptionTranslator.translateExceptionIfPossible(ChainedPersistenceExceptionTranslator.java:61) ~[spring-tx-7.0.7.jar:7.0.7]
	at org.springframework.dao.support.DataAccessUtils.translateIfNecessary(DataAccessUtils.java:346) ~[spring-tx-7.0.7.jar:7.0.7]
	at org.springframework.dao.support.PersistenceExceptionTranslationInterceptor.invoke(PersistenceExceptionTranslationInterceptor.java:157) ~[spring-tx-7.0.7.jar:7.0.7]
	at org.springframework.aop.framework.ReflectiveMethodInvocation.proceed(ReflectiveMethodInvocation.java:179) ~[spring-aop-7.0.7.jar:7.0.7]
	at org.springframework.data.jpa.repository.support.CrudMethodMetadataPostProcessor$CrudMethodMetadataPopulatingMethodInterceptor.invoke(CrudMethodMetadataPostProcessor.java:166) ~[spring-data-jpa-4.0.5.jar:4.0.5]
	at org.springframework.aop.framework.ReflectiveMethodInvocation.proceed(ReflectiveMethodInvocation.java:179) ~[spring-aop-7.0.7.jar:7.0.7]
	at org.springframework.aop.framework.JdkDynamicAopProxy.invoke(JdkDynamicAopProxy.java:222) ~[spring-aop-7.0.7.jar:7.0.7]
	at jdk.proxy5/jdk.proxy5.$Proxy209.save(Unknown Source) ~[na:na]
	at com.backend.dealspot.serviceImpl.AuditServiceImpl.lambda$1(AuditServiceImpl.java:281) ~[classes/:na]
	at org.springframework.transaction.support.TransactionTemplate.execute(TransactionTemplate.java:137) ~[spring-tx-7.0.7.jar:7.0.7]
	at com.backend.dealspot.serviceImpl.AuditServiceImpl.persistAuditLog(AuditServiceImpl.java:274) ~[classes/:na]
	at com.backend.dealspot.serviceImpl.AuditServiceImpl.log(AuditServiceImpl.java:144) ~[classes/:na]
	at com.backend.dealspot.serviceImpl.AuditServiceImpl.log(AuditServiceImpl.java:161) ~[classes/:na]
	at com.backend.dealspot.controller.AuthController.register(AuthController.java:58) ~[classes/:na]
	at java.base/jdk.internal.reflect.DirectMethodHandleAccessor.invoke(DirectMethodHandleAccessor.java:104) ~[na:na]
	at java.base/java.lang.reflect.Method.invoke(Method.java:565) ~[na:na]
	at org.springframework.web.method.support.InvocableHandlerMethod.doInvoke(InvocableHandlerMethod.java:252) ~[spring-web-7.0.7.jar:7.0.7]
	at org.springframework.web.method.support.InvocableHandlerMethod.invokeForRequest(InvocableHandlerMethod.java:184) ~[spring-web-7.0.7.jar:7.0.7]
	at org.springframework.web.servlet.mvc.method.annotation.ServletInvocableHandlerMethod.invokeAndHandle(ServletInvocableHandlerMethod.java:117) ~[spring-webmvc-7.0.7.jar:7.0.7]
	at org.springframework.web.servlet.mvc.method.annotation.RequestMappingHandlerAdapter.invokeHandlerMethod(RequestMappingHandlerAdapter.java:934) ~[spring-webmvc-7.0.7.jar:7.0.7]
	at org.springframework.web.servlet.mvc.method.annotation.RequestMappingHandlerAdapter.handleInternal(RequestMappingHandlerAdapter.java:853) ~[spring-webmvc-7.0.7.jar:7.0.7]
	at org.springframework.web.servlet.mvc.method.AbstractHandlerMethodAdapter.handle(AbstractHandlerMethodAdapter.java:86) ~[spring-webmvc-7.0.7.jar:7.0.7]
	at org.springframework.web.servlet.DispatcherServlet.doDispatch(DispatcherServlet.java:963) ~[spring-webmvc-7.0.7.jar:7.0.7]
	at org.springframework.web.servlet.DispatcherServlet.doService(DispatcherServlet.java:866) ~[spring-webmvc-7.0.7.jar:7.0.7]
	at org.springframework.web.servlet.FrameworkServlet.processRequest(FrameworkServlet.java:1000) ~[spring-webmvc-7.0.7.jar:7.0.7]
	at org.springframework.web.servlet.FrameworkServlet.doPost(FrameworkServlet.java:903) ~[spring-webmvc-7.0.7.jar:7.0.7]
	at jakarta.servlet.http.HttpServlet.service(HttpServlet.java:649) ~[tomcat-embed-core-11.0.21.jar:6.1]
	at org.springframework.web.servlet.FrameworkServlet.service(FrameworkServlet.java:874) ~[spring-webmvc-7.0.7.jar:7.0.7]
	at jakarta.servlet.http.HttpServlet.service(HttpServlet.java:710) ~[tomcat-embed-core-11.0.21.jar:6.1]
	at org.apache.catalina.core.ApplicationFilterChain.doFilter(ApplicationFilterChain.java:128) ~[tomcat-embed-core-11.0.21.jar:11.0.21]
	at org.apache.tomcat.websocket.server.WsFilter.doFilter(WsFilter.java:53) ~[tomcat-embed-websocket-11.0.21.jar:11.0.21]
	at org.apache.catalina.core.ApplicationFilterChain.doFilter(ApplicationFilterChain.java:107) ~[tomcat-embed-core-11.0.21.jar:11.0.21]
	at org.springframework.web.filter.OncePerRequestFilter.doFilter(OncePerRequestFilter.java:110) ~[spring-web-7.0.7.jar:7.0.7]
	at org.apache.catalina.core.ApplicationFilterChain.doFilter(ApplicationFilterChain.java:107) ~[tomcat-embed-core-11.0.21.jar:11.0.21]
	at org.springframework.web.filter.CompositeFilter$VirtualFilterChain.doFilter(CompositeFilter.java:108) ~[spring-web-7.0.7.jar:7.0.7]
	at org.springframework.security.web.FilterChainProxy.lambda$doFilterInternal$3(FilterChainProxy.java:235) ~[spring-security-web-7.0.5.jar:7.0.5]
	at org.springframework.security.web.FilterChainProxy$VirtualFilterChain.doFilter(FilterChainProxy.java:376) ~[spring-security-web-7.0.5.jar:7.0.5]
	at org.springframework.security.web.access.intercept.AuthorizationFilter.doFilter(AuthorizationFilter.java:101) ~[spring-security-web-7.0.5.jar:7.0.5]
	at org.springframework.security.web.FilterChainProxy$VirtualFilterChain.doFilter(FilterChainProxy.java:385) ~[spring-security-web-7.0.5.jar:7.0.5]
	at org.springframework.security.web.access.ExceptionTranslationFilter.doFilter(ExceptionTranslationFilter.java:126) ~[spring-security-web-7.0.5.jar:7.0.5]
	at org.springframework.security.web.access.ExceptionTranslationFilter.doFilter(ExceptionTranslationFilter.java:120) ~[spring-security-web-7.0.5.jar:7.0.5]
	at org.springframework.security.web.FilterChainProxy$VirtualFilterChain.doFilter(FilterChainProxy.java:385) ~[spring-security-web-7.0.5.jar:7.0.5]
	at org.springframework.security.web.session.SessionManagementFilter.doFilter(SessionManagementFilter.java:132) ~[spring-security-web-7.0.5.jar:7.0.5]
	at org.springframework.security.web.session.SessionManagementFilter.doFilter(SessionManagementFilter.java:86) ~[spring-security-web-7.0.5.jar:7.0.5]
	at org.springframework.security.web.FilterChainProxy$VirtualFilterChain.doFilter(FilterChainProxy.java:385) ~[spring-security-web-7.0.5.jar:7.0.5]
	at org.springframework.security.web.authentication.AnonymousAuthenticationFilter.doFilter(AnonymousAuthenticationFilter.java:100) ~[spring-security-web-7.0.5.jar:7.0.5]
	at org.springframework.security.web.FilterChainProxy$VirtualFilterChain.doFilter(FilterChainProxy.java:385) ~[spring-security-web-7.0.5.jar:7.0.5]
	at org.springframework.security.web.servletapi.SecurityContextHolderAwareRequestFilter.doFilter(SecurityContextHolderAwareRequestFilter.java:181) ~[spring-security-web-7.0.5.jar:7.0.5]
	at org.springframework.security.web.FilterChainProxy$VirtualFilterChain.doFilter(FilterChainProxy.java:385) ~[spring-security-web-7.0.5.jar:7.0.5]
	at org.springframework.security.web.savedrequest.RequestCacheAwareFilter.doFilter(RequestCacheAwareFilter.java:63) ~[spring-security-web-7.0.5.jar:7.0.5]
	at org.springframework.security.web.FilterChainProxy$VirtualFilterChain.doFilter(FilterChainProxy.java:385) ~[spring-security-web-7.0.5.jar:7.0.5]
	at com.backend.dealspot.security.JwtAuthenticationFilter.doFilterInternal(JwtAuthenticationFilter.java:42) ~[classes/:na]
	at org.springframework.web.filter.OncePerRequestFilter.doFilter(OncePerRequestFilter.java:116) ~[spring-web-7.0.7.jar:7.0.7]
	at org.springframework.security.web.FilterChainProxy$VirtualFilterChain.doFilter(FilterChainProxy.java:385) ~[spring-security-web-7.0.5.jar:7.0.5]
	at org.springframework.security.web.authentication.logout.LogoutFilter.doFilter(LogoutFilter.java:110) ~[spring-security-web-7.0.5.jar:7.0.5]
	at org.springframework.security.web.authentication.logout.LogoutFilter.doFilter(LogoutFilter.java:96) ~[spring-security-web-7.0.5.jar:7.0.5]
	at org.springframework.security.web.FilterChainProxy$VirtualFilterChain.doFilter(FilterChainProxy.java:385) ~[spring-security-web-7.0.5.jar:7.0.5]
	at org.springframework.web.filter.CorsFilter.doFilterInternal(CorsFilter.java:91) ~[spring-web-7.0.7.jar:7.0.7]
	at org.springframework.web.filter.OncePerRequestFilter.doFilter(OncePerRequestFilter.java:116) ~[spring-web-7.0.7.jar:7.0.7]
	at org.springframework.security.web.FilterChainProxy$VirtualFilterChain.doFilter(FilterChainProxy.java:385) ~[spring-security-web-7.0.5.jar:7.0.5]
	at org.springframework.security.web.header.HeaderWriterFilter.doHeadersAfter(HeaderWriterFilter.java:90) ~[spring-security-web-7.0.5.jar:7.0.5]
	at org.springframework.security.web.header.HeaderWriterFilter.doFilterInternal(HeaderWriterFilter.java:75) ~[spring-security-web-7.0.5.jar:7.0.5]
	at org.springframework.web.filter.OncePerRequestFilter.doFilter(OncePerRequestFilter.java:116) ~[spring-web-7.0.7.jar:7.0.7]
	at org.springframework.security.web.FilterChainProxy$VirtualFilterChain.doFilter(FilterChainProxy.java:385) ~[spring-security-web-7.0.5.jar:7.0.5]
	at org.springframework.security.web.context.SecurityContextHolderFilter.doFilter(SecurityContextHolderFilter.java:82) ~[spring-security-web-7.0.5.jar:7.0.5]
	at org.springframework.security.web.context.SecurityContextHolderFilter.doFilter(SecurityContextHolderFilter.java:69) ~[spring-security-web-7.0.5.jar:7.0.5]
	at org.springframework.security.web.FilterChainProxy$VirtualFilterChain.doFilter(FilterChainProxy.java:385) ~[spring-security-web-7.0.5.jar:7.0.5]
	at org.springframework.security.web.context.request.async.WebAsyncManagerIntegrationFilter.doFilterInternal(WebAsyncManagerIntegrationFilter.java:62) ~[spring-security-web-7.0.5.jar:7.0.5]
	at org.springframework.web.filter.OncePerRequestFilter.doFilter(OncePerRequestFilter.java:116) ~[spring-web-7.0.7.jar:7.0.7]
	at org.springframework.security.web.FilterChainProxy$VirtualFilterChain.doFilter(FilterChainProxy.java:385) ~[spring-security-web-7.0.5.jar:7.0.5]
	at org.springframework.security.web.session.DisableEncodeUrlFilter.doFilterInternal(DisableEncodeUrlFilter.java:42) ~[spring-security-web-7.0.5.jar:7.0.5]
	at org.springframework.web.filter.OncePerRequestFilter.doFilter(OncePerRequestFilter.java:116) ~[spring-web-7.0.7.jar:7.0.7]
	at org.springframework.security.web.FilterChainProxy$VirtualFilterChain.doFilter(FilterChainProxy.java:385) ~[spring-security-web-7.0.5.jar:7.0.5]
	at org.springframework.security.web.FilterChainProxy.doFilterInternal(FilterChainProxy.java:237) ~[spring-security-web-7.0.5.jar:7.0.5]
	at org.springframework.security.web.FilterChainProxy.doFilter(FilterChainProxy.java:195) ~[spring-security-web-7.0.5.jar:7.0.5]
	at org.springframework.web.filter.CompositeFilter$VirtualFilterChain.doFilter(CompositeFilter.java:113) ~[spring-web-7.0.7.jar:7.0.7]
	at org.springframework.web.filter.ServletRequestPathFilter.doFilter(ServletRequestPathFilter.java:52) ~[spring-web-7.0.7.jar:7.0.7]
	at org.springframework.web.filter.CompositeFilter$VirtualFilterChain.doFilter(CompositeFilter.java:113) ~[spring-web-7.0.7.jar:7.0.7]
	at org.springframework.web.filter.CompositeFilter.doFilter(CompositeFilter.java:74) ~[spring-web-7.0.7.jar:7.0.7]
	at org.springframework.security.config.annotation.web.configuration.WebSecurityConfiguration$CompositeFilterChainProxy.doFilter(WebSecurityConfiguration.java:317) ~[spring-security-config-7.0.5.jar:7.0.5]
	at org.springframework.web.filter.DelegatingFilterProxy.invokeDelegate(DelegatingFilterProxy.java:355) ~[spring-web-7.0.7.jar:7.0.7]
	at org.springframework.web.filter.DelegatingFilterProxy.doFilter(DelegatingFilterProxy.java:272) ~[spring-web-7.0.7.jar:7.0.7]
	at org.apache.catalina.core.ApplicationFilterChain.doFilter(ApplicationFilterChain.java:107) ~[tomcat-embed-core-11.0.21.jar:11.0.21]
	at org.springframework.web.filter.RequestContextFilter.doFilterInternal(RequestContextFilter.java:100) ~[spring-web-7.0.7.jar:7.0.7]
	at org.springframework.web.filter.OncePerRequestFilter.doFilter(OncePerRequestFilter.java:116) ~[spring-web-7.0.7.jar:7.0.7]
	at org.apache.catalina.core.ApplicationFilterChain.doFilter(ApplicationFilterChain.java:107) ~[tomcat-embed-core-11.0.21.jar:11.0.21]
	at org.springframework.web.filter.FormContentFilter.doFilterInternal(FormContentFilter.java:93) ~[spring-web-7.0.7.jar:7.0.7]
	at org.springframework.web.filter.OncePerRequestFilter.doFilter(OncePerRequestFilter.java:116) ~[spring-web-7.0.7.jar:7.0.7]
	at org.apache.catalina.core.ApplicationFilterChain.doFilter(ApplicationFilterChain.java:107) ~[tomcat-embed-core-11.0.21.jar:11.0.21]
	at org.springframework.web.filter.CharacterEncodingFilter.doFilterInternal(CharacterEncodingFilter.java:199) ~[spring-web-7.0.7.jar:7.0.7]
	at org.springframework.web.filter.OncePerRequestFilter.doFilter(OncePerRequestFilter.java:116) ~[spring-web-7.0.7.jar:7.0.7]
	at org.apache.catalina.core.ApplicationFilterChain.doFilter(ApplicationFilterChain.java:107) ~[tomcat-embed-core-11.0.21.jar:11.0.21]
	at com.backend.dealspot.config.RequestLoggingFilter.doFilterInternal(RequestLoggingFilter.java:63) ~[classes/:na]
	at org.springframework.web.filter.OncePerRequestFilter.doFilter(OncePerRequestFilter.java:116) ~[spring-web-7.0.7.jar:7.0.7]
	at org.apache.catalina.core.ApplicationFilterChain.doFilter(ApplicationFilterChain.java:107) ~[tomcat-embed-core-11.0.21.jar:11.0.21]
	at org.apache.catalina.core.StandardWrapperValve.invoke(StandardWrapperValve.java:165) ~[tomcat-embed-core-11.0.21.jar:11.0.21]
	at org.apache.catalina.core.StandardContextValve.invoke(StandardContextValve.java:77) ~[tomcat-embed-core-11.0.21.jar:11.0.21]
	at org.apache.catalina.authenticator.AuthenticatorBase.invoke(AuthenticatorBase.java:492) ~[tomcat-embed-core-11.0.21.jar:11.0.21]
	at org.apache.catalina.core.StandardHostValve.invoke(StandardHostValve.java:113) ~[tomcat-embed-core-11.0.21.jar:11.0.21]
	at org.apache.catalina.valves.ErrorReportValve.invoke(ErrorReportValve.java:83) ~[tomcat-embed-core-11.0.21.jar:11.0.21]
	at org.apache.catalina.core.StandardEngineValve.invoke(StandardEngineValve.java:72) ~[tomcat-embed-core-11.0.21.jar:11.0.21]
	at org.apache.catalina.connector.CoyoteAdapter.service(CoyoteAdapter.java:341) ~[tomcat-embed-core-11.0.21.jar:11.0.21]
	at org.apache.coyote.http11.Http11Processor.service(Http11Processor.java:397) ~[tomcat-embed-core-11.0.21.jar:11.0.21]
	at org.apache.coyote.AbstractProcessorLight.process(AbstractProcessorLight.java:63) ~[tomcat-embed-core-11.0.21.jar:11.0.21]
	at org.apache.coyote.AbstractProtocol$ConnectionHandler.process(AbstractProtocol.java:903) ~[tomcat-embed-core-11.0.21.jar:11.0.21]
	at org.apache.tomcat.util.net.NioEndpoint$SocketProcessor.doRun(NioEndpoint.java:1801) ~[tomcat-embed-core-11.0.21.jar:11.0.21]
	at org.apache.tomcat.util.net.SocketProcessorBase.run(SocketProcessorBase.java:52) ~[tomcat-embed-core-11.0.21.jar:11.0.21]
	at org.apache.tomcat.util.threads.ThreadPoolExecutor.runWorker(ThreadPoolExecutor.java:946) ~[tomcat-embed-core-11.0.21.jar:11.0.21]
	at org.apache.tomcat.util.threads.ThreadPoolExecutor$Worker.run(ThreadPoolExecutor.java:480) ~[tomcat-embed-core-11.0.21.jar:11.0.21]
	at org.apache.tomcat.util.threads.TaskThread$WrappingRunnable.run(TaskThread.java:57) ~[tomcat-embed-core-11.0.21.jar:11.0.21]
	at java.base/java.lang.Thread.run(Thread.java:1516) ~[na:na]
Caused by: org.hibernate.exception.ConstraintViolationException: could not execute statement [Column 'performed_by' cannot be null] [insert into audit_logs (action,created_at,duration_ms,endpoint,entity_id,entity_type,error_message,error_type,http_method,ip_address,payload,performed_by,request_id,status_code,success,updated_at,user_agent,user_id) values (?,?,?,?,?,?,?,?,?,?,?,?,?,?,?,?,?,?)]
	at org.hibernate.dialect.MySQLDialect.lambda$buildSQLExceptionConversionDelegate$0(MySQLDialect.java:1273) ~[hibernate-core-7.2.12.Final.jar:7.2.12.Final]
	at org.hibernate.exception.internal.StandardSQLExceptionConverter.convert(StandardSQLExceptionConverter.java:34) ~[hibernate-core-7.2.12.Final.jar:7.2.12.Final]
	at org.hibernate.engine.jdbc.spi.SqlExceptionHelper.convert(SqlExceptionHelper.java:115) ~[hibernate-core-7.2.12.Final.jar:7.2.12.Final]
	at org.hibernate.engine.jdbc.internal.ResultSetReturnImpl.executeUpdate(ResultSetReturnImpl.java:184) ~[hibernate-core-7.2.12.Final.jar:7.2.12.Final]
	at org.hibernate.id.insert.GetGeneratedKeysDelegate.performMutation(GetGeneratedKeysDelegate.java:103) ~[hibernate-core-7.2.12.Final.jar:7.2.12.Final]
	at org.hibernate.engine.jdbc.mutation.internal.MutationExecutorSingleNonBatched.performNonBatchedOperations(MutationExecutorSingleNonBatched.java:45) ~[hibernate-core-7.2.12.Final.jar:7.2.12.Final]
	at org.hibernate.engine.jdbc.mutation.internal.AbstractMutationExecutor.execute(AbstractMutationExecutor.java:66) ~[hibernate-core-7.2.12.Final.jar:7.2.12.Final]
	at org.hibernate.engine.jdbc.mutation.internal.AbstractMutationExecutor.execute(AbstractMutationExecutor.java:55) ~[hibernate-core-7.2.12.Final.jar:7.2.12.Final]
	at org.hibernate.persister.entity.mutation.InsertCoordinatorStandard.doStaticInserts(InsertCoordinatorStandard.java:180) ~[hibernate-core-7.2.12.Final.jar:7.2.12.Final]
	at org.hibernate.persister.entity.mutation.InsertCoordinatorStandard.coordinateInsert(InsertCoordinatorStandard.java:120) ~[hibernate-core-7.2.12.Final.jar:7.2.12.Final]
	at org.hibernate.persister.entity.mutation.InsertCoordinatorStandard.insert(InsertCoordinatorStandard.java:84) ~[hibernate-core-7.2.12.Final.jar:7.2.12.Final]
	at org.hibernate.action.internal.EntityIdentityInsertAction.execute(EntityIdentityInsertAction.java:85) ~[hibernate-core-7.2.12.Final.jar:7.2.12.Final]
	at org.hibernate.engine.spi.ActionQueue.execute(ActionQueue.java:667) ~[hibernate-core-7.2.12.Final.jar:7.2.12.Final]
	at org.hibernate.engine.spi.ActionQueue.addResolvedEntityInsertAction(ActionQueue.java:291) ~[hibernate-core-7.2.12.Final.jar:7.2.12.Final]
	at org.hibernate.engine.spi.ActionQueue.addInsertAction(ActionQueue.java:270) ~[hibernate-core-7.2.12.Final.jar:7.2.12.Final]
	at org.hibernate.engine.spi.ActionQueue.addAction(ActionQueue.java:322) ~[hibernate-core-7.2.12.Final.jar:7.2.12.Final]
	at org.hibernate.event.internal.AbstractSaveEventListener.addInsertAction(AbstractSaveEventListener.java:371) ~[hibernate-core-7.2.12.Final.jar:7.2.12.Final]
	at org.hibernate.event.internal.AbstractSaveEventListener.performSaveOrReplicate(AbstractSaveEventListener.java:285) ~[hibernate-core-7.2.12.Final.jar:7.2.12.Final]
	at org.hibernate.event.internal.AbstractSaveEventListener.performSave(AbstractSaveEventListener.java:215) ~[hibernate-core-7.2.12.Final.jar:7.2.12.Final]
	at org.hibernate.event.internal.AbstractSaveEventListener.saveWithGeneratedId(AbstractSaveEventListener.java:133) ~[hibernate-core-7.2.12.Final.jar:7.2.12.Final]
	at org.hibernate.event.internal.DefaultPersistEventListener.entityIsTransient(DefaultPersistEventListener.java:144) ~[hibernate-core-7.2.12.Final.jar:7.2.12.Final]
	at org.hibernate.event.internal.DefaultPersistEventListener.persist(DefaultPersistEventListener.java:90) ~[hibernate-core-7.2.12.Final.jar:7.2.12.Final]
	at org.hibernate.event.internal.DefaultPersistEventListener.onPersist(DefaultPersistEventListener.java:74) ~[hibernate-core-7.2.12.Final.jar:7.2.12.Final]
	at org.hibernate.event.internal.DefaultPersistEventListener.onPersist(DefaultPersistEventListener.java:50) ~[hibernate-core-7.2.12.Final.jar:7.2.12.Final]
	at org.hibernate.event.service.internal.EventListenerGroupImpl.fireEventOnEachListener(EventListenerGroupImpl.java:138) ~[hibernate-core-7.2.12.Final.jar:7.2.12.Final]
	at org.hibernate.internal.SessionImpl.firePersist(SessionImpl.java:692) ~[hibernate-core-7.2.12.Final.jar:7.2.12.Final]
	at org.hibernate.internal.SessionImpl.persist(SessionImpl.java:675) ~[hibernate-core-7.2.12.Final.jar:7.2.12.Final]
	at java.base/jdk.internal.reflect.DirectMethodHandleAccessor.invoke(DirectMethodHandleAccessor.java:104) ~[na:na]
	at java.base/java.lang.reflect.Method.invoke(Method.java:565) ~[na:na]
	at org.springframework.orm.jpa.ExtendedEntityManagerCreator$ExtendedEntityManagerInvocationHandler.invoke(ExtendedEntityManagerCreator.java:362) ~[spring-orm-7.0.7.jar:7.0.7]
	at jdk.proxy5/jdk.proxy5.$Proxy205.persist(Unknown Source) ~[na:na]
	at java.base/jdk.internal.reflect.DirectMethodHandleAccessor.invoke(DirectMethodHandleAccessor.java:104) ~[na:na]
	at java.base/java.lang.reflect.Method.invoke(Method.java:565) ~[na:na]
	at org.springframework.orm.jpa.SharedEntityManagerCreator$SharedEntityHandlerInvocationHandler.invokeMethod(SharedEntityManagerCreator.java:240) ~[spring-orm-7.0.7.jar:7.0.7]
	at org.springframework.orm.jpa.SharedEntityManagerCreator$SharedEntityManagerInvocationHandler.invoke(SharedEntityManagerCreator.java:386) ~[spring-orm-7.0.7.jar:7.0.7]
	at jdk.proxy5/jdk.proxy5.$Proxy205.persist(Unknown Source) ~[na:na]
	at org.springframework.data.jpa.repository.support.SimpleJpaRepository.save(SimpleJpaRepository.java:664) ~[spring-data-jpa-4.0.5.jar:4.0.5]
	at java.base/jdk.internal.reflect.DirectMethodHandleAccessor.invoke(DirectMethodHandleAccessor.java:104) ~[na:na]
	at java.base/java.lang.reflect.Method.invoke(Method.java:565) ~[na:na]
	at org.springframework.aop.support.AopUtils.invokeJoinpointUsingReflection(AopUtils.java:359) ~[spring-aop-7.0.7.jar:7.0.7]
	at org.springframework.data.repository.core.support.RepositoryMethodInvoker$RepositoryFragmentMethodInvoker.lambda$new$0(RepositoryMethodInvoker.java:278) ~[spring-data-commons-4.0.5.jar:4.0.5]
	at org.springframework.data.repository.core.support.RepositoryMethodInvoker.doInvoke(RepositoryMethodInvoker.java:169) ~[spring-data-commons-4.0.5.jar:4.0.5]
	at org.springframework.data.repository.core.support.RepositoryMethodInvoker.invoke(RepositoryMethodInvoker.java:158) ~[spring-data-commons-4.0.5.jar:4.0.5]
	at org.springframework.data.repository.core.support.RepositoryComposition$RepositoryFragments.invoke(RepositoryComposition.java:545) ~[spring-data-commons-4.0.5.jar:4.0.5]
	at org.springframework.data.repository.core.support.RepositoryComposition.invoke(RepositoryComposition.java:290) ~[spring-data-commons-4.0.5.jar:4.0.5]
	at org.springframework.data.repository.core.support.RepositoryFactorySupport$ImplementationMethodExecutionInterceptor.invoke(RepositoryFactorySupport.java:690) ~[spring-data-commons-4.0.5.jar:4.0.5]
	at org.springframework.aop.framework.ReflectiveMethodInvocation.proceed(ReflectiveMethodInvocation.java:179) ~[spring-aop-7.0.7.jar:7.0.7]
	at org.springframework.data.repository.core.support.QueryExecutorMethodInterceptor.doInvoke(QueryExecutorMethodInterceptor.java:171) ~[spring-data-commons-4.0.5.jar:4.0.5]
	at org.springframework.data.repository.core.support.QueryExecutorMethodInterceptor.invoke(QueryExecutorMethodInterceptor.java:146) ~[spring-data-commons-4.0.5.jar:4.0.5]
	at org.springframework.aop.framework.ReflectiveMethodInvocation.proceed(ReflectiveMethodInvocation.java:179) ~[spring-aop-7.0.7.jar:7.0.7]
	at org.springframework.data.projection.DefaultMethodInvokingMethodInterceptor.invoke(DefaultMethodInvokingMethodInterceptor.java:69) ~[spring-data-commons-4.0.5.jar:4.0.5]
	at org.springframework.aop.framework.ReflectiveMethodInvocation.proceed(ReflectiveMethodInvocation.java:179) ~[spring-aop-7.0.7.jar:7.0.7]
	at org.springframework.transaction.interceptor.TransactionInterceptor$1.proceedWithInvocation(TransactionInterceptor.java:133) ~[spring-tx-7.0.7.jar:7.0.7]
	at org.springframework.transaction.interceptor.TransactionAspectSupport.invokeWithinTransaction(TransactionAspectSupport.java:371) ~[spring-tx-7.0.7.jar:7.0.7]
	at org.springframework.transaction.interceptor.TransactionInterceptor.invoke(TransactionInterceptor.java:130) ~[spring-tx-7.0.7.jar:7.0.7]
	at org.springframework.aop.framework.ReflectiveMethodInvocation.proceed(ReflectiveMethodInvocation.java:179) ~[spring-aop-7.0.7.jar:7.0.7]
	at org.springframework.dao.support.PersistenceExceptionTranslationInterceptor.invoke(PersistenceExceptionTranslationInterceptor.java:135) ~[spring-tx-7.0.7.jar:7.0.7]
	... 108 common frames omitted
Caused by: java.sql.SQLIntegrityConstraintViolationException: Column 'performed_by' cannot be null
	at com.mysql.cj.jdbc.exceptions.SQLError.createSQLException(SQLError.java:109) ~[mysql-connector-j-9.7.0.jar:9.7.0]
	at com.mysql.cj.jdbc.exceptions.SQLExceptionsMapping.translateException(SQLExceptionsMapping.java:114) ~[mysql-connector-j-9.7.0.jar:9.7.0]
	at com.mysql.cj.jdbc.ClientPreparedStatement.executeInternal(ClientPreparedStatement.java:988) ~[mysql-connector-j-9.7.0.jar:9.7.0]
	at com.mysql.cj.jdbc.ClientPreparedStatement.executeUpdateInternal(ClientPreparedStatement.java:1166) ~[mysql-connector-j-9.7.0.jar:9.7.0]
	at com.mysql.cj.jdbc.ClientPreparedStatement.executeUpdateInternal(ClientPreparedStatement.java:1101) ~[mysql-connector-j-9.7.0.jar:9.7.0]
	at com.mysql.cj.jdbc.ClientPreparedStatement.executeLargeUpdate(ClientPreparedStatement.java:1448) ~[mysql-connector-j-9.7.0.jar:9.7.0]
	at com.mysql.cj.jdbc.ClientPreparedStatement.executeUpdate(ClientPreparedStatement.java:1084) ~[mysql-connector-j-9.7.0.jar:9.7.0]
	at com.zaxxer.hikari.pool.ProxyPreparedStatement.executeUpdate(ProxyPreparedStatement.java:61) ~[HikariCP-7.0.2.jar:na]
	at com.zaxxer.hikari.pool.HikariProxyPreparedStatement.executeUpdate(HikariProxyPreparedStatement.java) ~[HikariCP-7.0.2.jar:na]
	at org.hibernate.engine.jdbc.internal.ResultSetReturnImpl.executeUpdate(ResultSetReturnImpl.java:181) ~[hibernate-core-7.2.12.Final.jar:7.2.12.Final]
	... 161 common frames omitted

2026-09-15 12:58:52.762  WARN 13736 --- [58e58439] [userId=anonymous] [0.0-8080-exec-1] c.b.d.c.e.GlobalExceptionHandler         : Business runtime exception: Email already exists
2026-09-15 12:58:52.763  WARN 13736 --- [58e58439] [userId=anonymous] [0.0-8080-exec-1] .m.m.a.ExceptionHandlerExceptionResolver : Resolved [java.lang.RuntimeException: Email already exists]
2026-09-15 12:58:52.763  INFO 13736 --- [58e58439] [userId=anonymous] [0.0-8080-exec-1] c.b.d.config.RequestLoggingFilter        : method=POST uri=/api/dealspot/auth/user/register status=400 duration=20ms
2026-09-15 12:59:14.250  INFO 13736 --- [NA] [userId=anonymous] [   File Watcher] rtingClassPathChangeChangedEventListener : Restarting due to 1 class path change (0 additions, 0 deletions, 1 modification)
2026-09-15 12:59:14.254  INFO 13736 --- [NA] [userId=anonymous] [       Thread-5] o.s.boot.tomcat.GracefulShutdown         : Commencing graceful shutdown. Waiting for active requests to complete
2026-09-15 12:59:14.269  INFO 13736 --- [NA] [userId=anonymous] [tomcat-shutdown] o.s.boot.tomcat.GracefulShutdown         : Graceful shutdown complete
2026-09-15 12:59:14.273  INFO 13736 --- [NA] [userId=anonymous] [       Thread-5] j.LocalContainerEntityManagerFactoryBean : Closing JPA EntityManagerFactory for persistence unit 'default'
2026-09-15 12:59:14.274  INFO 13736 --- [NA] [userId=anonymous] [       Thread-5] com.zaxxer.hikari.HikariDataSource       : HikariPool-2 - Shutdown initiated...
2026-09-15 12:59:14.276  INFO 13736 --- [NA] [userId=anonymous] [       Thread-5] com.zaxxer.hikari.HikariDataSource       : HikariPool-2 - Shutdown completed.
2026-09-15 12:59:14.423  INFO 13736 --- [NA] [userId=anonymous] [  restartedMain] c.backend.dealspot.DealspotApplication   : Starting DealspotApplication using Java 26.0.1 with PID 13736 (C:\Users\User\Desktop\DEVELOPMENT PROJECTS\DEALSPOT\SPRINGBOOT\target\classes started by User in C:\Users\User\Desktop\DEVELOPMENT PROJECTS\DEALSPOT\SPRINGBOOT)
2026-09-15 12:59:14.423 DEBUG 13736 --- [NA] [userId=anonymous] [  restartedMain] c.backend.dealspot.DealspotApplication   : Running with Spring Boot v4.0.6, Spring v7.0.7
2026-09-15 12:59:14.423  INFO 13736 --- [NA] [userId=anonymous] [  restartedMain] c.backend.dealspot.DealspotApplication   : No active profile set, falling back to 1 default profile: "default"
2026-09-15 12:59:14.945  INFO 13736 --- [NA] [userId=anonymous] [  restartedMain] .s.d.r.c.RepositoryConfigurationDelegate : Bootstrapping Spring Data JPA repositories in DEFAULT mode.
2026-09-15 12:59:15.069  INFO 13736 --- [NA] [userId=anonymous] [  restartedMain] .s.d.r.c.RepositoryConfigurationDelegate : Finished Spring Data repository scanning in 117 ms. Found 22 JPA repository interfaces.
2026-09-15 12:59:15.548  INFO 13736 --- [NA] [userId=anonymous] [  restartedMain] o.s.boot.tomcat.TomcatWebServer          : Tomcat initialized with port 8080 (http)
2026-09-15 12:59:15.550  INFO 13736 --- [NA] [userId=anonymous] [  restartedMain] o.apache.catalina.core.StandardService   : Starting service [Tomcat]
2026-09-15 12:59:15.550  INFO 13736 --- [NA] [userId=anonymous] [  restartedMain] o.apache.catalina.core.StandardEngine    : Starting Servlet engine: [Apache Tomcat/11.0.21]
2026-09-15 12:59:15.604  INFO 13736 --- [NA] [userId=anonymous] [  restartedMain] b.w.c.s.WebApplicationContextInitializer : Root WebApplicationContext: initialization completed in 1177 ms
2026-09-15 12:59:15.715  INFO 13736 --- [NA] [userId=anonymous] [  restartedMain] org.hibernate.orm.jpa                    : HHH008540: Processing PersistenceUnitInfo [name: default]
2026-09-15 12:59:15.783  INFO 13736 --- [NA] [userId=anonymous] [  restartedMain] o.s.o.j.p.SpringPersistenceUnitInfo      : No LoadTimeWeaver setup: ignoring JPA class transformer
2026-09-15 12:59:15.786  INFO 13736 --- [NA] [userId=anonymous] [  restartedMain] com.zaxxer.hikari.HikariDataSource       : HikariPool-3 - Starting...
2026-09-15 12:59:20.764  INFO 13736 --- [NA] [userId=anonymous] [  restartedMain] com.zaxxer.hikari.pool.HikariPool        : HikariPool-3 - Added connection com.mysql.cj.jdbc.ConnectionImpl@7298fae7
2026-09-15 12:59:20.764  INFO 13736 --- [NA] [userId=anonymous] [  restartedMain] com.zaxxer.hikari.HikariDataSource       : HikariPool-3 - Start completed.
2026-09-15 12:59:20.767  INFO 13736 --- [NA] [userId=anonymous] [  restartedMain] org.hibernate.orm.connections.pooling    : HHH10001005: Database info:
	Database JDBC URL [jdbc:mysql://192.168.1.110:3306/dealspot_test?useSSL=false&serverTimezone=UTC]
	Database driver: MySQL Connector/J
	Database dialect: MySQLDialect
	Database version: 8.0.46
	Default catalog/schema: dealspot_test/undefined
	Autocommit mode: undefined/unknown
	Isolation level: REPEATABLE_READ [default REPEATABLE_READ]
	JDBC fetch size: none
	Pool: DataSourceConnectionProvider
	Minimum pool size: undefined/unknown
	Maximum pool size: undefined/unknown
2026-09-15 12:59:21.119  INFO 13736 --- [NA] [userId=anonymous] [  restartedMain] org.hibernate.orm.core                   : HHH000489: No JTA platform available (set 'hibernate.transaction.jta.platform' to enable JTA platform integration)
2026-09-15 12:59:21.119  INFO 13736 --- [NA] [userId=anonymous] [  restartedMain] org.hibernate.orm.jdbc.batch             : HHH100501: Automatic JDBC statement batching enabled (maximum batch size 500)
2026-09-15 12:59:21.322  INFO 13736 --- [NA] [userId=anonymous] [  restartedMain] j.LocalContainerEntityManagerFactoryBean : Initialized JPA EntityManagerFactory for persistence unit 'default'
2026-09-15 12:59:21.504 DEBUG 13736 --- [NA] [userId=anonymous] [  restartedMain] c.b.d.security.JwtAuthenticationFilter   : Filter 'jwtAuthenticationFilter' configured for use
2026-09-15 12:59:21.504 DEBUG 13736 --- [NA] [userId=anonymous] [  restartedMain] c.b.d.config.RequestLoggingFilter        : Filter 'requestLoggingFilter' configured for use
2026-09-15 12:59:22.247  WARN 13736 --- [NA] [userId=anonymous] [  restartedMain] JpaBaseConfiguration$JpaWebConfiguration : spring.jpa.open-in-view is enabled by default. Therefore, database queries may be performed during view rendering. Explicitly configure spring.jpa.open-in-view to disable this warning
2026-09-15 12:59:22.770  INFO 13736 --- [NA] [userId=anonymous] [  restartedMain] o.s.boot.tomcat.TomcatWebServer          : Tomcat started on port 8080 (http) with context path '/'
2026-09-15 12:59:22.773  INFO 13736 --- [NA] [userId=anonymous] [  restartedMain] c.backend.dealspot.DealspotApplication   : Started DealspotApplication in 8.379 seconds (process running for 662.132)
2026-09-15 12:59:23.035  INFO 13736 --- [NA] [userId=anonymous] [  restartedMain] .ConditionEvaluationDeltaLoggingListener : Condition evaluation unchanged
2026-09-15 12:59:53.319  INFO 13736 --- [NA] [userId=anonymous] [0.0-8080-exec-1] o.a.c.c.C.[Tomcat].[localhost].[/]       : Initializing Spring DispatcherServlet 'dispatcherServlet'
2026-09-15 12:59:53.320  INFO 13736 --- [NA] [userId=anonymous] [0.0-8080-exec-1] o.s.web.servlet.DispatcherServlet        : Initializing Servlet 'dispatcherServlet'
2026-09-15 12:59:53.322  INFO 13736 --- [NA] [userId=anonymous] [0.0-8080-exec-1] o.s.web.servlet.DispatcherServlet        : Completed initialization in 2 ms
2026-09-15 12:59:53.462  INFO 13736 --- [c53ed86d] [userId=anonymous] [0.0-8080-exec-1] c.b.d.config.RequestLoggingFilter        : method=GET uri=/api/dealspot/offers/fetch-all-offers status=200 duration=139ms
2026-09-15 12:59:53.486 DEBUG 13736 --- [d809c0f1] [userId=anonymous] [0.0-8080-exec-4] c.b.dealspot.controller.AuthController   : Admin login attempt for email: admin@dealspot.com
2026-09-15 12:59:53.601  INFO 13736 --- [d809c0f1] [userId=anonymous] [0.0-8080-exec-4] c.b.dealspot.controller.AuthController   : Admin login successful for email: admin@dealspot.com
2026-09-15 12:59:53.605  INFO 13736 --- [d809c0f1] [userId=anonymous] [0.0-8080-exec-4] c.b.d.config.RequestLoggingFilter        : method=POST uri=/api/dealspot/auth/admin/login status=200 duration=121ms
2026-09-15 12:59:53.680 DEBUG 13736 --- [cf23c90e] [userId=anonymous] [0.0-8080-exec-2] c.b.dealspot.controller.AuthController   : User login attempt for email: nonexistent@dealspot.com
2026-09-15 12:59:53.695  WARN 13736 --- [cf23c90e] [userId=anonymous] [0.0-8080-exec-2] c.b.d.c.e.GlobalExceptionHandler         : Authentication failed: Invalid email or password
2026-09-15 12:59:53.700  WARN 13736 --- [cf23c90e] [userId=anonymous] [0.0-8080-exec-2] .m.m.a.ExceptionHandlerExceptionResolver : Resolved [org.springframework.security.authentication.BadCredentialsException: Invalid email or password]
2026-09-15 12:59:53.701  INFO 13736 --- [cf23c90e] [userId=anonymous] [0.0-8080-exec-2] c.b.d.config.RequestLoggingFilter        : method=POST uri=/api/dealspot/auth/user/login status=401 duration=22ms
2026-09-15 12:59:53.730  INFO 13736 --- [97a42ad0] [userId=anonymous] [0.0-8080-exec-3] c.b.dealspot.controller.AuthController   : Received user registration request for email: admin@dealspot.com
2026-09-15 12:59:53.851  INFO 13736 --- [97a42ad0] [userId=anonymous] [0.0-8080-exec-3] c.b.dealspot.controller.AuthController   : User registered successfully with email: admin@dealspot.com
2026-09-15 12:59:53.853  INFO 13736 --- [97a42ad0] [userId=anonymous] [0.0-8080-exec-3] c.b.d.config.RequestLoggingFilter        : method=POST uri=/api/dealspot/auth/user/register status=200 duration=125ms
2026-09-15 12:59:53.902 DEBUG 13736 --- [97383ca9] [userId=1] [0.0-8080-exec-5] c.b.d.security.JwtAuthenticationFilter   : Authenticated user ID [1] with role(s) [[ROLE_SUPER_ADMIN]] for URI [/api/dealspot/admin/audit-logs]
2026-09-15 12:59:53.948  WARN 13736 --- [97383ca9] [userId=1] [0.0-8080-exec-5] c.b.d.c.e.GlobalExceptionHandler         : Business runtime exception: Unimplemented method 'fromEntity'
2026-09-15 12:59:53.949  WARN 13736 --- [97383ca9] [userId=1] [0.0-8080-exec-5] .m.m.a.ExceptionHandlerExceptionResolver : Resolved [java.lang.UnsupportedOperationException: Unimplemented method 'fromEntity']
2026-09-15 12:59:53.950  INFO 13736 --- [97383ca9] [userId=1] [0.0-8080-exec-5] c.b.d.config.RequestLoggingFilter        : method=GET uri=/api/dealspot/admin/audit-logs status=400 duration=87ms
2026-09-15 13:00:10.500  INFO 13736 --- [NA] [userId=anonymous] [   File Watcher] rtingClassPathChangeChangedEventListener : Restarting due to 1 class path change (0 additions, 0 deletions, 1 modification)
2026-09-15 13:00:10.501  INFO 13736 --- [NA] [userId=anonymous] [       Thread-9] o.s.boot.tomcat.GracefulShutdown         : Commencing graceful shutdown. Waiting for active requests to complete
2026-09-15 13:00:10.510  INFO 13736 --- [NA] [userId=anonymous] [tomcat-shutdown] o.s.boot.tomcat.GracefulShutdown         : Graceful shutdown complete
2026-09-15 13:00:10.514  INFO 13736 --- [NA] [userId=anonymous] [       Thread-9] j.LocalContainerEntityManagerFactoryBean : Closing JPA EntityManagerFactory for persistence unit 'default'
2026-09-15 13:00:10.514  INFO 13736 --- [NA] [userId=anonymous] [       Thread-9] com.zaxxer.hikari.HikariDataSource       : HikariPool-3 - Shutdown initiated...
2026-09-15 13:00:10.516  INFO 13736 --- [NA] [userId=anonymous] [       Thread-9] com.zaxxer.hikari.HikariDataSource       : HikariPool-3 - Shutdown completed.
2026-09-15 13:00:10.627  INFO 13736 --- [NA] [userId=anonymous] [  restartedMain] c.backend.dealspot.DealspotApplication   : Starting DealspotApplication using Java 26.0.1 with PID 13736 (C:\Users\User\Desktop\DEVELOPMENT PROJECTS\DEALSPOT\SPRINGBOOT\target\classes started by User in C:\Users\User\Desktop\DEVELOPMENT PROJECTS\DEALSPOT\SPRINGBOOT)
2026-09-15 13:00:10.628 DEBUG 13736 --- [NA] [userId=anonymous] [  restartedMain] c.backend.dealspot.DealspotApplication   : Running with Spring Boot v4.0.6, Spring v7.0.7
2026-09-15 13:00:10.628  INFO 13736 --- [NA] [userId=anonymous] [  restartedMain] c.backend.dealspot.DealspotApplication   : No active profile set, falling back to 1 default profile: "default"
2026-09-15 13:00:11.038  INFO 13736 --- [NA] [userId=anonymous] [  restartedMain] .s.d.r.c.RepositoryConfigurationDelegate : Bootstrapping Spring Data JPA repositories in DEFAULT mode.
2026-09-15 13:00:11.298  INFO 13736 --- [NA] [userId=anonymous] [  restartedMain] .s.d.r.c.RepositoryConfigurationDelegate : Finished Spring Data repository scanning in 254 ms. Found 22 JPA repository interfaces.
2026-09-15 13:00:11.857  INFO 13736 --- [NA] [userId=anonymous] [  restartedMain] o.s.boot.tomcat.TomcatWebServer          : Tomcat initialized with port 8080 (http)
2026-09-15 13:00:11.860  INFO 13736 --- [NA] [userId=anonymous] [  restartedMain] o.apache.catalina.core.StandardService   : Starting service [Tomcat]
2026-09-15 13:00:11.861  INFO 13736 --- [NA] [userId=anonymous] [  restartedMain] o.apache.catalina.core.StandardEngine    : Starting Servlet engine: [Apache Tomcat/11.0.21]
2026-09-15 13:00:11.919  INFO 13736 --- [NA] [userId=anonymous] [  restartedMain] b.w.c.s.WebApplicationContextInitializer : Root WebApplicationContext: initialization completed in 1289 ms
2026-09-15 13:00:12.104  INFO 13736 --- [NA] [userId=anonymous] [  restartedMain] org.hibernate.orm.jpa                    : HHH008540: Processing PersistenceUnitInfo [name: default]
2026-09-15 13:00:12.224  INFO 13736 --- [NA] [userId=anonymous] [  restartedMain] o.s.o.j.p.SpringPersistenceUnitInfo      : No LoadTimeWeaver setup: ignoring JPA class transformer
2026-09-15 13:00:12.231  INFO 13736 --- [NA] [userId=anonymous] [  restartedMain] com.zaxxer.hikari.HikariDataSource       : HikariPool-4 - Starting...
2026-09-15 13:00:17.214  INFO 13736 --- [NA] [userId=anonymous] [  restartedMain] com.zaxxer.hikari.pool.HikariPool        : HikariPool-4 - Added connection com.mysql.cj.jdbc.ConnectionImpl@4e07fc85
2026-09-15 13:00:17.214  INFO 13736 --- [NA] [userId=anonymous] [  restartedMain] com.zaxxer.hikari.HikariDataSource       : HikariPool-4 - Start completed.
2026-09-15 13:00:17.221  INFO 13736 --- [NA] [userId=anonymous] [  restartedMain] org.hibernate.orm.connections.pooling    : HHH10001005: Database info:
	Database JDBC URL [jdbc:mysql://192.168.1.110:3306/dealspot_test?useSSL=false&serverTimezone=UTC]
	Database driver: MySQL Connector/J
	Database dialect: MySQLDialect
	Database version: 8.0.46
	Default catalog/schema: dealspot_test/undefined
	Autocommit mode: undefined/unknown
	Isolation level: REPEATABLE_READ [default REPEATABLE_READ]
	JDBC fetch size: none
	Pool: DataSourceConnectionProvider
	Minimum pool size: undefined/unknown
	Maximum pool size: undefined/unknown
2026-09-15 13:00:17.761  INFO 13736 --- [NA] [userId=anonymous] [  restartedMain] org.hibernate.orm.core                   : HHH000489: No JTA platform available (set 'hibernate.transaction.jta.platform' to enable JTA platform integration)
2026-09-15 13:00:17.762  INFO 13736 --- [NA] [userId=anonymous] [  restartedMain] org.hibernate.orm.jdbc.batch             : HHH100501: Automatic JDBC statement batching enabled (maximum batch size 500)
2026-09-15 13:00:17.969  INFO 13736 --- [NA] [userId=anonymous] [  restartedMain] j.LocalContainerEntityManagerFactoryBean : Initialized JPA EntityManagerFactory for persistence unit 'default'
2026-09-15 13:00:18.195 DEBUG 13736 --- [NA] [userId=anonymous] [  restartedMain] c.b.d.security.JwtAuthenticationFilter   : Filter 'jwtAuthenticationFilter' configured for use
2026-09-15 13:00:18.195 DEBUG 13736 --- [NA] [userId=anonymous] [  restartedMain] c.b.d.config.RequestLoggingFilter        : Filter 'requestLoggingFilter' configured for use
2026-09-15 13:00:19.331  WARN 13736 --- [NA] [userId=anonymous] [  restartedMain] JpaBaseConfiguration$JpaWebConfiguration : spring.jpa.open-in-view is enabled by default. Therefore, database queries may be performed during view rendering. Explicitly configure spring.jpa.open-in-view to disable this warning
2026-09-15 13:00:19.823  INFO 13736 --- [NA] [userId=anonymous] [  restartedMain] o.s.boot.tomcat.TomcatWebServer          : Tomcat started on port 8080 (http) with context path '/'
2026-09-15 13:00:19.826  INFO 13736 --- [NA] [userId=anonymous] [  restartedMain] c.backend.dealspot.DealspotApplication   : Started DealspotApplication in 9.224 seconds (process running for 719.184)
2026-09-15 13:00:19.885  INFO 13736 --- [NA] [userId=anonymous] [  restartedMain] .ConditionEvaluationDeltaLoggingListener : Condition evaluation unchanged
2026-09-15 13:01:12.505  INFO 13736 --- [NA] [userId=anonymous] [0.0-8080-exec-1] o.a.c.c.C.[Tomcat].[localhost].[/]       : Initializing Spring DispatcherServlet 'dispatcherServlet'
2026-09-15 13:01:12.505  INFO 13736 --- [NA] [userId=anonymous] [0.0-8080-exec-1] o.s.web.servlet.DispatcherServlet        : Initializing Servlet 'dispatcherServlet'
2026-09-15 13:01:12.507  INFO 13736 --- [NA] [userId=anonymous] [0.0-8080-exec-1] o.s.web.servlet.DispatcherServlet        : Completed initialization in 2 ms
2026-09-15 13:01:12.801  INFO 13736 --- [a5486ae3] [userId=anonymous] [0.0-8080-exec-1] c.b.d.config.RequestLoggingFilter        : method=GET uri=/api/dealspot/offers/fetch-all-offers status=200 duration=294ms
2026-09-15 13:01:12.821 DEBUG 13736 --- [f8456bde] [userId=anonymous] [0.0-8080-exec-2] c.b.dealspot.controller.AuthController   : Admin login attempt for email: admin@dealspot.com
2026-09-15 13:01:12.935  INFO 13736 --- [f8456bde] [userId=anonymous] [0.0-8080-exec-2] c.b.dealspot.controller.AuthController   : Admin login successful for email: admin@dealspot.com
2026-09-15 13:01:12.942  INFO 13736 --- [f8456bde] [userId=anonymous] [0.0-8080-exec-2] c.b.d.config.RequestLoggingFilter        : method=POST uri=/api/dealspot/auth/admin/login status=200 duration=124ms
2026-09-15 13:01:13.017 DEBUG 13736 --- [eb9accf0] [userId=anonymous] [0.0-8080-exec-3] c.b.dealspot.controller.AuthController   : User login attempt for email: nonexistent@dealspot.com
2026-09-15 13:01:13.038  WARN 13736 --- [eb9accf0] [userId=anonymous] [0.0-8080-exec-3] c.b.d.c.e.GlobalExceptionHandler         : Authentication failed: Invalid email or password
2026-09-15 13:01:13.042  WARN 13736 --- [eb9accf0] [userId=anonymous] [0.0-8080-exec-3] .m.m.a.ExceptionHandlerExceptionResolver : Resolved [org.springframework.security.authentication.BadCredentialsException: Invalid email or password]
2026-09-15 13:01:13.043  INFO 13736 --- [eb9accf0] [userId=anonymous] [0.0-8080-exec-3] c.b.d.config.RequestLoggingFilter        : method=POST uri=/api/dealspot/auth/user/login status=401 duration=28ms
2026-09-15 13:01:13.068  INFO 13736 --- [2f1b9109] [userId=anonymous] [0.0-8080-exec-7] c.b.dealspot.controller.AuthController   : Received user registration request for email: admin@dealspot.com
2026-09-15 13:01:13.094  WARN 13736 --- [2f1b9109] [userId=anonymous] [0.0-8080-exec-7] c.b.d.c.e.GlobalExceptionHandler         : Business runtime exception: Email already exists
2026-09-15 13:01:13.094  WARN 13736 --- [2f1b9109] [userId=anonymous] [0.0-8080-exec-7] .m.m.a.ExceptionHandlerExceptionResolver : Resolved [java.lang.RuntimeException: Email already exists]
2026-09-15 13:01:13.095  INFO 13736 --- [2f1b9109] [userId=anonymous] [0.0-8080-exec-7] c.b.d.config.RequestLoggingFilter        : method=POST uri=/api/dealspot/auth/user/register status=400 duration=30ms
2026-09-15 13:01:13.144 DEBUG 13736 --- [6a86afd1] [userId=1] [0.0-8080-exec-4] c.b.d.security.JwtAuthenticationFilter   : Authenticated user ID [1] with role(s) [[ROLE_SUPER_ADMIN]] for URI [/api/dealspot/admin/audit-logs]
2026-09-15 13:01:13.185  WARN 13736 --- [6a86afd1] [userId=1] [0.0-8080-exec-4] ration$PageModule$WarningLoggingModifier : Serializing PageImpl instances as-is is not supported, meaning that there is no guarantee about the stability of the resulting JSON structure!
	For a stable JSON structure, please use Spring Data's PagedModel (globally via @EnableSpringDataWebSupport(pageSerializationMode = VIA_DTO))
	or Spring HATEOAS and Spring Data's PagedResourcesAssembler as documented in https://docs.spring.io/spring-data/commons/reference/repositories/core-extensions.html#core.web.pageables.

2026-09-15 13:01:13.195  INFO 13736 --- [6a86afd1] [userId=1] [0.0-8080-exec-4] c.b.d.config.RequestLoggingFilter        : method=GET uri=/api/dealspot/admin/audit-logs status=200 duration=86ms
2026-09-15 13:01:34.468 DEBUG 13736 --- [39cd6fa7] [userId=anonymous] [0.0-8080-exec-8] c.b.dealspot.controller.AuthController   : Admin login attempt for email: admin@dealspot.com
2026-09-15 13:01:34.576  INFO 13736 --- [39cd6fa7] [userId=anonymous] [0.0-8080-exec-8] c.b.dealspot.controller.AuthController   : Admin login successful for email: admin@dealspot.com
2026-09-15 13:01:34.577  INFO 13736 --- [39cd6fa7] [userId=anonymous] [0.0-8080-exec-8] c.b.d.config.RequestLoggingFilter        : method=POST uri=/api/dealspot/auth/admin/login status=200 duration=111ms
2026-09-15 13:01:34.656 DEBUG 13736 --- [FAIL-5a9164ef] [userId=anonymous] [0.0-8080-exec-5] c.b.dealspot.controller.AuthController   : User login attempt for email: audit_failure_test@dealspot.com
2026-09-15 13:01:34.678  WARN 13736 --- [FAIL-5a9164ef] [userId=anonymous] [0.0-8080-exec-5] c.b.d.c.e.GlobalExceptionHandler         : Authentication failed: Invalid email or password
2026-09-15 13:01:34.679  WARN 13736 --- [FAIL-5a9164ef] [userId=anonymous] [0.0-8080-exec-5] .m.m.a.ExceptionHandlerExceptionResolver : Resolved [org.springframework.security.authentication.BadCredentialsException: Invalid email or password]
2026-09-15 13:01:34.680  INFO 13736 --- [FAIL-5a9164ef] [userId=anonymous] [0.0-8080-exec-5] c.b.d.config.RequestLoggingFilter        : method=POST uri=/api/dealspot/auth/user/login status=401 duration=25ms
2026-09-15 13:01:34.703  INFO 13736 --- [DUP-13de6bb5] [userId=anonymous] [.0-8080-exec-10] c.b.dealspot.controller.AuthController   : Received user registration request for email: admin@dealspot.com
2026-09-15 13:01:34.716  WARN 13736 --- [DUP-13de6bb5] [userId=anonymous] [.0-8080-exec-10] c.b.d.c.e.GlobalExceptionHandler         : Business runtime exception: Email already exists
2026-09-15 13:01:34.717  WARN 13736 --- [DUP-13de6bb5] [userId=anonymous] [.0-8080-exec-10] .m.m.a.ExceptionHandlerExceptionResolver : Resolved [java.lang.RuntimeException: Email already exists]
2026-09-15 13:01:34.717  INFO 13736 --- [DUP-13de6bb5] [userId=anonymous] [.0-8080-exec-10] c.b.d.config.RequestLoggingFilter        : method=POST uri=/api/dealspot/auth/user/register status=400 duration=15ms
2026-09-15 13:01:35.752 DEBUG 13736 --- [c92908a5] [userId=1] [0.0-8080-exec-9] c.b.d.security.JwtAuthenticationFilter   : Authenticated user ID [1] with role(s) [[ROLE_SUPER_ADMIN]] for URI [/api/dealspot/admin/audit-logs]
2026-09-15 13:01:35.778  INFO 13736 --- [c92908a5] [userId=1] [0.0-8080-exec-9] c.b.d.config.RequestLoggingFilter        : method=GET uri=/api/dealspot/admin/audit-logs?size=10 status=200 duration=35ms
2026-09-15 13:02:09.208 DEBUG 13736 --- [7c571fcb] [userId=anonymous] [0.0-8080-exec-2] c.b.dealspot.controller.AuthController   : Admin login attempt for email: admin@dealspot.com
2026-09-15 13:02:09.352  INFO 13736 --- [7c571fcb] [userId=anonymous] [0.0-8080-exec-2] c.b.dealspot.controller.AuthController   : Admin login successful for email: admin@dealspot.com
2026-09-15 13:02:09.354  INFO 13736 --- [7c571fcb] [userId=anonymous] [0.0-8080-exec-2] c.b.d.config.RequestLoggingFilter        : method=POST uri=/api/dealspot/auth/admin/login status=200 duration=147ms
2026-09-15 13:02:09.435 DEBUG 13736 --- [f074eb78] [userId=1] [0.0-8080-exec-3] c.b.d.security.JwtAuthenticationFilter   : Authenticated user ID [1] with role(s) [[ROLE_SUPER_ADMIN]] for URI [/api/dealspot/admin/audit-logs]
2026-09-15 13:02:09.449  INFO 13736 --- [f074eb78] [userId=1] [0.0-8080-exec-3] c.b.d.config.RequestLoggingFilter        : method=GET uri=/api/dealspot/admin/audit-logs?page=0&size=50 status=200 duration=21ms
2026-09-15 13:02:50.034  INFO 12804 --- [NA] [userId=anonymous] [  restartedMain] c.backend.dealspot.DealspotApplication   : Starting DealspotApplication using Java 26.0.1 with PID 12804 (C:\Users\User\Desktop\DEVELOPMENT PROJECTS\DEALSPOT\SPRINGBOOT\target\classes started by User in C:\Users\User\Desktop\DEVELOPMENT PROJECTS\DEALSPOT\SPRINGBOOT)
2026-09-15 13:02:50.037 DEBUG 12804 --- [NA] [userId=anonymous] [  restartedMain] c.backend.dealspot.DealspotApplication   : Running with Spring Boot v4.0.6, Spring v7.0.7
2026-09-15 13:02:50.039  INFO 12804 --- [NA] [userId=anonymous] [  restartedMain] c.backend.dealspot.DealspotApplication   : No active profile set, falling back to 1 default profile: "default"
2026-09-15 13:02:50.097  INFO 12804 --- [NA] [userId=anonymous] [  restartedMain] .e.DevToolsPropertyDefaultsPostProcessor : Devtools property defaults active! Set 'spring.devtools.add-properties' to 'false' to disable
2026-09-15 13:02:50.098  INFO 12804 --- [NA] [userId=anonymous] [  restartedMain] .e.DevToolsPropertyDefaultsPostProcessor : For additional web related logging consider setting the 'logging.level.web' property to 'DEBUG'
2026-09-15 13:02:51.111  INFO 12804 --- [NA] [userId=anonymous] [  restartedMain] .s.d.r.c.RepositoryConfigurationDelegate : Bootstrapping Spring Data JPA repositories in DEFAULT mode.
2026-09-15 13:02:51.262  INFO 12804 --- [NA] [userId=anonymous] [  restartedMain] .s.d.r.c.RepositoryConfigurationDelegate : Finished Spring Data repository scanning in 141 ms. Found 22 JPA repository interfaces.
2026-09-15 13:02:52.097  INFO 12804 --- [NA] [userId=anonymous] [  restartedMain] o.s.boot.tomcat.TomcatWebServer          : Tomcat initialized with port 8080 (http)
2026-09-15 13:02:52.110  INFO 12804 --- [NA] [userId=anonymous] [  restartedMain] o.apache.catalina.core.StandardService   : Starting service [Tomcat]
2026-09-15 13:02:52.111  INFO 12804 --- [NA] [userId=anonymous] [  restartedMain] o.apache.catalina.core.StandardEngine    : Starting Servlet engine: [Apache Tomcat/11.0.21]
2026-09-15 13:02:52.181  INFO 12804 --- [NA] [userId=anonymous] [  restartedMain] b.w.c.s.WebApplicationContextInitializer : Root WebApplicationContext: initialization completed in 2082 ms
2026-09-15 13:02:52.368  INFO 12804 --- [NA] [userId=anonymous] [  restartedMain] org.hibernate.orm.jpa                    : HHH008540: Processing PersistenceUnitInfo [name: default]
2026-09-15 13:02:52.432  INFO 12804 --- [NA] [userId=anonymous] [  restartedMain] org.hibernate.orm.core                   : HHH000001: Hibernate ORM core version 7.2.12.Final
2026-09-15 13:02:52.958  INFO 12804 --- [NA] [userId=anonymous] [  restartedMain] o.s.o.j.p.SpringPersistenceUnitInfo      : No LoadTimeWeaver setup: ignoring JPA class transformer
2026-09-15 13:02:52.991  INFO 12804 --- [NA] [userId=anonymous] [  restartedMain] com.zaxxer.hikari.HikariDataSource       : HikariPool-1 - Starting...
2026-09-15 13:02:58.129  INFO 12804 --- [NA] [userId=anonymous] [  restartedMain] com.zaxxer.hikari.pool.HikariPool        : HikariPool-1 - Added connection com.mysql.cj.jdbc.ConnectionImpl@20edbf0f
2026-09-15 13:02:58.136  INFO 12804 --- [NA] [userId=anonymous] [  restartedMain] com.zaxxer.hikari.HikariDataSource       : HikariPool-1 - Start completed.
2026-09-15 13:02:58.226  INFO 12804 --- [NA] [userId=anonymous] [  restartedMain] org.hibernate.orm.connections.pooling    : HHH10001005: Database info:
	Database JDBC URL [jdbc:mysql://192.168.1.110:3306/dealspot_test?useSSL=false&serverTimezone=UTC]
	Database driver: MySQL Connector/J
	Database dialect: MySQLDialect
	Database version: 8.0.46
	Default catalog/schema: dealspot_test/undefined
	Autocommit mode: undefined/unknown
	Isolation level: REPEATABLE_READ [default REPEATABLE_READ]
	JDBC fetch size: none
	Pool: DataSourceConnectionProvider
	Minimum pool size: undefined/unknown
	Maximum pool size: undefined/unknown
2026-09-15 13:02:59.676  INFO 12804 --- [NA] [userId=anonymous] [  restartedMain] org.hibernate.orm.core                   : HHH000489: No JTA platform available (set 'hibernate.transaction.jta.platform' to enable JTA platform integration)
2026-09-15 13:02:59.682  INFO 12804 --- [NA] [userId=anonymous] [  restartedMain] org.hibernate.orm.jdbc.batch             : HHH100501: Automatic JDBC statement batching enabled (maximum batch size 500)
2026-09-15 13:02:59.957  INFO 12804 --- [NA] [userId=anonymous] [  restartedMain] j.LocalContainerEntityManagerFactoryBean : Initialized JPA EntityManagerFactory for persistence unit 'default'
2026-09-15 13:03:00.042  INFO 12804 --- [NA] [userId=anonymous] [  restartedMain] o.s.d.j.r.query.QueryEnhancerFactories   : Hibernate is in classpath; If applicable, HQL parser will be used.
2026-09-15 13:03:00.698 DEBUG 12804 --- [NA] [userId=anonymous] [  restartedMain] c.b.d.security.JwtAuthenticationFilter   : Filter 'jwtAuthenticationFilter' configured for use
2026-09-15 13:03:00.699 DEBUG 12804 --- [NA] [userId=anonymous] [  restartedMain] c.b.d.config.RequestLoggingFilter        : Filter 'requestLoggingFilter' configured for use
2026-09-15 13:03:03.157  WARN 12804 --- [NA] [userId=anonymous] [  restartedMain] JpaBaseConfiguration$JpaWebConfiguration : spring.jpa.open-in-view is enabled by default. Therefore, database queries may be performed during view rendering. Explicitly configure spring.jpa.open-in-view to disable this warning
2026-09-15 13:03:04.009  INFO 12804 --- [NA] [userId=anonymous] [  restartedMain] o.s.boot.tomcat.TomcatWebServer          : Tomcat started on port 8080 (http) with context path '/'
2026-09-15 13:03:04.017  INFO 12804 --- [NA] [userId=anonymous] [  restartedMain] c.backend.dealspot.DealspotApplication   : Started DealspotApplication in 14.474 seconds (process running for 15.161)
2026-09-15 13:05:00.621  INFO 12804 --- [NA] [userId=anonymous] [0.0-8080-exec-1] o.a.c.c.C.[Tomcat].[localhost].[/]       : Initializing Spring DispatcherServlet 'dispatcherServlet'
2026-09-15 13:05:00.622  INFO 12804 --- [NA] [userId=anonymous] [0.0-8080-exec-1] o.s.web.servlet.DispatcherServlet        : Initializing Servlet 'dispatcherServlet'
2026-09-15 13:05:00.625  INFO 12804 --- [NA] [userId=anonymous] [0.0-8080-exec-1] o.s.web.servlet.DispatcherServlet        : Completed initialization in 3 ms
2026-09-15 13:05:00.736 DEBUG 12804 --- [e7106bd8] [userId=anonymous] [0.0-8080-exec-1] c.b.dealspot.controller.AuthController   : Admin login attempt for email: admin@dealspot.com
2026-09-15 13:05:01.005  INFO 12804 --- [e7106bd8] [userId=anonymous] [0.0-8080-exec-1] c.b.dealspot.controller.AuthController   : Admin login successful for email: admin@dealspot.com
2026-09-15 13:05:01.052  INFO 12804 --- [e7106bd8] [userId=anonymous] [0.0-8080-exec-1] c.b.d.config.RequestLoggingFilter        : method=POST uri=/api/dealspot/auth/admin/login status=200 duration=424ms
2026-09-15 13:05:01.131 DEBUG 12804 --- [FAIL-f94618e3] [userId=anonymous] [0.0-8080-exec-2] c.b.dealspot.controller.AuthController   : User login attempt for email: audit_failure_test@dealspot.com
2026-09-15 13:05:01.152  WARN 12804 --- [FAIL-f94618e3] [userId=anonymous] [0.0-8080-exec-2] c.b.d.c.e.GlobalExceptionHandler         : Authentication failed: Invalid email or password
2026-09-15 13:05:01.160  WARN 12804 --- [FAIL-f94618e3] [userId=anonymous] [0.0-8080-exec-2] .m.m.a.ExceptionHandlerExceptionResolver : Resolved [org.springframework.security.authentication.BadCredentialsException: Invalid email or password]
2026-09-15 13:05:01.161  INFO 12804 --- [FAIL-f94618e3] [userId=anonymous] [0.0-8080-exec-2] c.b.d.config.RequestLoggingFilter        : method=POST uri=/api/dealspot/auth/user/login status=401 duration=31ms
2026-09-15 13:05:01.188  INFO 12804 --- [DUP-4489919b] [userId=anonymous] [0.0-8080-exec-3] c.b.dealspot.controller.AuthController   : Received user registration request for email: admin@dealspot.com
2026-09-15 13:05:01.217  WARN 12804 --- [DUP-4489919b] [userId=anonymous] [0.0-8080-exec-3] c.b.d.c.e.GlobalExceptionHandler         : Business runtime exception: Email already exists
2026-09-15 13:05:01.219  WARN 12804 --- [DUP-4489919b] [userId=anonymous] [0.0-8080-exec-3] .m.m.a.ExceptionHandlerExceptionResolver : Resolved [java.lang.RuntimeException: Email already exists]
2026-09-15 13:05:01.220  INFO 12804 --- [DUP-4489919b] [userId=anonymous] [0.0-8080-exec-3] c.b.d.config.RequestLoggingFilter        : method=POST uri=/api/dealspot/auth/user/register status=400 duration=41ms
2026-09-15 13:05:02.337 DEBUG 12804 --- [6a763c9e] [userId=1] [0.0-8080-exec-4] c.b.d.security.JwtAuthenticationFilter   : Authenticated user ID [1] with role(s) [[ROLE_SUPER_ADMIN]] for URI [/api/dealspot/admin/audit-logs]
2026-09-15 13:05:02.422  WARN 12804 --- [6a763c9e] [userId=1] [0.0-8080-exec-4] ration$PageModule$WarningLoggingModifier : Serializing PageImpl instances as-is is not supported, meaning that there is no guarantee about the stability of the resulting JSON structure!
	For a stable JSON structure, please use Spring Data's PagedModel (globally via @EnableSpringDataWebSupport(pageSerializationMode = VIA_DTO))
	or Spring HATEOAS and Spring Data's PagedResourcesAssembler as documented in https://docs.spring.io/spring-data/commons/reference/repositories/core-extensions.html#core.web.pageables.

2026-09-15 13:05:02.435  INFO 12804 --- [6a763c9e] [userId=1] [0.0-8080-exec-4] c.b.d.config.RequestLoggingFilter        : method=GET uri=/api/dealspot/admin/audit-logs?size=10 status=200 duration=191ms
2026-09-15 13:51:13.141 DEBUG 12804 --- [bc87f0a3] [userId=anonymous] [0.0-8080-exec-6] c.b.dealspot.controller.AuthController   : Admin login attempt for email: admin@dealspot.com
2026-09-15 13:51:13.257  INFO 12804 --- [bc87f0a3] [userId=anonymous] [0.0-8080-exec-6] c.b.dealspot.controller.AuthController   : Admin login successful for email: admin@dealspot.com
2026-09-15 13:51:13.259  INFO 12804 --- [bc87f0a3] [userId=anonymous] [0.0-8080-exec-6] c.b.d.config.RequestLoggingFilter        : method=POST uri=/api/dealspot/auth/admin/login status=200 duration=121ms
2026-09-15 13:51:13.336 DEBUG 12804 --- [284fa52e] [userId=1] [0.0-8080-exec-7] c.b.d.security.JwtAuthenticationFilter   : Authenticated user ID [1] with role(s) [[ROLE_SUPER_ADMIN]] for URI [/api/dealspot/admin/audit-logs]
2026-09-15 13:51:13.368  INFO 12804 --- [284fa52e] [userId=1] [0.0-8080-exec-7] c.b.d.config.RequestLoggingFilter        : method=GET uri=/api/dealspot/admin/audit-logs?page=0&size=50 status=200 duration=41ms
2026-09-15 13:51:30.328  INFO 12804 --- [62c2fdbe] [userId=anonymous] [0.0-8080-exec-9] c.b.d.config.RequestLoggingFilter        : method=OPTIONS uri=/api/dealspot/auth/admin/login status=200 duration=11ms
2026-09-15 13:51:30.336 DEBUG 12804 --- [7a52cb15] [userId=anonymous] [.0-8080-exec-10] c.b.dealspot.controller.AuthController   : Admin login attempt for email: admin@1
2026-09-15 13:51:30.444  INFO 12804 --- [7a52cb15] [userId=anonymous] [.0-8080-exec-10] c.b.dealspot.controller.AuthController   : Admin login successful for email: admin@1
2026-09-15 13:51:30.446  INFO 12804 --- [7a52cb15] [userId=anonymous] [.0-8080-exec-10] c.b.d.config.RequestLoggingFilter        : method=POST uri=/api/dealspot/auth/admin/login status=200 duration=114ms
2026-09-15 13:51:30.983  INFO 12804 --- [e6bc6452] [userId=anonymous] [0.0-8080-exec-1] c.b.d.config.RequestLoggingFilter        : method=OPTIONS uri=/api/dealspot/notifications/unread-count status=200 duration=5ms
2026-09-15 13:51:30.985  INFO 12804 --- [043ae4d7] [userId=anonymous] [0.0-8080-exec-2] c.b.d.config.RequestLoggingFilter        : method=OPTIONS uri=/api/dealspot/notifications/my?page=0&size=5 status=200 duration=1ms
2026-09-15 13:51:31.004  INFO 12804 --- [63687115] [userId=anonymous] [0.0-8080-exec-6] c.b.d.config.RequestLoggingFilter        : method=OPTIONS uri=/api/dealspot/offers/fetch-all-offers?includeExpired=true status=200 duration=1ms
2026-09-15 13:51:31.007  INFO 12804 --- [0adf8301] [userId=anonymous] [0.0-8080-exec-6] c.b.d.config.RequestLoggingFilter        : method=OPTIONS uri=/api/flyers/fetch-all-flyers status=200 duration=1ms
2026-09-15 13:51:31.008  INFO 12804 --- [ba9d3940] [userId=anonymous] [0.0-8080-exec-8] c.b.d.config.RequestLoggingFilter        : method=OPTIONS uri=/api/dealspot/stores/fetch-all-stores status=200 duration=3ms
2026-09-15 13:51:31.010  INFO 12804 --- [a9ebb2a9] [userId=anonymous] [0.0-8080-exec-6] c.b.d.config.RequestLoggingFilter        : method=OPTIONS uri=/api/dealspot/admin/partner-requests?status=PENDING status=200 duration=2ms
2026-09-15 13:51:31.012  INFO 12804 --- [2fadc4bb] [userId=anonymous] [0.0-8080-exec-6] c.b.d.config.RequestLoggingFilter        : method=OPTIONS uri=/api/coupons/fetch-all status=200 duration=1ms
2026-09-15 13:51:31.013 DEBUG 12804 --- [75e286f3] [userId=2] [0.0-8080-exec-3] c.b.d.security.JwtAuthenticationFilter   : Authenticated user ID [2] with role(s) [[ROLE_SUPER_ADMIN]] for URI [/api/dealspot/notifications/unread-count]
2026-09-15 13:51:31.014  INFO 12804 --- [a2e7cd3a] [userId=anonymous] [0.0-8080-exec-8] c.b.d.config.RequestLoggingFilter        : method=OPTIONS uri=/api/dealspot/admin/audit-logs/recent status=200 duration=2ms
2026-09-15 13:51:31.025 DEBUG 12804 --- [3893c40e] [userId=2] [0.0-8080-exec-4] c.b.d.security.JwtAuthenticationFilter   : Authenticated user ID [2] with role(s) [[ROLE_SUPER_ADMIN]] for URI [/api/dealspot/notifications/my]
2026-09-15 13:51:31.032 DEBUG 12804 --- [019cd21c] [userId=2] [0.0-8080-exec-8] c.b.d.security.JwtAuthenticationFilter   : Authenticated user ID [2] with role(s) [[ROLE_SUPER_ADMIN]] for URI [/api/dealspot/admin/partner-requests]
2026-09-15 13:51:31.033 DEBUG 12804 --- [624ec380] [userId=2] [0.0-8080-exec-6] c.b.d.security.JwtAuthenticationFilter   : Authenticated user ID [2] with role(s) [[ROLE_SUPER_ADMIN]] for URI [/api/dealspot/stores/fetch-all-stores]
2026-09-15 13:51:31.045 DEBUG 12804 --- [de820397] [userId=2] [0.0-8080-exec-1] c.b.d.security.JwtAuthenticationFilter   : Authenticated user ID [2] with role(s) [[ROLE_SUPER_ADMIN]] for URI [/api/dealspot/offers/fetch-all-offers]
2026-09-15 13:51:31.051 DEBUG 12804 --- [6b3fce7d] [userId=2] [0.0-8080-exec-2] c.b.d.security.JwtAuthenticationFilter   : Authenticated user ID [2] with role(s) [[ROLE_SUPER_ADMIN]] for URI [/api/flyers/fetch-all-flyers]
2026-09-15 13:51:31.084  INFO 12804 --- [75e286f3] [userId=2] [0.0-8080-exec-3] c.b.d.config.RequestLoggingFilter        : method=GET uri=/api/dealspot/notifications/unread-count status=200 duration=97ms
2026-09-15 13:51:31.093  INFO 12804 --- [3893c40e] [userId=2] [0.0-8080-exec-4] c.b.d.config.RequestLoggingFilter        : method=GET uri=/api/dealspot/notifications/my?page=0&size=5 status=200 duration=102ms
2026-09-15 13:51:31.093  INFO 12804 --- [019cd21c] [userId=2] [0.0-8080-exec-8] c.b.d.config.RequestLoggingFilter        : method=GET uri=/api/dealspot/admin/partner-requests?status=PENDING status=200 duration=73ms
2026-09-15 13:51:31.116 DEBUG 12804 --- [edd43609] [userId=2] [0.0-8080-exec-5] c.b.d.security.JwtAuthenticationFilter   : Authenticated user ID [2] with role(s) [[ROLE_SUPER_ADMIN]] for URI [/api/dealspot/admin/audit-logs/recent]
2026-09-15 13:51:31.121 DEBUG 12804 --- [ea04ad87] [userId=2] [0.0-8080-exec-7] c.b.d.security.JwtAuthenticationFilter   : Authenticated user ID [2] with role(s) [[ROLE_SUPER_ADMIN]] for URI [/api/coupons/fetch-all]
2026-09-15 13:51:31.126  INFO 12804 --- [624ec380] [userId=2] [0.0-8080-exec-6] c.b.d.config.RequestLoggingFilter        : method=GET uri=/api/dealspot/stores/fetch-all-stores status=200 duration=109ms
2026-09-15 13:51:31.167  INFO 12804 --- [edd43609] [userId=2] [0.0-8080-exec-5] c.b.d.config.RequestLoggingFilter        : method=GET uri=/api/dealspot/admin/audit-logs/recent status=200 duration=70ms
2026-09-15 13:51:31.185  INFO 12804 --- [6b3fce7d] [userId=2] [0.0-8080-exec-2] c.b.d.config.RequestLoggingFilter        : method=GET uri=/api/flyers/fetch-all-flyers status=200 duration=167ms
2026-09-15 13:51:31.185  INFO 12804 --- [ea04ad87] [userId=2] [0.0-8080-exec-7] c.b.d.config.RequestLoggingFilter        : method=GET uri=/api/coupons/fetch-all status=200 duration=98ms
2026-09-15 13:51:31.390  INFO 12804 --- [de820397] [userId=2] [0.0-8080-exec-1] c.b.d.config.RequestLoggingFilter        : method=GET uri=/api/dealspot/offers/fetch-all-offers?includeExpired=true status=200 duration=373ms
2026-09-15 13:51:46.419  INFO 12804 --- [NA] [userId=anonymous] [   File Watcher] rtingClassPathChangeChangedEventListener : Restarting due to 161 class path changes (1 addition, 160 deletions, 0 modifications)
2026-09-15 13:51:46.468  INFO 12804 --- [NA] [userId=anonymous] [       Thread-1] o.s.boot.tomcat.GracefulShutdown         : Commencing graceful shutdown. Waiting for active requests to complete
2026-09-15 13:51:47.102  INFO 12804 --- [NA] [userId=anonymous] [tomcat-shutdown] o.s.boot.tomcat.GracefulShutdown         : Graceful shutdown complete
2026-09-15 13:51:47.115  INFO 12804 --- [NA] [userId=anonymous] [       Thread-1] j.LocalContainerEntityManagerFactoryBean : Closing JPA EntityManagerFactory for persistence unit 'default'
2026-09-15 13:51:47.121  INFO 12804 --- [NA] [userId=anonymous] [       Thread-1] com.zaxxer.hikari.HikariDataSource       : HikariPool-1 - Shutdown initiated...
2026-09-15 13:51:47.149  INFO 12804 --- [NA] [userId=anonymous] [       Thread-1] com.zaxxer.hikari.HikariDataSource       : HikariPool-1 - Shutdown completed.
2026-09-15 13:51:47.346  INFO 12804 --- [NA] [userId=anonymous] [  restartedMain] c.backend.dealspot.DealspotApplication   : Starting DealspotApplication using Java 26.0.1 with PID 12804 (C:\Users\User\Desktop\DEVELOPMENT PROJECTS\DEALSPOT\SPRINGBOOT\target\classes started by User in C:\Users\User\Desktop\DEVELOPMENT PROJECTS\DEALSPOT\SPRINGBOOT)
2026-09-15 13:51:47.346 DEBUG 12804 --- [NA] [userId=anonymous] [  restartedMain] c.backend.dealspot.DealspotApplication   : Running with Spring Boot v4.0.6, Spring v7.0.7
2026-09-15 13:51:47.347  INFO 12804 --- [NA] [userId=anonymous] [  restartedMain] c.backend.dealspot.DealspotApplication   : No active profile set, falling back to 1 default profile: "default"
2026-09-15 13:51:47.876  INFO 12804 --- [NA] [userId=anonymous] [  restartedMain] .s.d.r.c.RepositoryConfigurationDelegate : Bootstrapping Spring Data JPA repositories in DEFAULT mode.
2026-09-15 13:51:47.887  INFO 12804 --- [NA] [userId=anonymous] [  restartedMain] .s.d.r.c.RepositoryConfigurationDelegate : Finished Spring Data repository scanning in 10 ms. Found 0 JPA repository interfaces.
2026-09-15 13:51:48.212  INFO 12804 --- [NA] [userId=anonymous] [  restartedMain] o.s.boot.tomcat.TomcatWebServer          : Tomcat initialized with port 8080 (http)
2026-09-15 13:51:48.217  INFO 12804 --- [NA] [userId=anonymous] [  restartedMain] o.apache.catalina.core.StandardService   : Starting service [Tomcat]
2026-09-15 13:51:48.217  INFO 12804 --- [NA] [userId=anonymous] [  restartedMain] o.apache.catalina.core.StandardEngine    : Starting Servlet engine: [Apache Tomcat/11.0.21]
2026-09-15 13:51:48.427  INFO 12804 --- [NA] [userId=anonymous] [  restartedMain] b.w.c.s.WebApplicationContextInitializer : Root WebApplicationContext: initialization completed in 1078 ms
2026-09-15 13:51:48.513 ERROR 12804 --- [NA] [userId=anonymous] [  restartedMain] o.a.catalina.session.StandardManager     : Exception loading sessions from persistent storage

java.lang.ClassNotFoundException: com.backend.dealspot.security.CustomUserPrincipal
	at org.springframework.boot.tomcat.TomcatEmbeddedWebappClassLoader.loadClass(TomcatEmbeddedWebappClassLoader.java:73) ~[spring-boot-tomcat-4.0.6.jar:4.0.6]
	at org.apache.catalina.loader.WebappClassLoaderBase.loadClass(WebappClassLoaderBase.java:1056) ~[tomcat-embed-core-11.0.21.jar:11.0.21]
	at java.base/java.lang.Class.forName0(Native Method) ~[na:na]
	at java.base/java.lang.Class.forName(Class.java:560) ~[na:na]
	at org.apache.catalina.util.CustomObjectInputStream.resolveClass(CustomObjectInputStream.java:146) ~[tomcat-embed-core-11.0.21.jar:11.0.21]
	at java.base/java.io.ObjectInputStream.readNonProxyDesc(ObjectInputStream.java:1912) ~[na:na]
	at java.base/java.io.ObjectInputStream.readClassDesc(ObjectInputStream.java:1785) ~[na:na]
	at java.base/java.io.ObjectInputStream.readOrdinaryObject(ObjectInputStream.java:2101) ~[na:na]
	at java.base/java.io.ObjectInputStream.readObject0(ObjectInputStream.java:1620) ~[na:na]
	at java.base/java.io.ObjectInputStream$FieldValues.<init>(ObjectInputStream.java:2480) ~[na:na]
	at java.base/java.io.ObjectInputStream.readSerialData(ObjectInputStream.java:2327) ~[na:na]
	at java.base/java.io.ObjectInputStream.readOrdinaryObject(ObjectInputStream.java:2133) ~[na:na]
	at java.base/java.io.ObjectInputStream.readObject0(ObjectInputStream.java:1620) ~[na:na]
	at java.base/java.io.ObjectInputStream$FieldValues.<init>(ObjectInputStream.java:2480) ~[na:na]
	at java.base/java.io.ObjectInputStream.readSerialData(ObjectInputStream.java:2327) ~[na:na]
	at java.base/java.io.ObjectInputStream.readOrdinaryObject(ObjectInputStream.java:2133) ~[na:na]
	at java.base/java.io.ObjectInputStream.readObject0(ObjectInputStream.java:1620) ~[na:na]
	at java.base/java.io.ObjectInputStream.readObject(ObjectInputStream.java:487) ~[na:na]
	at java.base/java.io.ObjectInputStream.readObject(ObjectInputStream.java:445) ~[na:na]
	at org.apache.catalina.session.StandardSession.doReadObject(StandardSession.java:1187) ~[tomcat-embed-core-11.0.21.jar:11.0.21]
	at org.apache.catalina.session.StandardSession.readObjectData(StandardSession.java:821) ~[tomcat-embed-core-11.0.21.jar:11.0.21]
	at org.apache.catalina.session.StandardManager.load(StandardManager.java:146) ~[tomcat-embed-core-11.0.21.jar:11.0.21]
	at org.apache.catalina.session.StandardManager.startInternal(StandardManager.java:255) ~[tomcat-embed-core-11.0.21.jar:11.0.21]
	at org.apache.catalina.util.LifecycleBase.start(LifecycleBase.java:164) ~[tomcat-embed-core-11.0.21.jar:11.0.21]
	at org.apache.catalina.core.StandardContext.startInternal(StandardContext.java:4443) ~[tomcat-embed-core-11.0.21.jar:11.0.21]
	at org.apache.catalina.util.LifecycleBase.start(LifecycleBase.java:164) ~[tomcat-embed-core-11.0.21.jar:11.0.21]
	at org.apache.catalina.core.ContainerBase$StartChild.call(ContainerBase.java:1162) ~[tomcat-embed-core-11.0.21.jar:11.0.21]
	at org.apache.catalina.core.ContainerBase$StartChild.call(ContainerBase.java:1158) ~[tomcat-embed-core-11.0.21.jar:11.0.21]
	at java.base/java.util.concurrent.FutureTask.run(FutureTask.java:330) ~[na:na]
	at org.apache.tomcat.util.threads.InlineExecutorService.execute(InlineExecutorService.java:81) ~[tomcat-embed-core-11.0.21.jar:11.0.21]
	at java.base/java.util.concurrent.AbstractExecutorService.submit(AbstractExecutorService.java:149) ~[na:na]
	at org.apache.catalina.core.ContainerBase.startInternal(ContainerBase.java:714) ~[tomcat-embed-core-11.0.21.jar:11.0.21]
	at org.apache.catalina.core.StandardHost.startInternal(StandardHost.java:780) ~[tomcat-embed-core-11.0.21.jar:11.0.21]
	at org.apache.catalina.util.LifecycleBase.start(LifecycleBase.java:164) ~[tomcat-embed-core-11.0.21.jar:11.0.21]
	at org.apache.catalina.core.ContainerBase$StartChild.call(ContainerBase.java:1162) ~[tomcat-embed-core-11.0.21.jar:11.0.21]
	at org.apache.catalina.core.ContainerBase$StartChild.call(ContainerBase.java:1158) ~[tomcat-embed-core-11.0.21.jar:11.0.21]
	at java.base/java.util.concurrent.FutureTask.run(FutureTask.java:330) ~[na:na]
	at org.apache.tomcat.util.threads.InlineExecutorService.execute(InlineExecutorService.java:81) ~[tomcat-embed-core-11.0.21.jar:11.0.21]
	at java.base/java.util.concurrent.AbstractExecutorService.submit(AbstractExecutorService.java:149) ~[na:na]
	at org.apache.catalina.core.ContainerBase.startInternal(ContainerBase.java:714) ~[tomcat-embed-core-11.0.21.jar:11.0.21]
	at org.apache.catalina.core.StandardEngine.startInternal(StandardEngine.java:201) ~[tomcat-embed-core-11.0.21.jar:11.0.21]
	at org.apache.catalina.util.LifecycleBase.start(LifecycleBase.java:164) ~[tomcat-embed-core-11.0.21.jar:11.0.21]
	at org.apache.catalina.core.StandardService.startInternal(StandardService.java:410) ~[tomcat-embed-core-11.0.21.jar:11.0.21]
	at org.apache.catalina.util.LifecycleBase.start(LifecycleBase.java:164) ~[tomcat-embed-core-11.0.21.jar:11.0.21]
	at org.apache.catalina.core.StandardServer.startInternal(StandardServer.java:864) ~[tomcat-embed-core-11.0.21.jar:11.0.21]
	at org.apache.catalina.util.LifecycleBase.start(LifecycleBase.java:164) ~[tomcat-embed-core-11.0.21.jar:11.0.21]
	at org.apache.catalina.startup.Tomcat.start(Tomcat.java:435) ~[tomcat-embed-core-11.0.21.jar:11.0.21]
	at org.springframework.boot.tomcat.TomcatWebServer.initialize(TomcatWebServer.java:131) ~[spring-boot-tomcat-4.0.6.jar:4.0.6]
	at org.springframework.boot.tomcat.TomcatWebServer.<init>(TomcatWebServer.java:110) ~[spring-boot-tomcat-4.0.6.jar:4.0.6]
	at org.springframework.boot.tomcat.servlet.TomcatServletWebServerFactory.getTomcatWebServer(TomcatServletWebServerFactory.java:408) ~[spring-boot-tomcat-4.0.6.jar:4.0.6]
	at org.springframework.boot.tomcat.servlet.TomcatServletWebServerFactory.getWebServer(TomcatServletWebServerFactory.java:166) ~[spring-boot-tomcat-4.0.6.jar:4.0.6]
	at org.springframework.boot.web.server.servlet.context.ServletWebServerApplicationContext.createWebServer(ServletWebServerApplicationContext.java:190) ~[spring-boot-web-server-4.0.6.jar:4.0.6]
	at org.springframework.boot.web.server.servlet.context.ServletWebServerApplicationContext.onRefresh(ServletWebServerApplicationContext.java:164) ~[spring-boot-web-server-4.0.6.jar:4.0.6]
	at org.springframework.context.support.AbstractApplicationContext.refresh(AbstractApplicationContext.java:615) ~[spring-context-7.0.7.jar:7.0.7]
	at org.springframework.boot.web.server.servlet.context.ServletWebServerApplicationContext.refresh(ServletWebServerApplicationContext.java:143) ~[spring-boot-web-server-4.0.6.jar:4.0.6]
	at org.springframework.boot.SpringApplication.refresh(SpringApplication.java:756) ~[spring-boot-4.0.6.jar:4.0.6]
	at org.springframework.boot.SpringApplication.refreshContext(SpringApplication.java:445) ~[spring-boot-4.0.6.jar:4.0.6]
	at org.springframework.boot.SpringApplication.run(SpringApplication.java:321) ~[spring-boot-4.0.6.jar:4.0.6]
	at org.springframework.boot.SpringApplication.run(SpringApplication.java:1365) ~[spring-boot-4.0.6.jar:4.0.6]
	at org.springframework.boot.SpringApplication.run(SpringApplication.java:1354) ~[spring-boot-4.0.6.jar:4.0.6]
	at com.backend.dealspot.DealspotApplication.main(DealspotApplication.java:12) ~[classes/:na]
	at java.base/jdk.internal.reflect.DirectMethodHandleAccessor.invoke(DirectMethodHandleAccessor.java:104) ~[na:na]
	at java.base/java.lang.reflect.Method.invoke(Method.java:565) ~[na:na]
	at org.springframework.boot.devtools.restart.RestartLauncher.run(RestartLauncher.java:52) ~[spring-boot-devtools-4.0.6.jar:4.0.6]

2026-09-15 13:51:48.525 DEBUG 12804 --- [NA] [userId=anonymous] [  restartedMain] c.b.d.config.RequestLoggingFilter        : Filter 'requestLoggingFilter' configured for use
2026-09-15 13:51:48.685  INFO 12804 --- [NA] [userId=anonymous] [  restartedMain] org.hibernate.orm.jpa                    : HHH008540: Processing PersistenceUnitInfo [name: default]
2026-09-15 13:51:48.746  INFO 12804 --- [NA] [userId=anonymous] [  restartedMain] o.s.o.j.p.SpringPersistenceUnitInfo      : No LoadTimeWeaver setup: ignoring JPA class transformer
2026-09-15 13:51:48.751  INFO 12804 --- [NA] [userId=anonymous] [  restartedMain] com.zaxxer.hikari.HikariDataSource       : HikariPool-2 - Starting...
2026-09-15 13:51:53.763  INFO 12804 --- [NA] [userId=anonymous] [  restartedMain] com.zaxxer.hikari.pool.HikariPool        : HikariPool-2 - Added connection com.mysql.cj.jdbc.ConnectionImpl@4fa4c650
2026-09-15 13:51:53.764  INFO 12804 --- [NA] [userId=anonymous] [  restartedMain] com.zaxxer.hikari.HikariDataSource       : HikariPool-2 - Start completed.
2026-09-15 13:51:53.767  INFO 12804 --- [NA] [userId=anonymous] [  restartedMain] org.hibernate.orm.connections.pooling    : HHH10001005: Database info:
	Database JDBC URL [jdbc:mysql://192.168.1.110:3306/dealspot_test?useSSL=false&serverTimezone=UTC]
	Database driver: MySQL Connector/J
	Database dialect: MySQLDialect
	Database version: 8.0.46
	Default catalog/schema: dealspot_test/undefined
	Autocommit mode: undefined/unknown
	Isolation level: REPEATABLE_READ [default REPEATABLE_READ]
	JDBC fetch size: none
	Pool: DataSourceConnectionProvider
	Minimum pool size: undefined/unknown
	Maximum pool size: undefined/unknown
2026-09-15 13:51:53.797  INFO 12804 --- [NA] [userId=anonymous] [  restartedMain] org.hibernate.orm.core                   : HHH000489: No JTA platform available (set 'hibernate.transaction.jta.platform' to enable JTA platform integration)
2026-09-15 13:51:53.797  INFO 12804 --- [NA] [userId=anonymous] [  restartedMain] org.hibernate.orm.jdbc.batch             : HHH100501: Automatic JDBC statement batching enabled (maximum batch size 500)
2026-09-15 13:51:53.798  INFO 12804 --- [NA] [userId=anonymous] [  restartedMain] j.LocalContainerEntityManagerFactoryBean : Initialized JPA EntityManagerFactory for persistence unit 'default'
2026-09-15 13:51:53.992  WARN 12804 --- [NA] [userId=anonymous] [  restartedMain] JpaBaseConfiguration$JpaWebConfiguration : spring.jpa.open-in-view is enabled by default. Therefore, database queries may be performed during view rendering. Explicitly configure spring.jpa.open-in-view to disable this warning
2026-09-15 13:51:55.375  INFO 12804 --- [NA] [userId=anonymous] [  restartedMain] o.s.boot.tomcat.TomcatWebServer          : Tomcat started on port 8080 (http) with context path '/'
2026-09-15 13:51:55.384  INFO 12804 --- [NA] [userId=anonymous] [  restartedMain] c.backend.dealspot.DealspotApplication   : Started DealspotApplication in 8.078 seconds (process running for 2946.528)
2026-09-15 13:51:55.391  INFO 12804 --- [NA] [userId=anonymous] [  restartedMain] c.b.dealspot.config.AuditDbChecker       : ========== TOP 15 AUDIT LOGS IN MYSQL ==========
2026-09-15 13:51:55.392  INFO 12804 --- [NA] [userId=anonymous] [  restartedMain] c.b.dealspot.config.AuditDbChecker       : DB ROW -> id=59, action=LOGIN, reqId=7a52cb15, userId=2, success=true, status=200, errType=null, errMsg=null, created=2026-09-15T08:21:30.437413
2026-09-15 13:51:55.393  INFO 12804 --- [NA] [userId=anonymous] [  restartedMain] c.b.dealspot.config.AuditDbChecker       : DB ROW -> id=58, action=LOGIN, reqId=bc87f0a3, userId=1, success=true, status=200, errType=null, errMsg=null, created=2026-09-15T08:21:13.249769
2026-09-15 13:51:55.393  INFO 12804 --- [NA] [userId=anonymous] [  restartedMain] c.b.dealspot.config.AuditDbChecker       : DB ROW -> id=57, action=REGISTER_USER, reqId=DUP-4489919b, userId=null, success=false, status=400, errType=RuntimeException, errMsg=Email already exists, created=2026-09-15T07:35:01.193642
2026-09-15 13:51:55.393  INFO 12804 --- [NA] [userId=anonymous] [  restartedMain] c.b.dealspot.config.AuditDbChecker       : DB ROW -> id=56, action=LOGIN, reqId=FAIL-f94618e3, userId=null, success=false, status=401, errType=BadCredentialsException, errMsg=Invalid email or password, created=2026-09-15T07:35:01.138017
2026-09-15 13:51:55.393  INFO 12804 --- [NA] [userId=anonymous] [  restartedMain] c.b.dealspot.config.AuditDbChecker       : DB ROW -> id=55, action=LOGIN, reqId=e7106bd8, userId=1, success=true, status=200, errType=null, errMsg=null, created=2026-09-15T07:35:00.974478
2026-09-15 13:51:55.393  INFO 12804 --- [NA] [userId=anonymous] [  restartedMain] c.b.dealspot.config.AuditDbChecker       : DB ROW -> id=54, action=LOGIN, reqId=7c571fcb, userId=1, success=true, status=200, errType=null, errMsg=null, created=2026-09-15T07:32:09.332197
2026-09-15 13:51:55.393  INFO 12804 --- [NA] [userId=anonymous] [  restartedMain] c.b.dealspot.config.AuditDbChecker       : DB ROW -> id=53, action=REGISTER_USER, reqId=DUP-13de6bb5, userId=null, success=false, status=400, errType=RuntimeException, errMsg=Email already exists, created=2026-09-15T07:31:34.708454
2026-09-15 13:51:55.393  INFO 12804 --- [NA] [userId=anonymous] [  restartedMain] c.b.dealspot.config.AuditDbChecker       : DB ROW -> id=52, action=LOGIN, reqId=FAIL-5a9164ef, userId=null, success=false, status=401, errType=BadCredentialsException, errMsg=Invalid email or password, created=2026-09-15T07:31:34.661929
2026-09-15 13:51:55.393  INFO 12804 --- [NA] [userId=anonymous] [  restartedMain] c.b.dealspot.config.AuditDbChecker       : DB ROW -> id=51, action=LOGIN, reqId=39cd6fa7, userId=1, success=true, status=200, errType=null, errMsg=null, created=2026-09-15T07:31:34.569319
2026-09-15 13:51:55.393  INFO 12804 --- [NA] [userId=anonymous] [  restartedMain] c.b.dealspot.config.AuditDbChecker       : DB ROW -> id=50, action=REGISTER_USER, reqId=2f1b9109, userId=null, success=false, status=400, errType=RuntimeException, errMsg=Email already exists, created=2026-09-15T07:31:13.073461
2026-09-15 13:51:55.393  INFO 12804 --- [NA] [userId=anonymous] [  restartedMain] c.b.dealspot.config.AuditDbChecker       : DB ROW -> id=49, action=LOGIN, reqId=eb9accf0, userId=null, success=false, status=401, errType=BadCredentialsException, errMsg=Invalid email or password, created=2026-09-15T07:31:13.024762
2026-09-15 13:51:55.393  INFO 12804 --- [NA] [userId=anonymous] [  restartedMain] c.b.dealspot.config.AuditDbChecker       : DB ROW -> id=48, action=LOGIN, reqId=f8456bde, userId=1, success=true, status=200, errType=null, errMsg=null, created=2026-09-15T07:31:12.928013
2026-09-15 13:51:55.394  INFO 12804 --- [NA] [userId=anonymous] [  restartedMain] c.b.dealspot.config.AuditDbChecker       : DB ROW -> id=47, action=REGISTER_USER, reqId=97a42ad0, userId=5, success=true, status=200, errType=null, errMsg=null, created=2026-09-15T07:29:53.845727
2026-09-15 13:51:55.394  INFO 12804 --- [NA] [userId=anonymous] [  restartedMain] c.b.dealspot.config.AuditDbChecker       : DB ROW -> id=46, action=LOGIN, reqId=cf23c90e, userId=null, success=false, status=401, errType=BadCredentialsException, errMsg=Invalid email or password, created=2026-09-15T07:29:53.687368
2026-09-15 13:51:55.481  INFO 12804 --- [NA] [userId=anonymous] [  restartedMain] c.b.dealspot.config.AuditDbChecker       : DB ROW -> id=45, action=LOGIN, reqId=d809c0f1, userId=1, success=true, status=200, errType=null, errMsg=null, created=2026-09-15T07:29:53.595012
2026-09-15 13:51:55.487  INFO 12804 --- [NA] [userId=anonymous] [  restartedMain] .ConditionEvaluationDeltaLoggingListener : Condition evaluation delta:


==========================
CONDITION EVALUATION DELTA
==========================


Positive matches:
-----------------

   ServletWebSecurityAutoConfiguration.SecurityFilterChainConfiguration matched:
      - AllNestedConditions 2 matched 0 did not; NestedCondition on DefaultWebSecurityCondition.Beans @ConditionalOnMissingBean (types: org.springframework.security.web.SecurityFilterChain; SearchStrategy: all) did not find any beans; NestedCondition on DefaultWebSecurityCondition.Classes @ConditionalOnClass found required classes 'org.springframework.security.web.SecurityFilterChain', 'org.springframework.security.config.annotation.web.builders.HttpSecurity' (DefaultWebSecurityCondition)


Negative matches:
-----------------

    None


Exclusions:
-----------

    None


Unconditional classes:
----------------------

    None



2026-09-15 13:51:56.818  INFO 12804 --- [NA] [userId=anonymous] [   File Watcher] rtingClassPathChangeChangedEventListener : Restarting due to 161 class path changes (159 additions, 0 deletions, 2 modifications)
2026-09-15 13:51:56.821  INFO 12804 --- [NA] [userId=anonymous] [       Thread-5] o.s.boot.tomcat.GracefulShutdown         : Commencing graceful shutdown. Waiting for active requests to complete
2026-09-15 13:51:56.835  INFO 12804 --- [NA] [userId=anonymous] [tomcat-shutdown] o.s.boot.tomcat.GracefulShutdown         : Graceful shutdown complete
2026-09-15 13:51:56.844  INFO 12804 --- [NA] [userId=anonymous] [       Thread-5] j.LocalContainerEntityManagerFactoryBean : Closing JPA EntityManagerFactory for persistence unit 'default'
2026-09-15 13:51:56.846  INFO 12804 --- [NA] [userId=anonymous] [       Thread-5] com.zaxxer.hikari.HikariDataSource       : HikariPool-2 - Shutdown initiated...
2026-09-15 13:51:58.729  INFO 12804 --- [NA] [userId=anonymous] [       Thread-5] com.zaxxer.hikari.HikariDataSource       : HikariPool-2 - Shutdown completed.
2026-09-15 13:51:58.864  INFO 12804 --- [NA] [userId=anonymous] [  restartedMain] c.backend.dealspot.DealspotApplication   : Starting DealspotApplication using Java 26.0.1 with PID 12804 (C:\Users\User\Desktop\DEVELOPMENT PROJECTS\DEALSPOT\SPRINGBOOT\target\classes started by User in C:\Users\User\Desktop\DEVELOPMENT PROJECTS\DEALSPOT\SPRINGBOOT)
2026-09-15 13:51:58.865 DEBUG 12804 --- [NA] [userId=anonymous] [  restartedMain] c.backend.dealspot.DealspotApplication   : Running with Spring Boot v4.0.6, Spring v7.0.7
2026-09-15 13:51:58.865  INFO 12804 --- [NA] [userId=anonymous] [  restartedMain] c.backend.dealspot.DealspotApplication   : No active profile set, falling back to 1 default profile: "default"
2026-09-15 13:51:59.228  INFO 20380 --- [NA] [userId=anonymous] [  restartedMain] c.backend.dealspot.DealspotApplication   : Starting DealspotApplication using Java 26.0.1 with PID 20380 (C:\Users\User\Desktop\DEVELOPMENT PROJECTS\DEALSPOT\SPRINGBOOT\target\classes started by User in C:\Users\User\Desktop\DEVELOPMENT PROJECTS\DEALSPOT\SPRINGBOOT)
2026-09-15 13:51:59.238 DEBUG 20380 --- [NA] [userId=anonymous] [  restartedMain] c.backend.dealspot.DealspotApplication   : Running with Spring Boot v4.0.6, Spring v7.0.7
2026-09-15 13:51:59.243  INFO 20380 --- [NA] [userId=anonymous] [  restartedMain] c.backend.dealspot.DealspotApplication   : No active profile set, falling back to 1 default profile: "default"
2026-09-15 13:51:59.332  INFO 20380 --- [NA] [userId=anonymous] [  restartedMain] .e.DevToolsPropertyDefaultsPostProcessor : Devtools property defaults active! Set 'spring.devtools.add-properties' to 'false' to disable
2026-09-15 13:51:59.333  INFO 20380 --- [NA] [userId=anonymous] [  restartedMain] .e.DevToolsPropertyDefaultsPostProcessor : For additional web related logging consider setting the 'logging.level.web' property to 'DEBUG'
2026-09-15 13:51:59.506  INFO 12804 --- [NA] [userId=anonymous] [  restartedMain] .s.d.r.c.RepositoryConfigurationDelegate : Bootstrapping Spring Data JPA repositories in DEFAULT mode.
2026-09-15 13:51:59.668  INFO 12804 --- [NA] [userId=anonymous] [  restartedMain] .s.d.r.c.RepositoryConfigurationDelegate : Finished Spring Data repository scanning in 159 ms. Found 22 JPA repository interfaces.
2026-09-15 13:52:00.146  INFO 12804 --- [NA] [userId=anonymous] [  restartedMain] o.s.boot.tomcat.TomcatWebServer          : Tomcat initialized with port 8080 (http)
2026-09-15 13:52:00.147  INFO 12804 --- [NA] [userId=anonymous] [  restartedMain] o.apache.catalina.core.StandardService   : Starting service [Tomcat]
2026-09-15 13:52:00.147  INFO 12804 --- [NA] [userId=anonymous] [  restartedMain] o.apache.catalina.core.StandardEngine    : Starting Servlet engine: [Apache Tomcat/11.0.21]
2026-09-15 13:52:00.199  INFO 12804 --- [NA] [userId=anonymous] [  restartedMain] b.w.c.s.WebApplicationContextInitializer : Root WebApplicationContext: initialization completed in 1332 ms
2026-09-15 13:52:00.308  INFO 12804 --- [NA] [userId=anonymous] [  restartedMain] org.hibernate.orm.jpa                    : HHH008540: Processing PersistenceUnitInfo [name: default]
2026-09-15 13:52:00.365  INFO 12804 --- [NA] [userId=anonymous] [  restartedMain] o.s.o.j.p.SpringPersistenceUnitInfo      : No LoadTimeWeaver setup: ignoring JPA class transformer
2026-09-15 13:52:00.367  INFO 12804 --- [NA] [userId=anonymous] [  restartedMain] com.zaxxer.hikari.HikariDataSource       : HikariPool-3 - Starting...
2026-09-15 13:52:00.994  INFO 20380 --- [NA] [userId=anonymous] [  restartedMain] .s.d.r.c.RepositoryConfigurationDelegate : Bootstrapping Spring Data JPA repositories in DEFAULT mode.
2026-09-15 13:52:01.226  INFO 20380 --- [NA] [userId=anonymous] [  restartedMain] .s.d.r.c.RepositoryConfigurationDelegate : Finished Spring Data repository scanning in 218 ms. Found 22 JPA repository interfaces.
2026-09-15 13:52:02.457  INFO 20380 --- [NA] [userId=anonymous] [  restartedMain] o.s.boot.tomcat.TomcatWebServer          : Tomcat initialized with port 8080 (http)
2026-09-15 13:52:02.510  INFO 20380 --- [NA] [userId=anonymous] [  restartedMain] o.apache.catalina.core.StandardService   : Starting service [Tomcat]
2026-09-15 13:52:02.518  INFO 20380 --- [NA] [userId=anonymous] [  restartedMain] o.apache.catalina.core.StandardEngine    : Starting Servlet engine: [Apache Tomcat/11.0.21]
2026-09-15 13:52:02.648  INFO 20380 --- [NA] [userId=anonymous] [  restartedMain] b.w.c.s.WebApplicationContextInitializer : Root WebApplicationContext: initialization completed in 3313 ms
2026-09-15 13:52:02.947  INFO 20380 --- [NA] [userId=anonymous] [  restartedMain] org.hibernate.orm.jpa                    : HHH008540: Processing PersistenceUnitInfo [name: default]
2026-09-15 13:52:03.036  INFO 20380 --- [NA] [userId=anonymous] [  restartedMain] org.hibernate.orm.core                   : HHH000001: Hibernate ORM core version 7.2.12.Final
2026-09-15 13:52:03.793  INFO 20380 --- [NA] [userId=anonymous] [  restartedMain] o.s.o.j.p.SpringPersistenceUnitInfo      : No LoadTimeWeaver setup: ignoring JPA class transformer
2026-09-15 13:52:03.853  INFO 20380 --- [NA] [userId=anonymous] [  restartedMain] com.zaxxer.hikari.HikariDataSource       : HikariPool-1 - Starting...
2026-09-15 13:52:05.380  INFO 12804 --- [NA] [userId=anonymous] [  restartedMain] com.zaxxer.hikari.pool.HikariPool        : HikariPool-3 - Added connection com.mysql.cj.jdbc.ConnectionImpl@3401d3a0
2026-09-15 13:52:05.380  INFO 12804 --- [NA] [userId=anonymous] [  restartedMain] com.zaxxer.hikari.HikariDataSource       : HikariPool-3 - Start completed.
2026-09-15 13:52:05.383  INFO 12804 --- [NA] [userId=anonymous] [  restartedMain] org.hibernate.orm.connections.pooling    : HHH10001005: Database info:
	Database JDBC URL [jdbc:mysql://192.168.1.110:3306/dealspot_test?useSSL=false&serverTimezone=UTC]
	Database driver: MySQL Connector/J
	Database dialect: MySQLDialect
	Database version: 8.0.46
	Default catalog/schema: dealspot_test/undefined
	Autocommit mode: undefined/unknown
	Isolation level: REPEATABLE_READ [default REPEATABLE_READ]
	JDBC fetch size: none
	Pool: DataSourceConnectionProvider
	Minimum pool size: undefined/unknown
	Maximum pool size: undefined/unknown
2026-09-15 13:52:05.805  INFO 12804 --- [NA] [userId=anonymous] [  restartedMain] org.hibernate.orm.core                   : HHH000489: No JTA platform available (set 'hibernate.transaction.jta.platform' to enable JTA platform integration)
2026-09-15 13:52:05.805  INFO 12804 --- [NA] [userId=anonymous] [  restartedMain] org.hibernate.orm.jdbc.batch             : HHH100501: Automatic JDBC statement batching enabled (maximum batch size 500)
2026-09-15 13:52:06.024  INFO 12804 --- [NA] [userId=anonymous] [  restartedMain] j.LocalContainerEntityManagerFactoryBean : Initialized JPA EntityManagerFactory for persistence unit 'default'
2026-09-15 13:52:06.320 DEBUG 12804 --- [NA] [userId=anonymous] [  restartedMain] c.b.d.security.JwtAuthenticationFilter   : Filter 'jwtAuthenticationFilter' configured for use
2026-09-15 13:52:06.321 DEBUG 12804 --- [NA] [userId=anonymous] [  restartedMain] c.b.d.config.RequestLoggingFilter        : Filter 'requestLoggingFilter' configured for use
2026-09-15 13:52:07.004  WARN 12804 --- [NA] [userId=anonymous] [  restartedMain] JpaBaseConfiguration$JpaWebConfiguration : spring.jpa.open-in-view is enabled by default. Therefore, database queries may be performed during view rendering. Explicitly configure spring.jpa.open-in-view to disable this warning
2026-09-15 13:52:07.357  INFO 12804 --- [NA] [userId=anonymous] [  restartedMain] o.s.boot.tomcat.TomcatWebServer          : Tomcat started on port 8080 (http) with context path '/'
2026-09-15 13:52:07.360  INFO 12804 --- [NA] [userId=anonymous] [  restartedMain] c.backend.dealspot.DealspotApplication   : Started DealspotApplication in 8.527 seconds (process running for 2958.504)
2026-09-15 13:52:07.365  INFO 12804 --- [NA] [userId=anonymous] [  restartedMain] c.b.dealspot.config.AuditDbChecker       : ========== TOP 15 AUDIT LOGS IN MYSQL ==========
2026-09-15 13:52:07.365  INFO 12804 --- [NA] [userId=anonymous] [  restartedMain] c.b.dealspot.config.AuditDbChecker       : DB ROW -> id=59, action=LOGIN, reqId=7a52cb15, userId=2, success=true, status=200, errType=null, errMsg=null, created=2026-09-15T08:21:30.437413
2026-09-15 13:52:07.365  INFO 12804 --- [NA] [userId=anonymous] [  restartedMain] c.b.dealspot.config.AuditDbChecker       : DB ROW -> id=58, action=LOGIN, reqId=bc87f0a3, userId=1, success=true, status=200, errType=null, errMsg=null, created=2026-09-15T08:21:13.249769
2026-09-15 13:52:07.365  INFO 12804 --- [NA] [userId=anonymous] [  restartedMain] c.b.dealspot.config.AuditDbChecker       : DB ROW -> id=57, action=REGISTER_USER, reqId=DUP-4489919b, userId=null, success=false, status=400, errType=RuntimeException, errMsg=Email already exists, created=2026-09-15T07:35:01.193642
2026-09-15 13:52:07.366  INFO 12804 --- [NA] [userId=anonymous] [  restartedMain] c.b.dealspot.config.AuditDbChecker       : DB ROW -> id=56, action=LOGIN, reqId=FAIL-f94618e3, userId=null, success=false, status=401, errType=BadCredentialsException, errMsg=Invalid email or password, created=2026-09-15T07:35:01.138017
2026-09-15 13:52:07.366  INFO 12804 --- [NA] [userId=anonymous] [  restartedMain] c.b.dealspot.config.AuditDbChecker       : DB ROW -> id=55, action=LOGIN, reqId=e7106bd8, userId=1, success=true, status=200, errType=null, errMsg=null, created=2026-09-15T07:35:00.974478
2026-09-15 13:52:07.366  INFO 12804 --- [NA] [userId=anonymous] [  restartedMain] c.b.dealspot.config.AuditDbChecker       : DB ROW -> id=54, action=LOGIN, reqId=7c571fcb, userId=1, success=true, status=200, errType=null, errMsg=null, created=2026-09-15T07:32:09.332197
2026-09-15 13:52:07.366  INFO 12804 --- [NA] [userId=anonymous] [  restartedMain] c.b.dealspot.config.AuditDbChecker       : DB ROW -> id=53, action=REGISTER_USER, reqId=DUP-13de6bb5, userId=null, success=false, status=400, errType=RuntimeException, errMsg=Email already exists, created=2026-09-15T07:31:34.708454
2026-09-15 13:52:07.366  INFO 12804 --- [NA] [userId=anonymous] [  restartedMain] c.b.dealspot.config.AuditDbChecker       : DB ROW -> id=52, action=LOGIN, reqId=FAIL-5a9164ef, userId=null, success=false, status=401, errType=BadCredentialsException, errMsg=Invalid email or password, created=2026-09-15T07:31:34.661929
2026-09-15 13:52:07.366  INFO 12804 --- [NA] [userId=anonymous] [  restartedMain] c.b.dealspot.config.AuditDbChecker       : DB ROW -> id=51, action=LOGIN, reqId=39cd6fa7, userId=1, success=true, status=200, errType=null, errMsg=null, created=2026-09-15T07:31:34.569319
2026-09-15 13:52:07.366  INFO 12804 --- [NA] [userId=anonymous] [  restartedMain] c.b.dealspot.config.AuditDbChecker       : DB ROW -> id=50, action=REGISTER_USER, reqId=2f1b9109, userId=null, success=false, status=400, errType=RuntimeException, errMsg=Email already exists, created=2026-09-15T07:31:13.073461
2026-09-15 13:52:07.366  INFO 12804 --- [NA] [userId=anonymous] [  restartedMain] c.b.dealspot.config.AuditDbChecker       : DB ROW -> id=49, action=LOGIN, reqId=eb9accf0, userId=null, success=false, status=401, errType=BadCredentialsException, errMsg=Invalid email or password, created=2026-09-15T07:31:13.024762
2026-09-15 13:52:07.366  INFO 12804 --- [NA] [userId=anonymous] [  restartedMain] c.b.dealspot.config.AuditDbChecker       : DB ROW -> id=48, action=LOGIN, reqId=f8456bde, userId=1, success=true, status=200, errType=null, errMsg=null, created=2026-09-15T07:31:12.928013
2026-09-15 13:52:07.366  INFO 12804 --- [NA] [userId=anonymous] [  restartedMain] c.b.dealspot.config.AuditDbChecker       : DB ROW -> id=47, action=REGISTER_USER, reqId=97a42ad0, userId=5, success=true, status=200, errType=null, errMsg=null, created=2026-09-15T07:29:53.845727
2026-09-15 13:52:07.366  INFO 12804 --- [NA] [userId=anonymous] [  restartedMain] c.b.dealspot.config.AuditDbChecker       : DB ROW -> id=46, action=LOGIN, reqId=cf23c90e, userId=null, success=false, status=401, errType=BadCredentialsException, errMsg=Invalid email or password, created=2026-09-15T07:29:53.687368
2026-09-15 13:52:07.366  INFO 12804 --- [NA] [userId=anonymous] [  restartedMain] c.b.dealspot.config.AuditDbChecker       : DB ROW -> id=45, action=LOGIN, reqId=d809c0f1, userId=1, success=true, status=200, errType=null, errMsg=null, created=2026-09-15T07:29:53.595012
2026-09-15 13:52:07.409  INFO 12804 --- [NA] [userId=anonymous] [  restartedMain] .ConditionEvaluationDeltaLoggingListener : Condition evaluation delta:


==========================
CONDITION EVALUATION DELTA
==========================


Positive matches:
-----------------

    None


Negative matches:
-----------------

   ServletWebSecurityAutoConfiguration.SecurityFilterChainConfiguration:
      Did not match:
         - AllNestedConditions 1 matched 1 did not; NestedCondition on DefaultWebSecurityCondition.Beans @ConditionalOnMissingBean (types: org.springframework.security.web.SecurityFilterChain; SearchStrategy: all) found beans of type 'org.springframework.security.web.SecurityFilterChain' filterChain; NestedCondition on DefaultWebSecurityCondition.Classes @ConditionalOnClass found required classes 'org.springframework.security.web.SecurityFilterChain', 'org.springframework.security.config.annotation.web.builders.HttpSecurity' (DefaultWebSecurityCondition)


Exclusions:
-----------

    None


Unconditional classes:
----------------------

    None



2026-09-15 13:52:08.658  INFO 20380 --- [NA] [userId=anonymous] [  restartedMain] com.zaxxer.hikari.pool.HikariPool        : HikariPool-1 - Added connection com.mysql.cj.jdbc.ConnectionImpl@558d3c1a
2026-09-15 13:52:08.661  INFO 20380 --- [NA] [userId=anonymous] [  restartedMain] com.zaxxer.hikari.HikariDataSource       : HikariPool-1 - Start completed.
2026-09-15 13:52:08.741  INFO 20380 --- [NA] [userId=anonymous] [  restartedMain] org.hibernate.orm.connections.pooling    : HHH10001005: Database info:
	Database JDBC URL [jdbc:mysql://192.168.1.110:3306/dealspot_test?useSSL=false&serverTimezone=UTC]
	Database driver: MySQL Connector/J
	Database dialect: MySQLDialect
	Database version: 8.0.46
	Default catalog/schema: dealspot_test/undefined
	Autocommit mode: undefined/unknown
	Isolation level: REPEATABLE_READ [default REPEATABLE_READ]
	JDBC fetch size: none
	Pool: DataSourceConnectionProvider
	Minimum pool size: undefined/unknown
	Maximum pool size: undefined/unknown
2026-09-15 13:52:10.375  INFO 20380 --- [NA] [userId=anonymous] [  restartedMain] org.hibernate.orm.core                   : HHH000489: No JTA platform available (set 'hibernate.transaction.jta.platform' to enable JTA platform integration)
2026-09-15 13:52:10.378  INFO 20380 --- [NA] [userId=anonymous] [  restartedMain] org.hibernate.orm.jdbc.batch             : HHH100501: Automatic JDBC statement batching enabled (maximum batch size 500)
2026-09-15 13:52:10.640  INFO 20380 --- [NA] [userId=anonymous] [  restartedMain] j.LocalContainerEntityManagerFactoryBean : Initialized JPA EntityManagerFactory for persistence unit 'default'
2026-09-15 13:52:10.714  INFO 20380 --- [NA] [userId=anonymous] [  restartedMain] o.s.d.j.r.query.QueryEnhancerFactories   : Hibernate is in classpath; If applicable, HQL parser will be used.
2026-09-15 13:52:11.445 DEBUG 20380 --- [NA] [userId=anonymous] [  restartedMain] c.b.d.security.JwtAuthenticationFilter   : Filter 'jwtAuthenticationFilter' configured for use
2026-09-15 13:52:11.445 DEBUG 20380 --- [NA] [userId=anonymous] [  restartedMain] c.b.d.config.RequestLoggingFilter        : Filter 'requestLoggingFilter' configured for use
2026-09-15 13:52:14.768  WARN 20380 --- [NA] [userId=anonymous] [  restartedMain] JpaBaseConfiguration$JpaWebConfiguration : spring.jpa.open-in-view is enabled by default. Therefore, database queries may be performed during view rendering. Explicitly configure spring.jpa.open-in-view to disable this warning
2026-09-15 13:52:15.701  WARN 20380 --- [NA] [userId=anonymous] [  restartedMain] ConfigServletWebServerApplicationContext : Exception encountered during context initialization - cancelling refresh attempt: org.springframework.context.ApplicationContextException: Failed to start bean 'webServerStartStop'
2026-09-15 13:52:15.706  INFO 20380 --- [NA] [userId=anonymous] [  restartedMain] j.LocalContainerEntityManagerFactoryBean : Closing JPA EntityManagerFactory for persistence unit 'default'
2026-09-15 13:52:15.710  INFO 20380 --- [NA] [userId=anonymous] [  restartedMain] com.zaxxer.hikari.HikariDataSource       : HikariPool-1 - Shutdown initiated...
2026-09-15 13:52:17.928  INFO 20380 --- [NA] [userId=anonymous] [  restartedMain] com.zaxxer.hikari.HikariDataSource       : HikariPool-1 - Shutdown completed.
2026-09-15 13:52:17.941  INFO 20380 --- [NA] [userId=anonymous] [  restartedMain] .s.b.a.l.ConditionEvaluationReportLogger : 

Error starting ApplicationContext. To display the condition evaluation report re-run your application with 'debug' enabled.
2026-09-15 13:52:17.960 ERROR 20380 --- [NA] [userId=anonymous] [  restartedMain] o.s.b.d.LoggingFailureAnalysisReporter   : 

***************************
APPLICATION FAILED TO START
***************************

Description:

Web server failed to start. Port 8080 was already in use.

Action:

Identify and stop the process that's listening on port 8080 or configure this application to listen on another port.

2026-09-15 13:52:25.667  INFO 12804 --- [NA] [userId=anonymous] [   File Watcher] rtingClassPathChangeChangedEventListener : Restarting due to 1 class path change (0 additions, 1 deletion, 0 modifications)
2026-09-15 13:52:25.671  INFO 12804 --- [NA] [userId=anonymous] [       Thread-9] o.s.boot.tomcat.GracefulShutdown         : Commencing graceful shutdown. Waiting for active requests to complete
2026-09-15 13:52:25.685  INFO 12804 --- [NA] [userId=anonymous] [tomcat-shutdown] o.s.boot.tomcat.GracefulShutdown         : Graceful shutdown complete
2026-09-15 13:52:25.689  INFO 12804 --- [NA] [userId=anonymous] [       Thread-9] j.LocalContainerEntityManagerFactoryBean : Closing JPA EntityManagerFactory for persistence unit 'default'
2026-09-15 13:52:25.690  INFO 12804 --- [NA] [userId=anonymous] [       Thread-9] com.zaxxer.hikari.HikariDataSource       : HikariPool-3 - Shutdown initiated...
2026-09-15 13:52:28.756  INFO 12804 --- [NA] [userId=anonymous] [       Thread-9] com.zaxxer.hikari.HikariDataSource       : HikariPool-3 - Shutdown completed.
2026-09-15 13:52:28.866  INFO 12804 --- [NA] [userId=anonymous] [  restartedMain] c.backend.dealspot.DealspotApplication   : Starting DealspotApplication using Java 26.0.1 with PID 12804 (C:\Users\User\Desktop\DEVELOPMENT PROJECTS\DEALSPOT\SPRINGBOOT\target\classes started by User in C:\Users\User\Desktop\DEVELOPMENT PROJECTS\DEALSPOT\SPRINGBOOT)
2026-09-15 13:52:28.867 DEBUG 12804 --- [NA] [userId=anonymous] [  restartedMain] c.backend.dealspot.DealspotApplication   : Running with Spring Boot v4.0.6, Spring v7.0.7
2026-09-15 13:52:28.867  INFO 12804 --- [NA] [userId=anonymous] [  restartedMain] c.backend.dealspot.DealspotApplication   : No active profile set, falling back to 1 default profile: "default"
2026-09-15 13:52:29.158  INFO 12804 --- [NA] [userId=anonymous] [  restartedMain] .s.d.r.c.RepositoryConfigurationDelegate : Bootstrapping Spring Data JPA repositories in DEFAULT mode.
2026-09-15 13:52:29.223  INFO 12804 --- [NA] [userId=anonymous] [  restartedMain] .s.d.r.c.RepositoryConfigurationDelegate : Finished Spring Data repository scanning in 64 ms. Found 22 JPA repository interfaces.
2026-09-15 13:52:29.363  INFO 12804 --- [NA] [userId=anonymous] [  restartedMain] o.s.boot.tomcat.TomcatWebServer          : Tomcat initialized with port 8080 (http)
2026-09-15 13:52:29.364  INFO 12804 --- [NA] [userId=anonymous] [  restartedMain] o.apache.catalina.core.StandardService   : Starting service [Tomcat]
2026-09-15 13:52:29.364  INFO 12804 --- [NA] [userId=anonymous] [  restartedMain] o.apache.catalina.core.StandardEngine    : Starting Servlet engine: [Apache Tomcat/11.0.21]
2026-09-15 13:52:29.405  INFO 12804 --- [NA] [userId=anonymous] [  restartedMain] b.w.c.s.WebApplicationContextInitializer : Root WebApplicationContext: initialization completed in 536 ms
2026-09-15 13:52:29.474  INFO 12804 --- [NA] [userId=anonymous] [  restartedMain] org.hibernate.orm.jpa                    : HHH008540: Processing PersistenceUnitInfo [name: default]
2026-09-15 13:52:29.513  INFO 12804 --- [NA] [userId=anonymous] [  restartedMain] o.s.o.j.p.SpringPersistenceUnitInfo      : No LoadTimeWeaver setup: ignoring JPA class transformer
2026-09-15 13:52:29.514  INFO 12804 --- [NA] [userId=anonymous] [  restartedMain] com.zaxxer.hikari.HikariDataSource       : HikariPool-4 - Starting...
2026-09-15 13:52:34.499  INFO 12804 --- [NA] [userId=anonymous] [  restartedMain] com.zaxxer.hikari.pool.HikariPool        : HikariPool-4 - Added connection com.mysql.cj.jdbc.ConnectionImpl@5890b76c
2026-09-15 13:52:34.500  INFO 12804 --- [NA] [userId=anonymous] [  restartedMain] com.zaxxer.hikari.HikariDataSource       : HikariPool-4 - Start completed.
2026-09-15 13:52:34.503  INFO 12804 --- [NA] [userId=anonymous] [  restartedMain] org.hibernate.orm.connections.pooling    : HHH10001005: Database info:
	Database JDBC URL [jdbc:mysql://192.168.1.110:3306/dealspot_test?useSSL=false&serverTimezone=UTC]
	Database driver: MySQL Connector/J
	Database dialect: MySQLDialect
	Database version: 8.0.46
	Default catalog/schema: dealspot_test/undefined
	Autocommit mode: undefined/unknown
	Isolation level: REPEATABLE_READ [default REPEATABLE_READ]
	JDBC fetch size: none
	Pool: DataSourceConnectionProvider
	Minimum pool size: undefined/unknown
	Maximum pool size: undefined/unknown
2026-09-15 13:52:34.881  INFO 12804 --- [NA] [userId=anonymous] [  restartedMain] org.hibernate.orm.core                   : HHH000489: No JTA platform available (set 'hibernate.transaction.jta.platform' to enable JTA platform integration)
2026-09-15 13:52:34.882  INFO 12804 --- [NA] [userId=anonymous] [  restartedMain] org.hibernate.orm.jdbc.batch             : HHH100501: Automatic JDBC statement batching enabled (maximum batch size 500)
2026-09-15 13:52:35.098  INFO 12804 --- [NA] [userId=anonymous] [  restartedMain] j.LocalContainerEntityManagerFactoryBean : Initialized JPA EntityManagerFactory for persistence unit 'default'
2026-09-15 13:52:35.256 DEBUG 12804 --- [NA] [userId=anonymous] [  restartedMain] c.b.d.security.JwtAuthenticationFilter   : Filter 'jwtAuthenticationFilter' configured for use
2026-09-15 13:52:35.257 DEBUG 12804 --- [NA] [userId=anonymous] [  restartedMain] c.b.d.config.RequestLoggingFilter        : Filter 'requestLoggingFilter' configured for use
2026-09-15 13:52:35.874  WARN 12804 --- [NA] [userId=anonymous] [  restartedMain] JpaBaseConfiguration$JpaWebConfiguration : spring.jpa.open-in-view is enabled by default. Therefore, database queries may be performed during view rendering. Explicitly configure spring.jpa.open-in-view to disable this warning
2026-09-15 13:52:36.321  INFO 12804 --- [NA] [userId=anonymous] [  restartedMain] o.s.boot.tomcat.TomcatWebServer          : Tomcat started on port 8080 (http) with context path '/'
2026-09-15 13:52:36.325  INFO 12804 --- [NA] [userId=anonymous] [  restartedMain] c.backend.dealspot.DealspotApplication   : Started DealspotApplication in 7.489 seconds (process running for 2987.47)
2026-09-15 13:52:36.382  INFO 12804 --- [NA] [userId=anonymous] [  restartedMain] .ConditionEvaluationDeltaLoggingListener : Condition evaluation unchanged
2026-09-15 13:52:46.250  INFO 12804 --- [NA] [userId=anonymous] [   File Watcher] rtingClassPathChangeChangedEventListener : Restarting due to 159 class path changes (0 additions, 159 deletions, 0 modifications)
2026-09-15 13:52:46.310  INFO 12804 --- [NA] [userId=anonymous] [      Thread-13] o.s.boot.tomcat.GracefulShutdown         : Commencing graceful shutdown. Waiting for active requests to complete
2026-09-15 13:52:47.159  INFO 12804 --- [NA] [userId=anonymous] [tomcat-shutdown] o.s.boot.tomcat.GracefulShutdown         : Graceful shutdown complete
2026-09-15 13:52:47.167  INFO 12804 --- [NA] [userId=anonymous] [      Thread-13] j.LocalContainerEntityManagerFactoryBean : Closing JPA EntityManagerFactory for persistence unit 'default'
2026-09-15 13:52:47.167  INFO 12804 --- [NA] [userId=anonymous] [      Thread-13] com.zaxxer.hikari.HikariDataSource       : HikariPool-4 - Shutdown initiated...
2026-09-15 13:52:48.774  INFO 12804 --- [NA] [userId=anonymous] [      Thread-13] com.zaxxer.hikari.HikariDataSource       : HikariPool-4 - Shutdown completed.
2026-09-15 13:52:49.167  INFO 12804 --- [NA] [userId=anonymous] [  restartedMain] c.backend.dealspot.DealspotApplication   : Starting DealspotApplication using Java 26.0.1 with PID 12804 (C:\Users\User\Desktop\DEVELOPMENT PROJECTS\DEALSPOT\SPRINGBOOT\target\classes started by User in C:\Users\User\Desktop\DEVELOPMENT PROJECTS\DEALSPOT\SPRINGBOOT)
2026-09-15 13:52:49.167 DEBUG 12804 --- [NA] [userId=anonymous] [  restartedMain] c.backend.dealspot.DealspotApplication   : Running with Spring Boot v4.0.6, Spring v7.0.7
2026-09-15 13:52:49.168  INFO 12804 --- [NA] [userId=anonymous] [  restartedMain] c.backend.dealspot.DealspotApplication   : No active profile set, falling back to 1 default profile: "default"
2026-09-15 13:52:49.720  INFO 12804 --- [NA] [userId=anonymous] [  restartedMain] .s.d.r.c.RepositoryConfigurationDelegate : Bootstrapping Spring Data JPA repositories in DEFAULT mode.
2026-09-15 13:52:49.740  INFO 12804 --- [NA] [userId=anonymous] [  restartedMain] .s.d.r.c.RepositoryConfigurationDelegate : Finished Spring Data repository scanning in 16 ms. Found 0 JPA repository interfaces.
2026-09-15 13:52:49.897  INFO 12804 --- [NA] [userId=anonymous] [  restartedMain] o.s.boot.tomcat.TomcatWebServer          : Tomcat initialized with port 8080 (http)
2026-09-15 13:52:49.898  INFO 12804 --- [NA] [userId=anonymous] [  restartedMain] o.apache.catalina.core.StandardService   : Starting service [Tomcat]
2026-09-15 13:52:49.898  INFO 12804 --- [NA] [userId=anonymous] [  restartedMain] o.apache.catalina.core.StandardEngine    : Starting Servlet engine: [Apache Tomcat/11.0.21]
2026-09-15 13:52:49.995  INFO 12804 --- [NA] [userId=anonymous] [  restartedMain] b.w.c.s.WebApplicationContextInitializer : Root WebApplicationContext: initialization completed in 826 ms
2026-09-15 13:52:50.014 DEBUG 12804 --- [NA] [userId=anonymous] [  restartedMain] c.b.d.config.RequestLoggingFilter        : Filter 'requestLoggingFilter' configured for use
2026-09-15 13:52:50.056  INFO 12804 --- [NA] [userId=anonymous] [  restartedMain] org.hibernate.orm.jpa                    : HHH008540: Processing PersistenceUnitInfo [name: default]
2026-09-15 13:52:50.099  INFO 12804 --- [NA] [userId=anonymous] [  restartedMain] o.s.o.j.p.SpringPersistenceUnitInfo      : No LoadTimeWeaver setup: ignoring JPA class transformer
2026-09-15 13:52:50.102  INFO 12804 --- [NA] [userId=anonymous] [  restartedMain] com.zaxxer.hikari.HikariDataSource       : HikariPool-5 - Starting...
2026-09-15 13:52:55.123  INFO 12804 --- [NA] [userId=anonymous] [  restartedMain] com.zaxxer.hikari.pool.HikariPool        : HikariPool-5 - Added connection com.mysql.cj.jdbc.ConnectionImpl@fbec93f
2026-09-15 13:52:55.123  INFO 12804 --- [NA] [userId=anonymous] [  restartedMain] com.zaxxer.hikari.HikariDataSource       : HikariPool-5 - Start completed.
2026-09-15 13:52:55.137  INFO 12804 --- [NA] [userId=anonymous] [  restartedMain] org.hibernate.orm.connections.pooling    : HHH10001005: Database info:
	Database JDBC URL [jdbc:mysql://192.168.1.110:3306/dealspot_test?useSSL=false&serverTimezone=UTC]
	Database driver: MySQL Connector/J
	Database dialect: MySQLDialect
	Database version: 8.0.46
	Default catalog/schema: dealspot_test/undefined
	Autocommit mode: undefined/unknown
	Isolation level: REPEATABLE_READ [default REPEATABLE_READ]
	JDBC fetch size: none
	Pool: DataSourceConnectionProvider
	Minimum pool size: undefined/unknown
	Maximum pool size: undefined/unknown
2026-09-15 13:52:55.167  INFO 12804 --- [NA] [userId=anonymous] [  restartedMain] org.hibernate.orm.core                   : HHH000489: No JTA platform available (set 'hibernate.transaction.jta.platform' to enable JTA platform integration)
2026-09-15 13:52:55.167  INFO 12804 --- [NA] [userId=anonymous] [  restartedMain] org.hibernate.orm.jdbc.batch             : HHH100501: Automatic JDBC statement batching enabled (maximum batch size 500)
2026-09-15 13:52:55.168  INFO 12804 --- [NA] [userId=anonymous] [  restartedMain] j.LocalContainerEntityManagerFactoryBean : Initialized JPA EntityManagerFactory for persistence unit 'default'
2026-09-15 13:52:55.324  WARN 12804 --- [NA] [userId=anonymous] [  restartedMain] JpaBaseConfiguration$JpaWebConfiguration : spring.jpa.open-in-view is enabled by default. Therefore, database queries may be performed during view rendering. Explicitly configure spring.jpa.open-in-view to disable this warning
2026-09-15 13:52:55.908  INFO 12804 --- [NA] [userId=anonymous] [  restartedMain] o.s.boot.tomcat.TomcatWebServer          : Tomcat started on port 8080 (http) with context path '/'
2026-09-15 13:52:55.912  INFO 12804 --- [NA] [userId=anonymous] [  restartedMain] c.backend.dealspot.DealspotApplication   : Started DealspotApplication in 6.818 seconds (process running for 3007.057)
2026-09-15 13:52:55.914  INFO 12804 --- [NA] [userId=anonymous] [  restartedMain] .ConditionEvaluationDeltaLoggingListener : Condition evaluation delta:


==========================
CONDITION EVALUATION DELTA
==========================


Positive matches:
-----------------

   ServletWebSecurityAutoConfiguration.SecurityFilterChainConfiguration matched:
      - AllNestedConditions 2 matched 0 did not; NestedCondition on DefaultWebSecurityCondition.Beans @ConditionalOnMissingBean (types: org.springframework.security.web.SecurityFilterChain; SearchStrategy: all) did not find any beans; NestedCondition on DefaultWebSecurityCondition.Classes @ConditionalOnClass found required classes 'org.springframework.security.web.SecurityFilterChain', 'org.springframework.security.config.annotation.web.builders.HttpSecurity' (DefaultWebSecurityCondition)


Negative matches:
-----------------

    None


Exclusions:
-----------

    None


Unconditional classes:
----------------------

    None



2026-09-15 13:52:59.988  INFO 12804 --- [NA] [userId=anonymous] [   File Watcher] rtingClassPathChangeChangedEventListener : Restarting due to 160 class path changes (159 additions, 0 deletions, 1 modification)
2026-09-15 13:52:59.992  INFO 12804 --- [NA] [userId=anonymous] [      Thread-17] o.s.boot.tomcat.GracefulShutdown         : Commencing graceful shutdown. Waiting for active requests to complete
2026-09-15 13:53:00.003  INFO 12804 --- [NA] [userId=anonymous] [tomcat-shutdown] o.s.boot.tomcat.GracefulShutdown         : Graceful shutdown complete
2026-09-15 13:53:00.006  INFO 12804 --- [NA] [userId=anonymous] [      Thread-17] j.LocalContainerEntityManagerFactoryBean : Closing JPA EntityManagerFactory for persistence unit 'default'
2026-09-15 13:53:00.007  INFO 12804 --- [NA] [userId=anonymous] [      Thread-17] com.zaxxer.hikari.HikariDataSource       : HikariPool-5 - Shutdown initiated...
2026-09-15 13:53:00.322  INFO 12804 --- [NA] [userId=anonymous] [      Thread-17] com.zaxxer.hikari.HikariDataSource       : HikariPool-5 - Shutdown completed.
2026-09-15 13:53:00.408  INFO 12804 --- [NA] [userId=anonymous] [  restartedMain] c.backend.dealspot.DealspotApplication   : Starting DealspotApplication using Java 26.0.1 with PID 12804 (C:\Users\User\Desktop\DEVELOPMENT PROJECTS\DEALSPOT\SPRINGBOOT\target\classes started by User in C:\Users\User\Desktop\DEVELOPMENT PROJECTS\DEALSPOT\SPRINGBOOT)
2026-09-15 13:53:00.408 DEBUG 12804 --- [NA] [userId=anonymous] [  restartedMain] c.backend.dealspot.DealspotApplication   : Running with Spring Boot v4.0.6, Spring v7.0.7
2026-09-15 13:53:00.408  INFO 12804 --- [NA] [userId=anonymous] [  restartedMain] c.backend.dealspot.DealspotApplication   : No active profile set, falling back to 1 default profile: "default"
2026-09-15 13:53:00.689  INFO 12804 --- [NA] [userId=anonymous] [  restartedMain] .s.d.r.c.RepositoryConfigurationDelegate : Bootstrapping Spring Data JPA repositories in DEFAULT mode.
2026-09-15 13:53:00.751  INFO 12804 --- [NA] [userId=anonymous] [  restartedMain] .s.d.r.c.RepositoryConfigurationDelegate : Finished Spring Data repository scanning in 60 ms. Found 22 JPA repository interfaces.
2026-09-15 13:53:00.882  INFO 12804 --- [NA] [userId=anonymous] [  restartedMain] o.s.boot.tomcat.TomcatWebServer          : Tomcat initialized with port 8080 (http)
2026-09-15 13:53:00.883  INFO 12804 --- [NA] [userId=anonymous] [  restartedMain] o.apache.catalina.core.StandardService   : Starting service [Tomcat]
2026-09-15 13:53:00.883  INFO 12804 --- [NA] [userId=anonymous] [  restartedMain] o.apache.catalina.core.StandardEngine    : Starting Servlet engine: [Apache Tomcat/11.0.21]
2026-09-15 13:53:00.923  INFO 12804 --- [NA] [userId=anonymous] [  restartedMain] b.w.c.s.WebApplicationContextInitializer : Root WebApplicationContext: initialization completed in 512 ms
2026-09-15 13:53:00.985  INFO 12804 --- [NA] [userId=anonymous] [  restartedMain] org.hibernate.orm.jpa                    : HHH008540: Processing PersistenceUnitInfo [name: default]
2026-09-15 13:53:01.024  INFO 12804 --- [NA] [userId=anonymous] [  restartedMain] o.s.o.j.p.SpringPersistenceUnitInfo      : No LoadTimeWeaver setup: ignoring JPA class transformer
2026-09-15 13:53:01.025  INFO 12804 --- [NA] [userId=anonymous] [  restartedMain] com.zaxxer.hikari.HikariDataSource       : HikariPool-6 - Starting...
2026-09-15 13:53:05.559  INFO 12804 --- [NA] [userId=anonymous] [  restartedMain] com.zaxxer.hikari.pool.HikariPool        : HikariPool-6 - Added connection com.mysql.cj.jdbc.ConnectionImpl@11cc78a8
2026-09-15 13:53:05.561  INFO 12804 --- [NA] [userId=anonymous] [  restartedMain] com.zaxxer.hikari.HikariDataSource       : HikariPool-6 - Start completed.
2026-09-15 13:53:05.564  INFO 12804 --- [NA] [userId=anonymous] [  restartedMain] org.hibernate.orm.connections.pooling    : HHH10001005: Database info:
	Database JDBC URL [jdbc:mysql://192.168.1.110:3306/dealspot_test?useSSL=false&serverTimezone=UTC]
	Database driver: MySQL Connector/J
	Database dialect: MySQLDialect
	Database version: 8.0.46
	Default catalog/schema: dealspot_test/undefined
	Autocommit mode: undefined/unknown
	Isolation level: REPEATABLE_READ [default REPEATABLE_READ]
	JDBC fetch size: none
	Pool: DataSourceConnectionProvider
	Minimum pool size: undefined/unknown
	Maximum pool size: undefined/unknown
2026-09-15 13:53:06.029  INFO 12804 --- [NA] [userId=anonymous] [  restartedMain] org.hibernate.orm.core                   : HHH000489: No JTA platform available (set 'hibernate.transaction.jta.platform' to enable JTA platform integration)
2026-09-15 13:53:06.030  INFO 12804 --- [NA] [userId=anonymous] [  restartedMain] org.hibernate.orm.jdbc.batch             : HHH100501: Automatic JDBC statement batching enabled (maximum batch size 500)
2026-09-15 13:53:06.276  INFO 12804 --- [NA] [userId=anonymous] [  restartedMain] j.LocalContainerEntityManagerFactoryBean : Initialized JPA EntityManagerFactory for persistence unit 'default'
2026-09-15 13:53:06.507 DEBUG 12804 --- [NA] [userId=anonymous] [  restartedMain] c.b.d.security.JwtAuthenticationFilter   : Filter 'jwtAuthenticationFilter' configured for use
2026-09-15 13:53:06.507 DEBUG 12804 --- [NA] [userId=anonymous] [  restartedMain] c.b.d.config.RequestLoggingFilter        : Filter 'requestLoggingFilter' configured for use
2026-09-15 13:53:07.164  WARN 12804 --- [NA] [userId=anonymous] [  restartedMain] JpaBaseConfiguration$JpaWebConfiguration : spring.jpa.open-in-view is enabled by default. Therefore, database queries may be performed during view rendering. Explicitly configure spring.jpa.open-in-view to disable this warning
2026-09-15 13:53:07.899  INFO 12804 --- [NA] [userId=anonymous] [  restartedMain] o.s.boot.tomcat.TomcatWebServer          : Tomcat started on port 8080 (http) with context path '/'
2026-09-15 13:53:07.905  INFO 12804 --- [NA] [userId=anonymous] [  restartedMain] c.backend.dealspot.DealspotApplication   : Started DealspotApplication in 7.521 seconds (process running for 3019.049)
2026-09-15 13:53:07.963  INFO 12804 --- [NA] [userId=anonymous] [  restartedMain] .ConditionEvaluationDeltaLoggingListener : Condition evaluation delta:


==========================
CONDITION EVALUATION DELTA
==========================


Positive matches:
-----------------

    None


Negative matches:
-----------------

   ServletWebSecurityAutoConfiguration.SecurityFilterChainConfiguration:
      Did not match:
         - AllNestedConditions 1 matched 1 did not; NestedCondition on DefaultWebSecurityCondition.Beans @ConditionalOnMissingBean (types: org.springframework.security.web.SecurityFilterChain; SearchStrategy: all) found beans of type 'org.springframework.security.web.SecurityFilterChain' filterChain; NestedCondition on DefaultWebSecurityCondition.Classes @ConditionalOnClass found required classes 'org.springframework.security.web.SecurityFilterChain', 'org.springframework.security.config.annotation.web.builders.HttpSecurity' (DefaultWebSecurityCondition)


Exclusions:
-----------

    None


Unconditional classes:
----------------------

    None



2026-09-15 13:53:38.839  INFO 12804 --- [NA] [userId=anonymous] [0.0-8080-exec-1] o.a.c.c.C.[Tomcat].[localhost].[/]       : Initializing Spring DispatcherServlet 'dispatcherServlet'
2026-09-15 13:53:38.839  INFO 12804 --- [NA] [userId=anonymous] [0.0-8080-exec-1] o.s.web.servlet.DispatcherServlet        : Initializing Servlet 'dispatcherServlet'
2026-09-15 13:53:38.843  INFO 12804 --- [NA] [userId=anonymous] [0.0-8080-exec-1] o.s.web.servlet.DispatcherServlet        : Completed initialization in 4 ms
2026-09-15 13:53:39.049  INFO 12804 --- [0c3816de] [userId=anonymous] [0.0-8080-exec-1] c.b.d.config.RequestLoggingFilter        : method=GET uri=/api/dealspot/offers/fetch-all-offers status=200 duration=205ms
2026-09-15 13:53:39.067 DEBUG 12804 --- [93d42ce4] [userId=anonymous] [0.0-8080-exec-2] c.b.dealspot.controller.AuthController   : Admin login attempt for email: admin@dealspot.com
2026-09-15 13:53:39.196  INFO 12804 --- [93d42ce4] [userId=anonymous] [0.0-8080-exec-2] c.b.dealspot.controller.AuthController   : Admin login successful for email: admin@dealspot.com
2026-09-15 13:53:39.203  INFO 12804 --- [93d42ce4] [userId=anonymous] [0.0-8080-exec-2] c.b.d.config.RequestLoggingFilter        : method=POST uri=/api/dealspot/auth/admin/login status=200 duration=138ms
2026-09-15 13:53:39.298 DEBUG 12804 --- [8e7dbaa5] [userId=anonymous] [0.0-8080-exec-3] c.b.dealspot.controller.AuthController   : User login attempt for email: nonexistent@dealspot.com
2026-09-15 13:53:39.317  WARN 12804 --- [8e7dbaa5] [userId=anonymous] [0.0-8080-exec-3] c.b.d.c.e.GlobalExceptionHandler         : Authentication failed: Invalid email or password
2026-09-15 13:53:39.323  WARN 12804 --- [8e7dbaa5] [userId=anonymous] [0.0-8080-exec-3] .m.m.a.ExceptionHandlerExceptionResolver : Resolved [org.springframework.security.authentication.BadCredentialsException: Invalid email or password]
2026-09-15 13:53:39.324  INFO 12804 --- [8e7dbaa5] [userId=anonymous] [0.0-8080-exec-3] c.b.d.config.RequestLoggingFilter        : method=POST uri=/api/dealspot/auth/user/login status=401 duration=28ms
2026-09-15 13:53:39.355  INFO 12804 --- [7544a25c] [userId=anonymous] [0.0-8080-exec-4] c.b.dealspot.controller.AuthController   : Received user registration request for email: admin@dealspot.com
2026-09-15 13:53:39.372  WARN 12804 --- [7544a25c] [userId=anonymous] [0.0-8080-exec-4] c.b.d.c.e.GlobalExceptionHandler         : Business runtime exception: Email already exists
2026-09-15 13:53:39.374  WARN 12804 --- [7544a25c] [userId=anonymous] [0.0-8080-exec-4] .m.m.a.ExceptionHandlerExceptionResolver : Resolved [java.lang.RuntimeException: Email already exists]
2026-09-15 13:53:39.375  INFO 12804 --- [7544a25c] [userId=anonymous] [0.0-8080-exec-4] c.b.d.config.RequestLoggingFilter        : method=POST uri=/api/dealspot/auth/user/register status=400 duration=26ms
2026-09-15 13:53:39.448 DEBUG 12804 --- [0c2e7246] [userId=1] [0.0-8080-exec-5] c.b.d.security.JwtAuthenticationFilter   : Authenticated user ID [1] with role(s) [[ROLE_SUPER_ADMIN]] for URI [/api/dealspot/admin/audit-logs]
2026-09-15 13:53:39.499  WARN 12804 --- [0c2e7246] [userId=1] [0.0-8080-exec-5] ration$PageModule$WarningLoggingModifier : Serializing PageImpl instances as-is is not supported, meaning that there is no guarantee about the stability of the resulting JSON structure!
	For a stable JSON structure, please use Spring Data's PagedModel (globally via @EnableSpringDataWebSupport(pageSerializationMode = VIA_DTO))
	or Spring HATEOAS and Spring Data's PagedResourcesAssembler as documented in https://docs.spring.io/spring-data/commons/reference/repositories/core-extensions.html#core.web.pageables.

2026-09-15 13:53:39.509  INFO 12804 --- [0c2e7246] [userId=1] [0.0-8080-exec-5] c.b.d.config.RequestLoggingFilter        : method=GET uri=/api/dealspot/admin/audit-logs status=200 duration=113ms
2026-09-15 13:54:15.591  INFO 12804 --- [bf9e4ab6] [userId=anonymous] [0.0-8080-exec-1] c.b.d.config.RequestLoggingFilter        : method=GET uri=/api/dealspot/brands/search?page=0&size=15&featured=true status=200 duration=14ms
2026-09-15 13:54:15.596  INFO 12804 --- [90dfc621] [userId=anonymous] [0.0-8080-exec-8] c.b.d.config.RequestLoggingFilter        : method=GET uri=/api/dealspot/categories/fetch-categories status=200 duration=19ms
2026-09-15 13:54:15.610  INFO 12804 --- [58c939be] [userId=anonymous] [0.0-8080-exec-7] c.b.d.config.RequestLoggingFilter        : method=GET uri=/api/dealspot/cities/fetch-all status=200 duration=38ms
2026-09-15 13:54:15.610  INFO 12804 --- [a4727f19] [userId=anonymous] [0.0-8080-exec-2] c.b.d.config.RequestLoggingFilter        : method=GET uri=/api/flyers/fetch-all-flyers status=200 duration=33ms
2026-09-15 13:54:15.632  INFO 12804 --- [0808d715] [userId=anonymous] [0.0-8080-exec-9] c.b.d.config.RequestLoggingFilter        : method=GET uri=/api/dealspot/stores/fetch-all-stores status=200 duration=55ms
2026-09-15 13:54:15.712  INFO 12804 --- [113ab7ae] [userId=anonymous] [0.0-8080-exec-3] c.b.d.config.RequestLoggingFilter        : method=GET uri=/api/dealspot/stores/fetch-all-stores status=200 duration=37ms
2026-09-15 13:54:15.732  INFO 12804 --- [ff299ec3] [userId=anonymous] [.0-8080-exec-10] c.b.d.config.RequestLoggingFilter        : method=GET uri=/api/dealspot/offers/fetch-all-offers status=200 duration=156ms
2026-09-15 13:54:35.691  INFO 22496 --- [NA] [userId=anonymous] [  restartedMain] c.backend.dealspot.DealspotApplication   : Starting DealspotApplication using Java 26.0.1 with PID 22496 (C:\Users\User\Desktop\DEVELOPMENT PROJECTS\DEALSPOT\SPRINGBOOT\target\classes started by User in C:\Users\User\Desktop\DEVELOPMENT PROJECTS\DEALSPOT\SPRINGBOOT)
2026-09-15 13:54:35.695 DEBUG 22496 --- [NA] [userId=anonymous] [  restartedMain] c.backend.dealspot.DealspotApplication   : Running with Spring Boot v4.0.6, Spring v7.0.7
2026-09-15 13:54:35.695  INFO 22496 --- [NA] [userId=anonymous] [  restartedMain] c.backend.dealspot.DealspotApplication   : No active profile set, falling back to 1 default profile: "default"
2026-09-15 13:54:35.754  INFO 22496 --- [NA] [userId=anonymous] [  restartedMain] .e.DevToolsPropertyDefaultsPostProcessor : Devtools property defaults active! Set 'spring.devtools.add-properties' to 'false' to disable
2026-09-15 13:54:35.754  INFO 22496 --- [NA] [userId=anonymous] [  restartedMain] .e.DevToolsPropertyDefaultsPostProcessor : For additional web related logging consider setting the 'logging.level.web' property to 'DEBUG'
2026-09-15 13:54:36.747  INFO 22496 --- [NA] [userId=anonymous] [  restartedMain] .s.d.r.c.RepositoryConfigurationDelegate : Bootstrapping Spring Data JPA repositories in DEFAULT mode.
2026-09-15 13:54:36.887  INFO 22496 --- [NA] [userId=anonymous] [  restartedMain] .s.d.r.c.RepositoryConfigurationDelegate : Finished Spring Data repository scanning in 131 ms. Found 22 JPA repository interfaces.
2026-09-15 13:54:37.569  INFO 22496 --- [NA] [userId=anonymous] [  restartedMain] o.s.boot.tomcat.TomcatWebServer          : Tomcat initialized with port 8080 (http)
2026-09-15 13:54:37.584  INFO 22496 --- [NA] [userId=anonymous] [  restartedMain] o.apache.catalina.core.StandardService   : Starting service [Tomcat]
2026-09-15 13:54:37.584  INFO 22496 --- [NA] [userId=anonymous] [  restartedMain] o.apache.catalina.core.StandardEngine    : Starting Servlet engine: [Apache Tomcat/11.0.21]
2026-09-15 13:54:37.659  INFO 22496 --- [NA] [userId=anonymous] [  restartedMain] b.w.c.s.WebApplicationContextInitializer : Root WebApplicationContext: initialization completed in 1904 ms
2026-09-15 13:54:37.834  INFO 22496 --- [NA] [userId=anonymous] [  restartedMain] org.hibernate.orm.jpa                    : HHH008540: Processing PersistenceUnitInfo [name: default]
2026-09-15 13:54:37.888  INFO 22496 --- [NA] [userId=anonymous] [  restartedMain] org.hibernate.orm.core                   : HHH000001: Hibernate ORM core version 7.2.12.Final
2026-09-15 13:54:38.335  INFO 22496 --- [NA] [userId=anonymous] [  restartedMain] o.s.o.j.p.SpringPersistenceUnitInfo      : No LoadTimeWeaver setup: ignoring JPA class transformer
2026-09-15 13:54:38.370  INFO 22496 --- [NA] [userId=anonymous] [  restartedMain] com.zaxxer.hikari.HikariDataSource       : HikariPool-1 - Starting...
2026-09-15 13:54:43.504  INFO 22496 --- [NA] [userId=anonymous] [  restartedMain] com.zaxxer.hikari.pool.HikariPool        : HikariPool-1 - Added connection com.mysql.cj.jdbc.ConnectionImpl@65bebfeb
2026-09-15 13:54:43.509  INFO 22496 --- [NA] [userId=anonymous] [  restartedMain] com.zaxxer.hikari.HikariDataSource       : HikariPool-1 - Start completed.
2026-09-15 13:54:43.586  INFO 22496 --- [NA] [userId=anonymous] [  restartedMain] org.hibernate.orm.connections.pooling    : HHH10001005: Database info:
	Database JDBC URL [jdbc:mysql://192.168.1.110:3306/dealspot_test?useSSL=false&serverTimezone=UTC]
	Database driver: MySQL Connector/J
	Database dialect: MySQLDialect
	Database version: 8.0.46
	Default catalog/schema: dealspot_test/undefined
	Autocommit mode: undefined/unknown
	Isolation level: REPEATABLE_READ [default REPEATABLE_READ]
	JDBC fetch size: none
	Pool: DataSourceConnectionProvider
	Minimum pool size: undefined/unknown
	Maximum pool size: undefined/unknown
2026-09-15 13:54:44.866  INFO 22496 --- [NA] [userId=anonymous] [  restartedMain] org.hibernate.orm.core                   : HHH000489: No JTA platform available (set 'hibernate.transaction.jta.platform' to enable JTA platform integration)
2026-09-15 13:54:44.870  INFO 22496 --- [NA] [userId=anonymous] [  restartedMain] org.hibernate.orm.jdbc.batch             : HHH100501: Automatic JDBC statement batching enabled (maximum batch size 500)
2026-09-15 13:54:45.195  INFO 22496 --- [NA] [userId=anonymous] [  restartedMain] j.LocalContainerEntityManagerFactoryBean : Initialized JPA EntityManagerFactory for persistence unit 'default'
2026-09-15 13:54:45.278  INFO 22496 --- [NA] [userId=anonymous] [  restartedMain] o.s.d.j.r.query.QueryEnhancerFactories   : Hibernate is in classpath; If applicable, HQL parser will be used.
2026-09-15 13:54:45.909 DEBUG 22496 --- [NA] [userId=anonymous] [  restartedMain] c.b.d.security.JwtAuthenticationFilter   : Filter 'jwtAuthenticationFilter' configured for use
2026-09-15 13:54:45.910 DEBUG 22496 --- [NA] [userId=anonymous] [  restartedMain] c.b.d.config.RequestLoggingFilter        : Filter 'requestLoggingFilter' configured for use
2026-09-15 13:54:48.150  WARN 22496 --- [NA] [userId=anonymous] [  restartedMain] JpaBaseConfiguration$JpaWebConfiguration : spring.jpa.open-in-view is enabled by default. Therefore, database queries may be performed during view rendering. Explicitly configure spring.jpa.open-in-view to disable this warning
2026-09-15 13:54:48.864  WARN 22496 --- [NA] [userId=anonymous] [  restartedMain] ConfigServletWebServerApplicationContext : Exception encountered during context initialization - cancelling refresh attempt: org.springframework.context.ApplicationContextException: Failed to start bean 'webServerStartStop'
2026-09-15 13:54:48.869  INFO 22496 --- [NA] [userId=anonymous] [  restartedMain] j.LocalContainerEntityManagerFactoryBean : Closing JPA EntityManagerFactory for persistence unit 'default'
2026-09-15 13:54:48.871  INFO 22496 --- [NA] [userId=anonymous] [  restartedMain] com.zaxxer.hikari.HikariDataSource       : HikariPool-1 - Shutdown initiated...
2026-09-15 13:54:52.742  INFO 22496 --- [NA] [userId=anonymous] [  restartedMain] com.zaxxer.hikari.HikariDataSource       : HikariPool-1 - Shutdown completed.
2026-09-15 13:54:52.755  INFO 22496 --- [NA] [userId=anonymous] [  restartedMain] .s.b.a.l.ConditionEvaluationReportLogger : 

Error starting ApplicationContext. To display the condition evaluation report re-run your application with 'debug' enabled.
2026-09-15 13:54:52.770 ERROR 22496 --- [NA] [userId=anonymous] [  restartedMain] o.s.b.d.LoggingFailureAnalysisReporter   : 

***************************
APPLICATION FAILED TO START
***************************

Description:

Web server failed to start. Port 8080 was already in use.

Action:

Identify and stop the process that's listening on port 8080 or configure this application to listen on another port.

2026-09-15 13:59:30.893  INFO 4872 --- [NA] [userId=anonymous] [  restartedMain] c.backend.dealspot.DealspotApplication   : Starting DealspotApplication using Java 26.0.1 with PID 4872 (C:\Users\User\Desktop\DEVELOPMENT PROJECTS\DEALSPOT\SPRINGBOOT\target\classes started by User in C:\Users\User\Desktop\DEVELOPMENT PROJECTS\DEALSPOT\SPRINGBOOT)
2026-09-15 13:59:30.895 DEBUG 4872 --- [NA] [userId=anonymous] [  restartedMain] c.backend.dealspot.DealspotApplication   : Running with Spring Boot v4.0.6, Spring v7.0.7
2026-09-15 13:59:30.895  INFO 4872 --- [NA] [userId=anonymous] [  restartedMain] c.backend.dealspot.DealspotApplication   : No active profile set, falling back to 1 default profile: "default"
2026-09-15 13:59:30.959  INFO 4872 --- [NA] [userId=anonymous] [  restartedMain] .e.DevToolsPropertyDefaultsPostProcessor : Devtools property defaults active! Set 'spring.devtools.add-properties' to 'false' to disable
2026-09-15 13:59:30.959  INFO 4872 --- [NA] [userId=anonymous] [  restartedMain] .e.DevToolsPropertyDefaultsPostProcessor : For additional web related logging consider setting the 'logging.level.web' property to 'DEBUG'
2026-09-15 13:59:31.874  INFO 4872 --- [NA] [userId=anonymous] [  restartedMain] .s.d.r.c.RepositoryConfigurationDelegate : Bootstrapping Spring Data JPA repositories in DEFAULT mode.
2026-09-15 13:59:32.022  INFO 4872 --- [NA] [userId=anonymous] [  restartedMain] .s.d.r.c.RepositoryConfigurationDelegate : Finished Spring Data repository scanning in 139 ms. Found 22 JPA repository interfaces.
2026-09-15 13:59:32.737  INFO 4872 --- [NA] [userId=anonymous] [  restartedMain] o.s.boot.tomcat.TomcatWebServer          : Tomcat initialized with port 8080 (http)
2026-09-15 13:59:32.757  INFO 4872 --- [NA] [userId=anonymous] [  restartedMain] o.apache.catalina.core.StandardService   : Starting service [Tomcat]
2026-09-15 13:59:32.758  INFO 4872 --- [NA] [userId=anonymous] [  restartedMain] o.apache.catalina.core.StandardEngine    : Starting Servlet engine: [Apache Tomcat/11.0.21]
2026-09-15 13:59:32.834  INFO 4872 --- [NA] [userId=anonymous] [  restartedMain] b.w.c.s.WebApplicationContextInitializer : Root WebApplicationContext: initialization completed in 1875 ms
2026-09-15 13:59:33.036  INFO 4872 --- [NA] [userId=anonymous] [  restartedMain] org.hibernate.orm.jpa                    : HHH008540: Processing PersistenceUnitInfo [name: default]
2026-09-15 13:59:33.093  INFO 4872 --- [NA] [userId=anonymous] [  restartedMain] org.hibernate.orm.core                   : HHH000001: Hibernate ORM core version 7.2.12.Final
2026-09-15 13:59:33.649  INFO 4872 --- [NA] [userId=anonymous] [  restartedMain] o.s.o.j.p.SpringPersistenceUnitInfo      : No LoadTimeWeaver setup: ignoring JPA class transformer
2026-09-15 13:59:33.707  INFO 4872 --- [NA] [userId=anonymous] [  restartedMain] com.zaxxer.hikari.HikariDataSource       : HikariPool-1 - Starting...
2026-09-15 13:59:38.886  INFO 4872 --- [NA] [userId=anonymous] [  restartedMain] com.zaxxer.hikari.pool.HikariPool        : HikariPool-1 - Added connection com.mysql.cj.jdbc.ConnectionImpl@559445fb
2026-09-15 13:59:38.888  INFO 4872 --- [NA] [userId=anonymous] [  restartedMain] com.zaxxer.hikari.HikariDataSource       : HikariPool-1 - Start completed.
2026-09-15 13:59:38.976  INFO 4872 --- [NA] [userId=anonymous] [  restartedMain] org.hibernate.orm.connections.pooling    : HHH10001005: Database info:
	Database JDBC URL [jdbc:mysql://192.168.1.110:3306/dealspot_test?useSSL=false&serverTimezone=UTC]
	Database driver: MySQL Connector/J
	Database dialect: MySQLDialect
	Database version: 8.0.46
	Default catalog/schema: dealspot_test/undefined
	Autocommit mode: undefined/unknown
	Isolation level: REPEATABLE_READ [default REPEATABLE_READ]
	JDBC fetch size: none
	Pool: DataSourceConnectionProvider
	Minimum pool size: undefined/unknown
	Maximum pool size: undefined/unknown
2026-09-15 13:59:40.338  INFO 4872 --- [NA] [userId=anonymous] [  restartedMain] org.hibernate.orm.core                   : HHH000489: No JTA platform available (set 'hibernate.transaction.jta.platform' to enable JTA platform integration)
2026-09-15 13:59:40.341  INFO 4872 --- [NA] [userId=anonymous] [  restartedMain] org.hibernate.orm.jdbc.batch             : HHH100501: Automatic JDBC statement batching enabled (maximum batch size 500)
2026-09-15 13:59:40.637  INFO 4872 --- [NA] [userId=anonymous] [  restartedMain] j.LocalContainerEntityManagerFactoryBean : Initialized JPA EntityManagerFactory for persistence unit 'default'
2026-09-15 13:59:40.747  INFO 4872 --- [NA] [userId=anonymous] [  restartedMain] o.s.d.j.r.query.QueryEnhancerFactories   : Hibernate is in classpath; If applicable, HQL parser will be used.
2026-09-15 13:59:41.450 DEBUG 4872 --- [NA] [userId=anonymous] [  restartedMain] c.b.d.security.JwtAuthenticationFilter   : Filter 'jwtAuthenticationFilter' configured for use
2026-09-15 13:59:41.452 DEBUG 4872 --- [NA] [userId=anonymous] [  restartedMain] c.b.d.config.RequestLoggingFilter        : Filter 'requestLoggingFilter' configured for use
2026-09-15 13:59:44.376  WARN 4872 --- [NA] [userId=anonymous] [  restartedMain] JpaBaseConfiguration$JpaWebConfiguration : spring.jpa.open-in-view is enabled by default. Therefore, database queries may be performed during view rendering. Explicitly configure spring.jpa.open-in-view to disable this warning
2026-09-15 13:59:45.244  WARN 4872 --- [NA] [userId=anonymous] [  restartedMain] ConfigServletWebServerApplicationContext : Exception encountered during context initialization - cancelling refresh attempt: org.springframework.context.ApplicationContextException: Failed to start bean 'webServerStartStop'
2026-09-15 13:59:45.250  INFO 4872 --- [NA] [userId=anonymous] [  restartedMain] j.LocalContainerEntityManagerFactoryBean : Closing JPA EntityManagerFactory for persistence unit 'default'
2026-09-15 13:59:45.252  INFO 4872 --- [NA] [userId=anonymous] [  restartedMain] com.zaxxer.hikari.HikariDataSource       : HikariPool-1 - Shutdown initiated...
2026-09-15 13:59:48.547  INFO 4872 --- [NA] [userId=anonymous] [  restartedMain] com.zaxxer.hikari.HikariDataSource       : HikariPool-1 - Shutdown completed.
2026-09-15 13:59:48.558  INFO 4872 --- [NA] [userId=anonymous] [  restartedMain] .s.b.a.l.ConditionEvaluationReportLogger : 

Error starting ApplicationContext. To display the condition evaluation report re-run your application with 'debug' enabled.
2026-09-15 13:59:48.577 ERROR 4872 --- [NA] [userId=anonymous] [  restartedMain] o.s.b.d.LoggingFailureAnalysisReporter   : 

***************************
APPLICATION FAILED TO START
***************************

Description:

Web server failed to start. Port 8080 was already in use.

Action:

Identify and stop the process that's listening on port 8080 or configure this application to listen on another port.

2026-09-15 14:00:09.228  INFO 22268 --- [NA] [userId=anonymous] [  restartedMain] c.backend.dealspot.DealspotApplication   : Starting DealspotApplication using Java 26.0.1 with PID 22268 (C:\Users\User\Desktop\DEVELOPMENT PROJECTS\DEALSPOT\SPRINGBOOT\target\classes started by User in C:\Users\User\Desktop\DEVELOPMENT PROJECTS\DEALSPOT\SPRINGBOOT)
2026-09-15 14:00:09.230 DEBUG 22268 --- [NA] [userId=anonymous] [  restartedMain] c.backend.dealspot.DealspotApplication   : Running with Spring Boot v4.0.6, Spring v7.0.7
2026-09-15 14:00:09.231  INFO 22268 --- [NA] [userId=anonymous] [  restartedMain] c.backend.dealspot.DealspotApplication   : No active profile set, falling back to 1 default profile: "default"
2026-09-15 14:00:09.284  INFO 22268 --- [NA] [userId=anonymous] [  restartedMain] .e.DevToolsPropertyDefaultsPostProcessor : Devtools property defaults active! Set 'spring.devtools.add-properties' to 'false' to disable
2026-09-15 14:00:09.284  INFO 22268 --- [NA] [userId=anonymous] [  restartedMain] .e.DevToolsPropertyDefaultsPostProcessor : For additional web related logging consider setting the 'logging.level.web' property to 'DEBUG'
2026-09-15 14:00:10.155  INFO 22268 --- [NA] [userId=anonymous] [  restartedMain] .s.d.r.c.RepositoryConfigurationDelegate : Bootstrapping Spring Data JPA repositories in DEFAULT mode.
2026-09-15 14:00:10.270  INFO 22268 --- [NA] [userId=anonymous] [  restartedMain] .s.d.r.c.RepositoryConfigurationDelegate : Finished Spring Data repository scanning in 107 ms. Found 22 JPA repository interfaces.
2026-09-15 14:00:10.928  INFO 22268 --- [NA] [userId=anonymous] [  restartedMain] o.s.boot.tomcat.TomcatWebServer          : Tomcat initialized with port 8080 (http)
2026-09-15 14:00:10.940  INFO 22268 --- [NA] [userId=anonymous] [  restartedMain] o.apache.catalina.core.StandardService   : Starting service [Tomcat]
2026-09-15 14:00:10.941  INFO 22268 --- [NA] [userId=anonymous] [  restartedMain] o.apache.catalina.core.StandardEngine    : Starting Servlet engine: [Apache Tomcat/11.0.21]
2026-09-15 14:00:11.007  INFO 22268 --- [NA] [userId=anonymous] [  restartedMain] b.w.c.s.WebApplicationContextInitializer : Root WebApplicationContext: initialization completed in 1722 ms
2026-09-15 14:00:11.165  INFO 22268 --- [NA] [userId=anonymous] [  restartedMain] org.hibernate.orm.jpa                    : HHH008540: Processing PersistenceUnitInfo [name: default]
2026-09-15 14:00:11.217  INFO 22268 --- [NA] [userId=anonymous] [  restartedMain] org.hibernate.orm.core                   : HHH000001: Hibernate ORM core version 7.2.12.Final
2026-09-15 14:00:11.647  INFO 22268 --- [NA] [userId=anonymous] [  restartedMain] o.s.o.j.p.SpringPersistenceUnitInfo      : No LoadTimeWeaver setup: ignoring JPA class transformer
2026-09-15 14:00:11.678  INFO 22268 --- [NA] [userId=anonymous] [  restartedMain] com.zaxxer.hikari.HikariDataSource       : HikariPool-1 - Starting...
2026-09-15 14:00:16.819  INFO 22268 --- [NA] [userId=anonymous] [  restartedMain] com.zaxxer.hikari.pool.HikariPool        : HikariPool-1 - Added connection com.mysql.cj.jdbc.ConnectionImpl@2c819edc
2026-09-15 14:00:16.821  INFO 22268 --- [NA] [userId=anonymous] [  restartedMain] com.zaxxer.hikari.HikariDataSource       : HikariPool-1 - Start completed.
2026-09-15 14:00:16.899  INFO 22268 --- [NA] [userId=anonymous] [  restartedMain] org.hibernate.orm.connections.pooling    : HHH10001005: Database info:
	Database JDBC URL [jdbc:mysql://192.168.1.110:3306/dealspot_test?useSSL=false&serverTimezone=UTC]
	Database driver: MySQL Connector/J
	Database dialect: MySQLDialect
	Database version: 8.0.46
	Default catalog/schema: dealspot_test/undefined
	Autocommit mode: undefined/unknown
	Isolation level: REPEATABLE_READ [default REPEATABLE_READ]
	JDBC fetch size: none
	Pool: DataSourceConnectionProvider
	Minimum pool size: undefined/unknown
	Maximum pool size: undefined/unknown
2026-09-15 14:00:18.176  INFO 22268 --- [NA] [userId=anonymous] [  restartedMain] org.hibernate.orm.core                   : HHH000489: No JTA platform available (set 'hibernate.transaction.jta.platform' to enable JTA platform integration)
2026-09-15 14:00:18.180  INFO 22268 --- [NA] [userId=anonymous] [  restartedMain] org.hibernate.orm.jdbc.batch             : HHH100501: Automatic JDBC statement batching enabled (maximum batch size 500)
2026-09-15 14:00:18.488  INFO 22268 --- [NA] [userId=anonymous] [  restartedMain] j.LocalContainerEntityManagerFactoryBean : Initialized JPA EntityManagerFactory for persistence unit 'default'
2026-09-15 14:00:18.601  INFO 22268 --- [NA] [userId=anonymous] [  restartedMain] o.s.d.j.r.query.QueryEnhancerFactories   : Hibernate is in classpath; If applicable, HQL parser will be used.
2026-09-15 14:00:19.305 DEBUG 22268 --- [NA] [userId=anonymous] [  restartedMain] c.b.d.security.JwtAuthenticationFilter   : Filter 'jwtAuthenticationFilter' configured for use
2026-09-15 14:00:19.306 DEBUG 22268 --- [NA] [userId=anonymous] [  restartedMain] c.b.d.config.RequestLoggingFilter        : Filter 'requestLoggingFilter' configured for use
2026-09-15 14:00:21.662  WARN 22268 --- [NA] [userId=anonymous] [  restartedMain] JpaBaseConfiguration$JpaWebConfiguration : spring.jpa.open-in-view is enabled by default. Therefore, database queries may be performed during view rendering. Explicitly configure spring.jpa.open-in-view to disable this warning
2026-09-15 14:00:22.475  WARN 22268 --- [NA] [userId=anonymous] [  restartedMain] ConfigServletWebServerApplicationContext : Exception encountered during context initialization - cancelling refresh attempt: org.springframework.context.ApplicationContextException: Failed to start bean 'webServerStartStop'
2026-09-15 14:00:22.480  INFO 22268 --- [NA] [userId=anonymous] [  restartedMain] j.LocalContainerEntityManagerFactoryBean : Closing JPA EntityManagerFactory for persistence unit 'default'
2026-09-15 14:00:22.483  INFO 22268 --- [NA] [userId=anonymous] [  restartedMain] com.zaxxer.hikari.HikariDataSource       : HikariPool-1 - Shutdown initiated...
2026-09-15 14:00:26.473  INFO 22268 --- [NA] [userId=anonymous] [  restartedMain] com.zaxxer.hikari.HikariDataSource       : HikariPool-1 - Shutdown completed.
2026-09-15 14:00:26.483  INFO 22268 --- [NA] [userId=anonymous] [  restartedMain] .s.b.a.l.ConditionEvaluationReportLogger : 

Error starting ApplicationContext. To display the condition evaluation report re-run your application with 'debug' enabled.
2026-09-15 14:00:26.499 ERROR 22268 --- [NA] [userId=anonymous] [  restartedMain] o.s.b.d.LoggingFailureAnalysisReporter   : 

***************************
APPLICATION FAILED TO START
***************************

Description:

Web server failed to start. Port 8080 was already in use.

Action:

Identify and stop the process that's listening on port 8080 or configure this application to listen on another port.

2026-09-15 14:02:29.114  INFO 14108 --- [NA] [userId=anonymous] [  restartedMain] c.backend.dealspot.DealspotApplication   : Starting DealspotApplication using Java 26.0.1 with PID 14108 (C:\Users\User\Desktop\DEVELOPMENT PROJECTS\DEALSPOT\SPRINGBOOT\target\classes started by User in C:\Users\User\Desktop\DEVELOPMENT PROJECTS\DEALSPOT\SPRINGBOOT)
2026-09-15 14:02:29.130 DEBUG 14108 --- [NA] [userId=anonymous] [  restartedMain] c.backend.dealspot.DealspotApplication   : Running with Spring Boot v4.0.6, Spring v7.0.7
2026-09-15 14:02:29.136  INFO 14108 --- [NA] [userId=anonymous] [  restartedMain] c.backend.dealspot.DealspotApplication   : No active profile set, falling back to 1 default profile: "default"
2026-09-15 14:02:29.496  INFO 14108 --- [NA] [userId=anonymous] [  restartedMain] .e.DevToolsPropertyDefaultsPostProcessor : Devtools property defaults active! Set 'spring.devtools.add-properties' to 'false' to disable
2026-09-15 14:02:29.497  INFO 14108 --- [NA] [userId=anonymous] [  restartedMain] .e.DevToolsPropertyDefaultsPostProcessor : For additional web related logging consider setting the 'logging.level.web' property to 'DEBUG'
2026-09-15 14:02:34.029  INFO 14108 --- [NA] [userId=anonymous] [  restartedMain] .s.d.r.c.RepositoryConfigurationDelegate : Bootstrapping Spring Data JPA repositories in DEFAULT mode.
2026-09-15 14:02:34.988  INFO 14108 --- [NA] [userId=anonymous] [  restartedMain] .s.d.r.c.RepositoryConfigurationDelegate : Finished Spring Data repository scanning in 885 ms. Found 22 JPA repository interfaces.
2026-09-15 14:02:37.533  INFO 14108 --- [NA] [userId=anonymous] [  restartedMain] o.s.boot.tomcat.TomcatWebServer          : Tomcat initialized with port 8080 (http)
2026-09-15 14:02:37.562  INFO 14108 --- [NA] [userId=anonymous] [  restartedMain] o.apache.catalina.core.StandardService   : Starting service [Tomcat]
2026-09-15 14:02:37.564  INFO 14108 --- [NA] [userId=anonymous] [  restartedMain] o.apache.catalina.core.StandardEngine    : Starting Servlet engine: [Apache Tomcat/11.0.21]
2026-09-15 14:02:37.793  INFO 14108 --- [NA] [userId=anonymous] [  restartedMain] b.w.c.s.WebApplicationContextInitializer : Root WebApplicationContext: initialization completed in 8292 ms
2026-09-15 14:02:38.201  INFO 14108 --- [NA] [userId=anonymous] [  restartedMain] org.hibernate.orm.jpa                    : HHH008540: Processing PersistenceUnitInfo [name: default]
2026-09-15 14:02:38.374  INFO 14108 --- [NA] [userId=anonymous] [  restartedMain] org.hibernate.orm.core                   : HHH000001: Hibernate ORM core version 7.2.12.Final
2026-09-15 14:02:39.526  INFO 14108 --- [NA] [userId=anonymous] [  restartedMain] o.s.o.j.p.SpringPersistenceUnitInfo      : No LoadTimeWeaver setup: ignoring JPA class transformer
2026-09-15 14:02:39.659  INFO 14108 --- [NA] [userId=anonymous] [  restartedMain] com.zaxxer.hikari.HikariDataSource       : HikariPool-1 - Starting...
2026-09-15 14:02:45.343  INFO 14108 --- [NA] [userId=anonymous] [  restartedMain] com.zaxxer.hikari.pool.HikariPool        : HikariPool-1 - Added connection com.mysql.cj.jdbc.ConnectionImpl@77414c35
2026-09-15 14:02:45.346  INFO 14108 --- [NA] [userId=anonymous] [  restartedMain] com.zaxxer.hikari.HikariDataSource       : HikariPool-1 - Start completed.
2026-09-15 14:02:45.533  INFO 14108 --- [NA] [userId=anonymous] [  restartedMain] org.hibernate.orm.connections.pooling    : HHH10001005: Database info:
	Database JDBC URL [jdbc:mysql://192.168.1.110:3306/dealspot_test?useSSL=false&serverTimezone=UTC]
	Database driver: MySQL Connector/J
	Database dialect: MySQLDialect
	Database version: 8.0.46
	Default catalog/schema: dealspot_test/undefined
	Autocommit mode: undefined/unknown
	Isolation level: REPEATABLE_READ [default REPEATABLE_READ]
	JDBC fetch size: none
	Pool: DataSourceConnectionProvider
	Minimum pool size: undefined/unknown
	Maximum pool size: undefined/unknown
2026-09-15 14:02:49.174  INFO 14108 --- [NA] [userId=anonymous] [  restartedMain] org.hibernate.orm.core                   : HHH000489: No JTA platform available (set 'hibernate.transaction.jta.platform' to enable JTA platform integration)
2026-09-15 14:02:49.181  INFO 14108 --- [NA] [userId=anonymous] [  restartedMain] org.hibernate.orm.jdbc.batch             : HHH100501: Automatic JDBC statement batching enabled (maximum batch size 500)
2026-09-15 14:02:49.491  INFO 14108 --- [NA] [userId=anonymous] [  restartedMain] j.LocalContainerEntityManagerFactoryBean : Initialized JPA EntityManagerFactory for persistence unit 'default'
2026-09-15 14:02:49.636  INFO 14108 --- [NA] [userId=anonymous] [  restartedMain] o.s.d.j.r.query.QueryEnhancerFactories   : Hibernate is in classpath; If applicable, HQL parser will be used.
2026-09-15 14:02:50.492 DEBUG 14108 --- [NA] [userId=anonymous] [  restartedMain] c.b.d.security.JwtAuthenticationFilter   : Filter 'jwtAuthenticationFilter' configured for use
2026-09-15 14:02:50.493 DEBUG 14108 --- [NA] [userId=anonymous] [  restartedMain] c.b.d.config.RequestLoggingFilter        : Filter 'requestLoggingFilter' configured for use
2026-09-15 14:02:52.850  WARN 14108 --- [NA] [userId=anonymous] [  restartedMain] JpaBaseConfiguration$JpaWebConfiguration : spring.jpa.open-in-view is enabled by default. Therefore, database queries may be performed during view rendering. Explicitly configure spring.jpa.open-in-view to disable this warning
2026-09-15 14:02:53.659  INFO 14108 --- [NA] [userId=anonymous] [  restartedMain] o.s.boot.tomcat.TomcatWebServer          : Tomcat started on port 8080 (http) with context path '/'
2026-09-15 14:02:53.667  INFO 14108 --- [NA] [userId=anonymous] [  restartedMain] c.backend.dealspot.DealspotApplication   : Started DealspotApplication in 27.087 seconds (process running for 28.786)
2026-09-15 14:04:05.034  INFO 14108 --- [NA] [userId=anonymous] [0.0-8080-exec-4] o.a.c.c.C.[Tomcat].[localhost].[/]       : Initializing Spring DispatcherServlet 'dispatcherServlet'
2026-09-15 14:04:05.041  INFO 14108 --- [NA] [userId=anonymous] [0.0-8080-exec-4] o.s.web.servlet.DispatcherServlet        : Initializing Servlet 'dispatcherServlet'
2026-09-15 14:04:05.057  INFO 14108 --- [NA] [userId=anonymous] [0.0-8080-exec-4] o.s.web.servlet.DispatcherServlet        : Completed initialization in 8 ms
2026-09-15 14:04:05.258  INFO 14108 --- [d4a6ecc0] [userId=anonymous] [0.0-8080-exec-4] c.b.d.config.RequestLoggingFilter        : method=OPTIONS uri=/api/dealspot/offers/my-saved status=200 duration=168ms
2026-09-15 14:04:05.258  INFO 14108 --- [0a774678] [userId=anonymous] [0.0-8080-exec-1] c.b.d.config.RequestLoggingFilter        : method=OPTIONS uri=/api/dealspot/cities/fetch-all status=200 duration=167ms
2026-09-15 14:04:05.258  INFO 14108 --- [aceba5b2] [userId=anonymous] [0.0-8080-exec-3] c.b.d.config.RequestLoggingFilter        : method=OPTIONS uri=/api/dealspot/notifications/unread-count status=200 duration=166ms
2026-09-15 14:04:05.258  INFO 14108 --- [504b2762] [userId=anonymous] [0.0-8080-exec-6] c.b.d.config.RequestLoggingFilter        : method=OPTIONS uri=/api/dealspot/categories/fetch-categories status=200 duration=168ms
2026-09-15 14:04:05.258  INFO 14108 --- [2d9a3c21] [userId=anonymous] [0.0-8080-exec-5] c.b.d.config.RequestLoggingFilter        : method=OPTIONS uri=/api/dealspot/stores/fetch-all-stores status=200 duration=170ms
2026-09-15 14:04:05.258  INFO 14108 --- [69672659] [userId=anonymous] [0.0-8080-exec-2] c.b.d.config.RequestLoggingFilter        : method=OPTIONS uri=/api/dealspot/notifications/my?page=0&size=5 status=200 duration=169ms
2026-09-15 14:04:05.268  INFO 14108 --- [4d5703bc] [userId=anonymous] [0.0-8080-exec-1] c.b.d.config.RequestLoggingFilter        : method=OPTIONS uri=/api/dealspot/offers/fetch-all-offers status=200 duration=3ms
2026-09-15 14:04:05.270  INFO 14108 --- [ea969165] [userId=anonymous] [0.0-8080-exec-8] c.b.d.config.RequestLoggingFilter        : method=OPTIONS uri=/api/dealspot/brands/search?page=0&size=15&featured=true status=200 duration=0ms
2026-09-15 14:04:05.270  INFO 14108 --- [0682f104] [userId=anonymous] [0.0-8080-exec-7] c.b.d.config.RequestLoggingFilter        : method=OPTIONS uri=/api/flyers/fetch-all-flyers status=200 duration=2ms
2026-09-15 14:04:05.276  INFO 14108 --- [9ccb69ac] [userId=anonymous] [0.0-8080-exec-9] c.b.d.config.RequestLoggingFilter        : method=OPTIONS uri=/api/dealspot/offers/my-saved status=200 duration=7ms
2026-09-15 14:04:05.630 DEBUG 14108 --- [8b0bd91d] [userId=2] [0.0-8080-exec-4] c.b.d.security.JwtAuthenticationFilter   : Authenticated user ID [2] with role(s) [[ROLE_SUPER_ADMIN]] for URI [/api/dealspot/stores/fetch-all-stores]
2026-09-15 14:04:05.630 DEBUG 14108 --- [e84dfc1b] [userId=2] [0.0-8080-exec-1] c.b.d.security.JwtAuthenticationFilter   : Authenticated user ID [2] with role(s) [[ROLE_SUPER_ADMIN]] for URI [/api/dealspot/offers/my-saved]
2026-09-15 14:04:05.630 DEBUG 14108 --- [e91bfda8] [userId=2] [0.0-8080-exec-6] c.b.d.security.JwtAuthenticationFilter   : Authenticated user ID [2] with role(s) [[ROLE_SUPER_ADMIN]] for URI [/api/dealspot/notifications/unread-count]
2026-09-15 14:04:05.630 DEBUG 14108 --- [1a7175f0] [userId=2] [0.0-8080-exec-3] c.b.d.security.JwtAuthenticationFilter   : Authenticated user ID [2] with role(s) [[ROLE_SUPER_ADMIN]] for URI [/api/dealspot/categories/fetch-categories]
2026-09-15 14:04:05.630 DEBUG 14108 --- [befeb8f2] [userId=2] [0.0-8080-exec-5] c.b.d.security.JwtAuthenticationFilter   : Authenticated user ID [2] with role(s) [[ROLE_SUPER_ADMIN]] for URI [/api/dealspot/notifications/my]
2026-09-15 14:04:05.630 DEBUG 14108 --- [7a861dcc] [userId=2] [.0-8080-exec-10] c.b.d.security.JwtAuthenticationFilter   : Authenticated user ID [2] with role(s) [[ROLE_SUPER_ADMIN]] for URI [/api/dealspot/cities/fetch-all]
2026-09-15 14:04:05.748  INFO 14108 --- [e84dfc1b] [userId=2] [0.0-8080-exec-1] c.b.d.config.RequestLoggingFilter        : method=GET uri=/api/dealspot/offers/my-saved status=200 duration=453ms
2026-09-15 14:04:05.753  INFO 14108 --- [e91bfda8] [userId=2] [0.0-8080-exec-6] c.b.d.config.RequestLoggingFilter        : method=GET uri=/api/dealspot/notifications/unread-count status=200 duration=467ms
2026-09-15 14:04:05.764 DEBUG 14108 --- [5fd65362] [userId=2] [0.0-8080-exec-2] c.b.d.security.JwtAuthenticationFilter   : Authenticated user ID [2] with role(s) [[ROLE_SUPER_ADMIN]] for URI [/api/dealspot/offers/fetch-all-offers]
2026-09-15 14:04:05.771 DEBUG 14108 --- [352e18d3] [userId=2] [0.0-8080-exec-8] c.b.d.security.JwtAuthenticationFilter   : Authenticated user ID [2] with role(s) [[ROLE_SUPER_ADMIN]] for URI [/api/dealspot/brands/search]
2026-09-15 14:04:05.795  WARN 14108 --- [352e18d3] [userId=2] [0.0-8080-exec-8] ration$PageModule$WarningLoggingModifier : Serializing PageImpl instances as-is is not supported, meaning that there is no guarantee about the stability of the resulting JSON structure!
	For a stable JSON structure, please use Spring Data's PagedModel (globally via @EnableSpringDataWebSupport(pageSerializationMode = VIA_DTO))
	or Spring HATEOAS and Spring Data's PagedResourcesAssembler as documented in https://docs.spring.io/spring-data/commons/reference/repositories/core-extensions.html#core.web.pageables.

2026-09-15 14:04:05.801  INFO 14108 --- [8b0bd91d] [userId=2] [0.0-8080-exec-4] c.b.d.config.RequestLoggingFilter        : method=GET uri=/api/dealspot/stores/fetch-all-stores status=200 duration=492ms
2026-09-15 14:04:05.804  INFO 14108 --- [7a861dcc] [userId=2] [.0-8080-exec-10] c.b.d.config.RequestLoggingFilter        : method=GET uri=/api/dealspot/cities/fetch-all status=200 duration=526ms
2026-09-15 14:04:05.810  INFO 14108 --- [1a7175f0] [userId=2] [0.0-8080-exec-3] c.b.d.config.RequestLoggingFilter        : method=GET uri=/api/dealspot/categories/fetch-categories status=200 duration=510ms
2026-09-15 14:04:05.822  INFO 14108 --- [352e18d3] [userId=2] [0.0-8080-exec-8] c.b.d.config.RequestLoggingFilter        : method=GET uri=/api/dealspot/brands/search?page=0&size=15&featured=true status=200 duration=67ms
2026-09-15 14:04:05.833 DEBUG 14108 --- [487fdb48] [userId=2] [0.0-8080-exec-7] c.b.d.security.JwtAuthenticationFilter   : Authenticated user ID [2] with role(s) [[ROLE_SUPER_ADMIN]] for URI [/api/dealspot/offers/my-saved]
2026-09-15 14:04:05.856 DEBUG 14108 --- [4b49558d] [userId=2] [0.0-8080-exec-4] c.b.d.security.JwtAuthenticationFilter   : Authenticated user ID [2] with role(s) [[ROLE_SUPER_ADMIN]] for URI [/api/flyers/fetch-all-flyers]
2026-09-15 14:04:05.867  INFO 14108 --- [befeb8f2] [userId=2] [0.0-8080-exec-5] c.b.d.config.RequestLoggingFilter        : method=GET uri=/api/dealspot/notifications/my?page=0&size=5 status=200 duration=550ms
2026-09-15 14:04:05.901 DEBUG 14108 --- [69c75b73] [userId=2] [0.0-8080-exec-9] c.b.d.security.JwtAuthenticationFilter   : Authenticated user ID [2] with role(s) [[ROLE_SUPER_ADMIN]] for URI [/api/dealspot/stores/fetch-all-stores]
2026-09-15 14:04:05.911  INFO 14108 --- [487fdb48] [userId=2] [0.0-8080-exec-7] c.b.d.config.RequestLoggingFilter        : method=GET uri=/api/dealspot/offers/my-saved status=200 duration=95ms
2026-09-15 14:04:05.990  INFO 14108 --- [69c75b73] [userId=2] [0.0-8080-exec-9] c.b.d.config.RequestLoggingFilter        : method=GET uri=/api/dealspot/stores/fetch-all-stores status=200 duration=124ms
2026-09-15 14:04:06.008  INFO 14108 --- [4b49558d] [userId=2] [0.0-8080-exec-4] c.b.d.config.RequestLoggingFilter        : method=GET uri=/api/flyers/fetch-all-flyers status=200 duration=197ms
2026-09-15 14:04:06.276  INFO 14108 --- [5fd65362] [userId=2] [0.0-8080-exec-2] c.b.d.config.RequestLoggingFilter        : method=GET uri=/api/dealspot/offers/fetch-all-offers status=200 duration=527ms
2026-09-15 14:04:29.709 DEBUG 14108 --- [302f5fb9] [userId=2] [0.0-8080-exec-6] c.b.d.security.JwtAuthenticationFilter   : Authenticated user ID [2] with role(s) [[ROLE_SUPER_ADMIN]] for URI [/api/dealspot/notifications/my]
2026-09-15 14:04:29.731 DEBUG 14108 --- [7a85ad86] [userId=2] [.0-8080-exec-10] c.b.d.security.JwtAuthenticationFilter   : Authenticated user ID [2] with role(s) [[ROLE_SUPER_ADMIN]] for URI [/api/dealspot/cities/fetch-all]
2026-09-15 14:04:29.739 DEBUG 14108 --- [350dcf81] [userId=2] [0.0-8080-exec-1] c.b.d.security.JwtAuthenticationFilter   : Authenticated user ID [2] with role(s) [[ROLE_SUPER_ADMIN]] for URI [/api/dealspot/notifications/unread-count]
2026-09-15 14:04:29.781 DEBUG 14108 --- [f659af75] [userId=2] [0.0-8080-exec-8] c.b.d.security.JwtAuthenticationFilter   : Authenticated user ID [2] with role(s) [[ROLE_SUPER_ADMIN]] for URI [/api/dealspot/stores/fetch-all-stores]
2026-09-15 14:04:29.799 DEBUG 14108 --- [e0a85f06] [userId=2] [0.0-8080-exec-3] c.b.d.security.JwtAuthenticationFilter   : Authenticated user ID [2] with role(s) [[ROLE_SUPER_ADMIN]] for URI [/api/dealspot/offers/my-saved]
2026-09-15 14:04:29.800 DEBUG 14108 --- [005b460f] [userId=2] [0.0-8080-exec-5] c.b.d.security.JwtAuthenticationFilter   : Authenticated user ID [2] with role(s) [[ROLE_SUPER_ADMIN]] for URI [/api/dealspot/categories/fetch-categories]
2026-09-15 14:04:29.811  INFO 14108 --- [7a85ad86] [userId=2] [.0-8080-exec-10] c.b.d.config.RequestLoggingFilter        : method=GET uri=/api/dealspot/cities/fetch-all status=200 duration=131ms
2026-09-15 14:04:29.852  INFO 14108 --- [e0a85f06] [userId=2] [0.0-8080-exec-3] c.b.d.config.RequestLoggingFilter        : method=GET uri=/api/dealspot/offers/my-saved status=200 duration=140ms
2026-09-15 14:04:29.868  INFO 14108 --- [350dcf81] [userId=2] [0.0-8080-exec-1] c.b.d.config.RequestLoggingFilter        : method=GET uri=/api/dealspot/notifications/unread-count status=200 duration=193ms
2026-09-15 14:04:29.871  INFO 14108 --- [302f5fb9] [userId=2] [0.0-8080-exec-6] c.b.d.config.RequestLoggingFilter        : method=GET uri=/api/dealspot/notifications/my?page=0&size=5 status=200 duration=191ms
2026-09-15 14:04:29.888 DEBUG 14108 --- [8e737161] [userId=2] [0.0-8080-exec-7] c.b.d.security.JwtAuthenticationFilter   : Authenticated user ID [2] with role(s) [[ROLE_SUPER_ADMIN]] for URI [/api/dealspot/offers/fetch-all-offers]
2026-09-15 14:04:29.929  INFO 14108 --- [005b460f] [userId=2] [0.0-8080-exec-5] c.b.d.config.RequestLoggingFilter        : method=GET uri=/api/dealspot/categories/fetch-categories status=200 duration=199ms
2026-09-15 14:04:29.941 DEBUG 14108 --- [3b6c1fc4] [userId=2] [0.0-8080-exec-6] c.b.d.security.JwtAuthenticationFilter   : Authenticated user ID [2] with role(s) [[ROLE_SUPER_ADMIN]] for URI [/api/dealspot/brands/search]
2026-09-15 14:04:29.941 DEBUG 14108 --- [19e55f73] [userId=2] [0.0-8080-exec-9] c.b.d.security.JwtAuthenticationFilter   : Authenticated user ID [2] with role(s) [[ROLE_SUPER_ADMIN]] for URI [/api/flyers/fetch-all-flyers]
2026-09-15 14:04:29.949 DEBUG 14108 --- [27f56f9f] [userId=2] [0.0-8080-exec-4] c.b.d.security.JwtAuthenticationFilter   : Authenticated user ID [2] with role(s) [[ROLE_SUPER_ADMIN]] for URI [/api/dealspot/offers/my-saved]
2026-09-15 14:04:29.957  INFO 14108 --- [f659af75] [userId=2] [0.0-8080-exec-8] c.b.d.config.RequestLoggingFilter        : method=GET uri=/api/dealspot/stores/fetch-all-stores status=200 duration=227ms
2026-09-15 14:04:29.981  INFO 14108 --- [3b6c1fc4] [userId=2] [0.0-8080-exec-6] c.b.d.config.RequestLoggingFilter        : method=GET uri=/api/dealspot/brands/search?page=0&size=15&featured=true status=200 duration=81ms
2026-09-15 14:04:29.988  INFO 14108 --- [19e55f73] [userId=2] [0.0-8080-exec-9] c.b.d.config.RequestLoggingFilter        : method=GET uri=/api/flyers/fetch-all-flyers status=200 duration=95ms
2026-09-15 14:04:30.010  INFO 14108 --- [27f56f9f] [userId=2] [0.0-8080-exec-4] c.b.d.config.RequestLoggingFilter        : method=GET uri=/api/dealspot/offers/my-saved status=200 duration=108ms
2026-09-15 14:04:30.160 DEBUG 14108 --- [25512e9b] [userId=2] [.0-8080-exec-10] c.b.d.security.JwtAuthenticationFilter   : Authenticated user ID [2] with role(s) [[ROLE_SUPER_ADMIN]] for URI [/api/dealspot/stores/fetch-all-stores]
2026-09-15 14:04:30.498  INFO 14108 --- [25512e9b] [userId=2] [.0-8080-exec-10] c.b.d.config.RequestLoggingFilter        : method=GET uri=/api/dealspot/stores/fetch-all-stores status=200 duration=425ms
2026-09-15 14:04:30.579  INFO 14108 --- [8e737161] [userId=2] [0.0-8080-exec-7] c.b.d.config.RequestLoggingFilter        : method=GET uri=/api/dealspot/offers/fetch-all-offers status=200 duration=737ms
2026-09-15 14:05:03.833  INFO 14108 --- [ec680c6b] [userId=anonymous] [0.0-8080-exec-3] c.b.d.config.RequestLoggingFilter        : method=GET uri=/api/dealspot/cities/fetch-all status=200 duration=81ms
2026-09-15 14:05:07.317  INFO 14108 --- [61374dee] [userId=anonymous] [0.0-8080-exec-1] c.b.d.config.RequestLoggingFilter        : method=OPTIONS uri=/api/dealspot/auth/admin/login status=200 duration=1ms
2026-09-15 14:05:07.377 DEBUG 14108 --- [e2c738c1] [userId=anonymous] [0.0-8080-exec-2] c.b.dealspot.controller.AuthController   : Admin login attempt for email: admin@1
2026-09-15 14:05:07.611  INFO 14108 --- [e2c738c1] [userId=anonymous] [0.0-8080-exec-2] c.b.dealspot.controller.AuthController   : Admin login successful for email: admin@1
2026-09-15 14:05:07.619  INFO 14108 --- [e2c738c1] [userId=anonymous] [0.0-8080-exec-2] c.b.d.config.RequestLoggingFilter        : method=POST uri=/api/dealspot/auth/admin/login status=200 duration=299ms
2026-09-15 14:05:08.174  INFO 14108 --- [dcbc59cd] [userId=anonymous] [0.0-8080-exec-6] c.b.d.config.RequestLoggingFilter        : method=OPTIONS uri=/api/coupons/fetch-all status=200 duration=2ms
2026-09-15 14:05:08.175  INFO 14108 --- [064f0435] [userId=anonymous] [0.0-8080-exec-8] c.b.d.config.RequestLoggingFilter        : method=OPTIONS uri=/api/dealspot/admin/partner-requests?status=PENDING status=200 duration=3ms
2026-09-15 14:05:08.177  INFO 14108 --- [5ac96445] [userId=anonymous] [0.0-8080-exec-9] c.b.d.config.RequestLoggingFilter        : method=OPTIONS uri=/api/dealspot/admin/audit-logs/recent status=200 duration=3ms
2026-09-15 14:05:08.178  INFO 14108 --- [d0cac7da] [userId=anonymous] [0.0-8080-exec-5] c.b.d.config.RequestLoggingFilter        : method=OPTIONS uri=/api/dealspot/offers/fetch-all-offers?includeExpired=true status=200 duration=6ms
2026-09-15 14:05:08.217 DEBUG 14108 --- [6ff4a98d] [userId=2] [.0-8080-exec-10] c.b.d.security.JwtAuthenticationFilter   : Authenticated user ID [2] with role(s) [[ROLE_SUPER_ADMIN]] for URI [/api/dealspot/notifications/my]
2026-09-15 14:05:08.227 DEBUG 14108 --- [e7532c43] [userId=2] [0.0-8080-exec-7] c.b.d.security.JwtAuthenticationFilter   : Authenticated user ID [2] with role(s) [[ROLE_SUPER_ADMIN]] for URI [/api/dealspot/stores/fetch-all-stores]
2026-09-15 14:05:08.227 DEBUG 14108 --- [c5016cb8] [userId=2] [0.0-8080-exec-2] c.b.d.security.JwtAuthenticationFilter   : Authenticated user ID [2] with role(s) [[ROLE_SUPER_ADMIN]] for URI [/api/dealspot/admin/partner-requests]
2026-09-15 14:05:08.234 DEBUG 14108 --- [b0b31f6f] [userId=2] [0.0-8080-exec-1] c.b.d.security.JwtAuthenticationFilter   : Authenticated user ID [2] with role(s) [[ROLE_SUPER_ADMIN]] for URI [/api/coupons/fetch-all]
2026-09-15 14:05:08.243 DEBUG 14108 --- [9889a63e] [userId=2] [0.0-8080-exec-3] c.b.d.security.JwtAuthenticationFilter   : Authenticated user ID [2] with role(s) [[ROLE_SUPER_ADMIN]] for URI [/api/flyers/fetch-all-flyers]
2026-09-15 14:05:08.244 DEBUG 14108 --- [abf3aa00] [userId=2] [0.0-8080-exec-4] c.b.d.security.JwtAuthenticationFilter   : Authenticated user ID [2] with role(s) [[ROLE_SUPER_ADMIN]] for URI [/api/dealspot/notifications/unread-count]
2026-09-15 14:05:08.305  INFO 14108 --- [b0b31f6f] [userId=2] [0.0-8080-exec-1] c.b.d.config.RequestLoggingFilter        : method=GET uri=/api/coupons/fetch-all status=200 duration=92ms
2026-09-15 14:05:08.308  INFO 14108 --- [c5016cb8] [userId=2] [0.0-8080-exec-2] c.b.d.config.RequestLoggingFilter        : method=GET uri=/api/dealspot/admin/partner-requests?status=PENDING status=200 duration=97ms
2026-09-15 14:05:08.318  INFO 14108 --- [9889a63e] [userId=2] [0.0-8080-exec-3] c.b.d.config.RequestLoggingFilter        : method=GET uri=/api/flyers/fetch-all-flyers status=200 duration=110ms
2026-09-15 14:05:08.320  INFO 14108 --- [abf3aa00] [userId=2] [0.0-8080-exec-4] c.b.d.config.RequestLoggingFilter        : method=GET uri=/api/dealspot/notifications/unread-count status=200 duration=120ms
2026-09-15 14:05:08.323  INFO 14108 --- [6ff4a98d] [userId=2] [.0-8080-exec-10] c.b.d.config.RequestLoggingFilter        : method=GET uri=/api/dealspot/notifications/my?page=0&size=5 status=200 duration=123ms
2026-09-15 14:05:08.349  INFO 14108 --- [e7532c43] [userId=2] [0.0-8080-exec-7] c.b.d.config.RequestLoggingFilter        : method=GET uri=/api/dealspot/stores/fetch-all-stores status=200 duration=142ms
2026-09-15 14:05:08.359 DEBUG 14108 --- [0d452409] [userId=2] [0.0-8080-exec-8] c.b.d.security.JwtAuthenticationFilter   : Authenticated user ID [2] with role(s) [[ROLE_SUPER_ADMIN]] for URI [/api/dealspot/offers/fetch-all-offers]
2026-09-15 14:05:08.377 DEBUG 14108 --- [05fea1cd] [userId=2] [0.0-8080-exec-6] c.b.d.security.JwtAuthenticationFilter   : Authenticated user ID [2] with role(s) [[ROLE_SUPER_ADMIN]] for URI [/api/dealspot/admin/audit-logs/recent]
2026-09-15 14:05:08.451  INFO 14108 --- [05fea1cd] [userId=2] [0.0-8080-exec-6] c.b.d.config.RequestLoggingFilter        : method=GET uri=/api/dealspot/admin/audit-logs/recent status=200 duration=133ms
2026-09-15 14:05:08.688  INFO 14108 --- [0d452409] [userId=2] [0.0-8080-exec-8] c.b.d.config.RequestLoggingFilter        : method=GET uri=/api/dealspot/offers/fetch-all-offers?includeExpired=true status=200 duration=370ms
2026-09-15 14:06:28.552  INFO 14108 --- [4c78bfba] [userId=anonymous] [.0-8080-exec-10] c.b.d.config.RequestLoggingFilter        : method=OPTIONS uri=/api/dealspot/brands/search?page=0&size=50 status=200 duration=1ms
2026-09-15 14:06:28.556  INFO 14108 --- [d443b71d] [userId=anonymous] [0.0-8080-exec-7] c.b.d.config.RequestLoggingFilter        : method=OPTIONS uri=/api/dealspot/products/paged?page=0&size=20&sortBy=createdAt&direction=desc status=200 duration=1ms
2026-09-15 14:06:28.569 DEBUG 14108 --- [56f266a3] [userId=2] [0.0-8080-exec-6] c.b.d.security.JwtAuthenticationFilter   : Authenticated user ID [2] with role(s) [[ROLE_SUPER_ADMIN]] for URI [/api/dealspot/categories/fetch-categories]
2026-09-15 14:06:28.577 DEBUG 14108 --- [2618064b] [userId=2] [0.0-8080-exec-8] c.b.d.security.JwtAuthenticationFilter   : Authenticated user ID [2] with role(s) [[ROLE_SUPER_ADMIN]] for URI [/api/dealspot/brands/search]
2026-09-15 14:06:28.577 DEBUG 14108 --- [b7fb22da] [userId=2] [0.0-8080-exec-4] c.b.d.security.JwtAuthenticationFilter   : Authenticated user ID [2] with role(s) [[ROLE_SUPER_ADMIN]] for URI [/api/dealspot/products/paged]
2026-09-15 14:06:28.592  INFO 14108 --- [56f266a3] [userId=2] [0.0-8080-exec-6] c.b.d.config.RequestLoggingFilter        : method=GET uri=/api/dealspot/categories/fetch-categories status=200 duration=37ms
2026-09-15 14:06:28.770  INFO 14108 --- [2618064b] [userId=2] [0.0-8080-exec-8] c.b.d.config.RequestLoggingFilter        : method=GET uri=/api/dealspot/brands/search?page=0&size=50 status=200 duration=213ms
2026-09-15 14:06:28.812  INFO 14108 --- [b7fb22da] [userId=2] [0.0-8080-exec-4] c.b.d.config.RequestLoggingFilter        : method=GET uri=/api/dealspot/products/paged?page=0&size=20&sortBy=createdAt&direction=desc status=200 duration=255ms
2026-09-15 14:06:34.247  INFO 14108 --- [e9617f90] [userId=anonymous] [0.0-8080-exec-2] c.b.d.config.RequestLoggingFilter        : method=OPTIONS uri=/api/dealspot/products/update-product/5550 status=200 duration=2ms
2026-09-15 14:06:34.262 DEBUG 14108 --- [fd171dcb] [userId=2] [0.0-8080-exec-1] c.b.d.security.JwtAuthenticationFilter   : Authenticated user ID [2] with role(s) [[ROLE_SUPER_ADMIN]] for URI [/api/dealspot/products/update-product/5550]
2026-09-15 14:06:34.385  INFO 14108 --- [fd171dcb] [userId=2] [0.0-8080-exec-1] c.b.d.config.RequestLoggingFilter        : method=PUT uri=/api/dealspot/products/update-product/5550 status=200 duration=136ms
2026-09-15 14:06:34.479 DEBUG 14108 --- [2193fd2c] [userId=2] [0.0-8080-exec-3] c.b.d.security.JwtAuthenticationFilter   : Authenticated user ID [2] with role(s) [[ROLE_SUPER_ADMIN]] for URI [/api/dealspot/products/paged]
2026-09-15 14:06:34.731  INFO 14108 --- [2193fd2c] [userId=2] [0.0-8080-exec-3] c.b.d.config.RequestLoggingFilter        : method=GET uri=/api/dealspot/products/paged?page=0&size=20&sortBy=createdAt&direction=desc status=200 duration=292ms
2026-09-15 14:07:09.332  INFO 14108 --- [dd488cd1] [userId=anonymous] [0.0-8080-exec-9] c.b.d.config.RequestLoggingFilter        : method=GET uri=/api/dealspot/cities/fetch-all status=200 duration=24ms
2026-09-15 14:07:09.334  INFO 14108 --- [4fc47075] [userId=anonymous] [0.0-8080-exec-6] c.b.d.config.RequestLoggingFilter        : method=GET uri=/api/flyers/fetch-all-flyers status=200 duration=18ms
2026-09-15 14:07:09.337  INFO 14108 --- [d74e79be] [userId=anonymous] [0.0-8080-exec-8] c.b.d.config.RequestLoggingFilter        : method=GET uri=/api/dealspot/brands/search?page=0&size=15&featured=true status=200 duration=20ms
2026-09-15 14:07:09.340  INFO 14108 --- [407aed53] [userId=anonymous] [.0-8080-exec-10] c.b.d.config.RequestLoggingFilter        : method=GET uri=/api/dealspot/categories/fetch-categories status=200 duration=27ms
2026-09-15 14:07:09.371  INFO 14108 --- [db3cbee5] [userId=anonymous] [0.0-8080-exec-5] c.b.d.config.RequestLoggingFilter        : method=GET uri=/api/dealspot/stores/fetch-all-stores status=200 duration=61ms
2026-09-15 14:07:09.468  INFO 14108 --- [d99a7020] [userId=anonymous] [0.0-8080-exec-4] c.b.d.config.RequestLoggingFilter        : method=GET uri=/api/dealspot/stores/fetch-all-stores status=200 duration=75ms
2026-09-15 14:07:09.738  INFO 14108 --- [60ca25ec] [userId=anonymous] [0.0-8080-exec-7] c.b.d.config.RequestLoggingFilter        : method=GET uri=/api/dealspot/offers/fetch-all-offers status=200 duration=424ms
2026-09-15 14:07:13.694  INFO 14108 --- [72fe9dcf] [userId=anonymous] [0.0-8080-exec-2] c.b.d.config.RequestLoggingFilter        : method=GET uri=/api/dealspot/cities/fetch-all status=200 duration=18ms
2026-09-15 14:07:16.133  INFO 14108 --- [06e8cbd4] [userId=anonymous] [0.0-8080-exec-1] c.b.d.config.RequestLoggingFilter        : method=OPTIONS uri=/api/dealspot/auth/user/login status=200 duration=1ms
2026-09-15 14:07:16.138 DEBUG 14108 --- [85cc16ab] [userId=anonymous] [0.0-8080-exec-3] c.b.dealspot.controller.AuthController   : User login attempt for email: ab@1
2026-09-15 14:07:16.164  WARN 14108 --- [85cc16ab] [userId=anonymous] [0.0-8080-exec-3] c.b.d.c.e.GlobalExceptionHandler         : Authentication failed: Invalid email or password
2026-09-15 14:07:16.170  WARN 14108 --- [85cc16ab] [userId=anonymous] [0.0-8080-exec-3] .m.m.a.ExceptionHandlerExceptionResolver : Resolved [org.springframework.security.authentication.BadCredentialsException: Invalid email or password]
2026-09-15 14:07:16.171  INFO 14108 --- [85cc16ab] [userId=anonymous] [0.0-8080-exec-3] c.b.d.config.RequestLoggingFilter        : method=POST uri=/api/dealspot/auth/user/login status=401 duration=35ms
2026-09-15 14:07:35.430 DEBUG 14108 --- [f527feab] [userId=anonymous] [0.0-8080-exec-9] c.b.dealspot.controller.AuthController   : User login attempt for email: admin@1
2026-09-15 14:07:35.445  WARN 14108 --- [f527feab] [userId=anonymous] [0.0-8080-exec-9] c.b.d.c.e.GlobalExceptionHandler         : Authentication failed: Invalid email or password
2026-09-15 14:07:35.446  WARN 14108 --- [f527feab] [userId=anonymous] [0.0-8080-exec-9] .m.m.a.ExceptionHandlerExceptionResolver : Resolved [org.springframework.security.authentication.BadCredentialsException: Invalid email or password]
2026-09-15 14:07:35.448  INFO 14108 --- [f527feab] [userId=anonymous] [0.0-8080-exec-9] c.b.d.config.RequestLoggingFilter        : method=POST uri=/api/dealspot/auth/user/login status=401 duration=19ms
2026-09-15 14:07:51.908 DEBUG 14108 --- [3b16abb1] [userId=anonymous] [0.0-8080-exec-6] c.b.dealspot.controller.AuthController   : Admin login attempt for email: admin@1
2026-09-15 14:07:52.027  INFO 14108 --- [3b16abb1] [userId=anonymous] [0.0-8080-exec-6] c.b.dealspot.controller.AuthController   : Admin login successful for email: admin@1
2026-09-15 14:07:52.028  INFO 14108 --- [3b16abb1] [userId=anonymous] [0.0-8080-exec-6] c.b.d.config.RequestLoggingFilter        : method=POST uri=/api/dealspot/auth/admin/login status=200 duration=121ms
2026-09-15 14:07:52.567 DEBUG 14108 --- [2fbf1bbb] [userId=2] [.0-8080-exec-10] c.b.d.security.JwtAuthenticationFilter   : Authenticated user ID [2] with role(s) [[ROLE_SUPER_ADMIN]] for URI [/api/dealspot/notifications/my]
2026-09-15 14:07:52.568 DEBUG 14108 --- [3c3c0a23] [userId=2] [0.0-8080-exec-5] c.b.d.security.JwtAuthenticationFilter   : Authenticated user ID [2] with role(s) [[ROLE_SUPER_ADMIN]] for URI [/api/dealspot/stores/fetch-all-stores]
2026-09-15 14:07:52.568 DEBUG 14108 --- [6c98aa41] [userId=2] [0.0-8080-exec-8] c.b.d.security.JwtAuthenticationFilter   : Authenticated user ID [2] with role(s) [[ROLE_SUPER_ADMIN]] for URI [/api/dealspot/notifications/unread-count]
2026-09-15 14:07:52.568 DEBUG 14108 --- [984c2c31] [userId=2] [0.0-8080-exec-4] c.b.d.security.JwtAuthenticationFilter   : Authenticated user ID [2] with role(s) [[ROLE_SUPER_ADMIN]] for URI [/api/dealspot/offers/fetch-all-offers]
2026-09-15 14:07:52.568 DEBUG 14108 --- [bcaf6ee4] [userId=2] [0.0-8080-exec-7] c.b.d.security.JwtAuthenticationFilter   : Authenticated user ID [2] with role(s) [[ROLE_SUPER_ADMIN]] for URI [/api/flyers/fetch-all-flyers]
2026-09-15 14:07:52.568 DEBUG 14108 --- [827dbe41] [userId=2] [0.0-8080-exec-2] c.b.d.security.JwtAuthenticationFilter   : Authenticated user ID [2] with role(s) [[ROLE_SUPER_ADMIN]] for URI [/api/dealspot/admin/partner-requests]
2026-09-15 14:07:52.607  INFO 14108 --- [827dbe41] [userId=2] [0.0-8080-exec-2] c.b.d.config.RequestLoggingFilter        : method=GET uri=/api/dealspot/admin/partner-requests?status=PENDING status=200 duration=58ms
2026-09-15 14:07:52.615  INFO 14108 --- [bcaf6ee4] [userId=2] [0.0-8080-exec-7] c.b.d.config.RequestLoggingFilter        : method=GET uri=/api/flyers/fetch-all-flyers status=200 duration=66ms
2026-09-15 14:07:52.640  INFO 14108 --- [6c98aa41] [userId=2] [0.0-8080-exec-8] c.b.d.config.RequestLoggingFilter        : method=GET uri=/api/dealspot/notifications/unread-count status=200 duration=99ms
2026-09-15 14:07:52.641 DEBUG 14108 --- [ae8d88f9] [userId=2] [0.0-8080-exec-1] c.b.d.security.JwtAuthenticationFilter   : Authenticated user ID [2] with role(s) [[ROLE_SUPER_ADMIN]] for URI [/api/coupons/fetch-all]
2026-09-15 14:07:52.645  INFO 14108 --- [2fbf1bbb] [userId=2] [.0-8080-exec-10] c.b.d.config.RequestLoggingFilter        : method=GET uri=/api/dealspot/notifications/my?page=0&size=5 status=200 duration=104ms
2026-09-15 14:07:52.648  INFO 14108 --- [3c3c0a23] [userId=2] [0.0-8080-exec-5] c.b.d.config.RequestLoggingFilter        : method=GET uri=/api/dealspot/stores/fetch-all-stores status=200 duration=99ms
2026-09-15 14:07:52.652 DEBUG 14108 --- [9e716de0] [userId=2] [0.0-8080-exec-3] c.b.d.security.JwtAuthenticationFilter   : Authenticated user ID [2] with role(s) [[ROLE_SUPER_ADMIN]] for URI [/api/dealspot/admin/audit-logs/recent]
2026-09-15 14:07:52.712  INFO 14108 --- [ae8d88f9] [userId=2] [0.0-8080-exec-1] c.b.d.config.RequestLoggingFilter        : method=GET uri=/api/coupons/fetch-all status=200 duration=95ms
2026-09-15 14:07:52.726  INFO 14108 --- [9e716de0] [userId=2] [0.0-8080-exec-3] c.b.d.config.RequestLoggingFilter        : method=GET uri=/api/dealspot/admin/audit-logs/recent status=200 duration=97ms
2026-09-15 14:07:52.838  INFO 14108 --- [984c2c31] [userId=2] [0.0-8080-exec-4] c.b.d.config.RequestLoggingFilter        : method=GET uri=/api/dealspot/offers/fetch-all-offers?includeExpired=true status=200 duration=289ms
2026-09-15 14:08:18.127  INFO 14108 --- [c6039c85] [userId=anonymous] [0.0-8080-exec-9] c.b.d.config.RequestLoggingFilter        : method=OPTIONS uri=/api/dealspot/admin/audit-logs?page=0&size=20 status=200 duration=3ms
2026-09-15 14:08:18.160 DEBUG 14108 --- [cfb267bd] [userId=2] [0.0-8080-exec-6] c.b.d.security.JwtAuthenticationFilter   : Authenticated user ID [2] with role(s) [[ROLE_SUPER_ADMIN]] for URI [/api/dealspot/admin/audit-logs]
2026-09-15 14:08:18.271  INFO 14108 --- [cfb267bd] [userId=2] [0.0-8080-exec-6] c.b.d.config.RequestLoggingFilter        : method=GET uri=/api/dealspot/admin/audit-logs?page=0&size=20 status=200 duration=139ms
2026-09-15 14:11:53.636 DEBUG 14108 --- [0ed5a0fb] [userId=2] [0.0-8080-exec-3] c.b.d.security.JwtAuthenticationFilter   : Authenticated user ID [2] with role(s) [[ROLE_SUPER_ADMIN]] for URI [/api/dealspot/notifications/unread-count]
2026-09-15 14:11:53.636 DEBUG 14108 --- [0603671c] [userId=2] [0.0-8080-exec-4] c.b.d.security.JwtAuthenticationFilter   : Authenticated user ID [2] with role(s) [[ROLE_SUPER_ADMIN]] for URI [/api/dealspot/notifications/my]
2026-09-15 14:11:53.726  INFO 14108 --- [0ed5a0fb] [userId=2] [0.0-8080-exec-3] c.b.d.config.RequestLoggingFilter        : method=GET uri=/api/dealspot/notifications/unread-count status=200 duration=151ms
2026-09-15 14:11:53.747 DEBUG 14108 --- [9fcc800b] [userId=2] [0.0-8080-exec-9] c.b.d.security.JwtAuthenticationFilter   : Authenticated user ID [2] with role(s) [[ROLE_SUPER_ADMIN]] for URI [/api/dealspot/admin/audit-logs]
2026-09-15 14:11:53.800  INFO 14108 --- [0603671c] [userId=2] [0.0-8080-exec-4] c.b.d.config.RequestLoggingFilter        : method=GET uri=/api/dealspot/notifications/my?page=0&size=5 status=200 duration=218ms
2026-09-15 14:11:53.814  INFO 14108 --- [9fcc800b] [userId=2] [0.0-8080-exec-9] c.b.d.config.RequestLoggingFilter        : method=GET uri=/api/dealspot/admin/audit-logs?page=0&size=20 status=200 duration=132ms
2026-09-15 14:19:59.216  INFO 14108 --- [a1c1bf34] [userId=anonymous] [0.0-8080-exec-5] c.b.d.config.RequestLoggingFilter        : method=GET uri=/api/dealspot/categories/fetch-categories status=200 duration=9ms
2026-09-15 14:19:59.221  INFO 14108 --- [1460c6ed] [userId=anonymous] [0.0-8080-exec-3] c.b.d.config.RequestLoggingFilter        : method=GET uri=/api/flyers/fetch-all-flyers status=200 duration=13ms
2026-09-15 14:19:59.226  INFO 14108 --- [f96031fc] [userId=anonymous] [.0-8080-exec-10] c.b.d.config.RequestLoggingFilter        : method=GET uri=/api/dealspot/cities/fetch-all status=200 duration=28ms
2026-09-15 14:19:59.227  INFO 14108 --- [b93f8752] [userId=anonymous] [0.0-8080-exec-4] c.b.d.config.RequestLoggingFilter        : method=GET uri=/api/dealspot/brands/search?page=0&size=15&featured=true status=200 duration=8ms
2026-09-15 14:19:59.250  INFO 14108 --- [9bedf5cc] [userId=anonymous] [0.0-8080-exec-8] c.b.d.config.RequestLoggingFilter        : method=GET uri=/api/dealspot/stores/fetch-all-stores status=200 duration=44ms
2026-09-15 14:19:59.401  INFO 14108 --- [b71e56e2] [userId=anonymous] [0.0-8080-exec-1] c.b.d.config.RequestLoggingFilter        : method=GET uri=/api/dealspot/offers/fetch-all-offers status=200 duration=194ms
2026-09-15 14:19:59.514  INFO 14108 --- [75e022e1] [userId=anonymous] [0.0-8080-exec-9] c.b.d.config.RequestLoggingFilter        : method=GET uri=/api/dealspot/stores/fetch-all-stores status=200 duration=40ms
2026-09-15 14:20:02.039  INFO 14108 --- [51a03836] [userId=anonymous] [0.0-8080-exec-6] c.b.d.config.RequestLoggingFilter        : method=GET uri=/api/dealspot/categories/fetch-categories status=200 duration=13ms
2026-09-15 14:20:02.041  INFO 14108 --- [6a122b1e] [userId=anonymous] [0.0-8080-exec-3] c.b.d.config.RequestLoggingFilter        : method=GET uri=/api/dealspot/cities/fetch-all status=200 duration=10ms
2026-09-15 14:20:02.049  INFO 14108 --- [9529bf8a] [userId=anonymous] [0.0-8080-exec-2] c.b.d.config.RequestLoggingFilter        : method=GET uri=/api/dealspot/stores/fetch-all-stores status=200 duration=23ms
2026-09-15 14:20:02.079  INFO 14108 --- [8bc0d8ca] [userId=anonymous] [0.0-8080-exec-7] c.b.d.config.RequestLoggingFilter        : method=GET uri=/api/dealspot/brands/search?page=0&size=20 status=200 duration=52ms
2026-09-15 14:20:02.134  INFO 14108 --- [72ea3d43] [userId=anonymous] [0.0-8080-exec-5] c.b.d.config.RequestLoggingFilter        : method=GET uri=/api/dealspot/offers/fetch-all-offers status=200 duration=105ms
2026-09-15 14:20:03.659  INFO 14108 --- [2193760f] [userId=anonymous] [0.0-8080-exec-4] c.b.d.config.RequestLoggingFilter        : method=GET uri=/api/dealspot/categories/fetch-categories status=200 duration=13ms
2026-09-15 14:20:03.665  INFO 14108 --- [cf31c453] [userId=anonymous] [.0-8080-exec-10] c.b.d.config.RequestLoggingFilter        : method=GET uri=/api/dealspot/cities/fetch-all status=200 duration=20ms
2026-09-15 14:20:03.671  INFO 14108 --- [aa50f49a] [userId=anonymous] [0.0-8080-exec-8] c.b.d.config.RequestLoggingFilter        : method=GET uri=/api/dealspot/stores/fetch-all-stores status=200 duration=24ms
2026-09-15 14:20:05.000  INFO 14108 --- [75b5f764] [userId=anonymous] [0.0-8080-exec-1] c.b.d.config.RequestLoggingFilter        : method=GET uri=/api/dealspot/cities/fetch-all status=200 duration=14ms
2026-09-15 14:20:05.009  INFO 14108 --- [240c0db8] [userId=anonymous] [0.0-8080-exec-6] c.b.d.config.RequestLoggingFilter        : method=GET uri=/api/flyers/fetch-all-flyers status=200 duration=20ms
2026-09-15 14:20:05.029  INFO 14108 --- [a407b0d1] [userId=anonymous] [0.0-8080-exec-9] c.b.d.config.RequestLoggingFilter        : method=GET uri=/api/dealspot/stores/fetch-all-stores status=200 duration=41ms
2026-09-15 14:20:15.437  INFO 14108 --- [27b834fc] [userId=anonymous] [0.0-8080-exec-3] c.b.d.config.RequestLoggingFilter        : method=GET uri=/api/dealspot/cities/fetch-all status=200 duration=10ms
2026-09-15 14:20:58.018  INFO 14108 --- [840e13cb] [userId=anonymous] [0.0-8080-exec-2] c.b.d.config.RequestLoggingFilter        : method=OPTIONS uri=/api/dealspot/auth/admin/login status=200 duration=1ms
2026-09-15 14:20:58.025 DEBUG 14108 --- [7aea1d02] [userId=anonymous] [0.0-8080-exec-7] c.b.dealspot.controller.AuthController   : Admin login attempt for email: admin@1
2026-09-15 14:20:58.132  INFO 14108 --- [7aea1d02] [userId=anonymous] [0.0-8080-exec-7] c.b.dealspot.controller.AuthController   : Admin login successful for email: admin@1
2026-09-15 14:20:58.133  INFO 14108 --- [7aea1d02] [userId=anonymous] [0.0-8080-exec-7] c.b.d.config.RequestLoggingFilter        : method=POST uri=/api/dealspot/auth/admin/login status=200 duration=112ms
2026-09-15 14:20:58.658  INFO 14108 --- [1d4e6132] [userId=anonymous] [0.0-8080-exec-5] c.b.d.config.RequestLoggingFilter        : method=OPTIONS uri=/api/dealspot/notifications/my?page=0&size=5 status=200 duration=2ms
2026-09-15 14:20:58.659  INFO 14108 --- [335cd79b] [userId=anonymous] [0.0-8080-exec-4] c.b.d.config.RequestLoggingFilter        : method=OPTIONS uri=/api/dealspot/notifications/unread-count status=200 duration=1ms
2026-09-15 14:20:58.667  INFO 14108 --- [7a9f598b] [userId=anonymous] [0.0-8080-exec-1] c.b.d.config.RequestLoggingFilter        : method=OPTIONS uri=/api/dealspot/stores/fetch-all-stores status=200 duration=1ms
2026-09-15 14:20:58.668  INFO 14108 --- [a2f380e7] [userId=anonymous] [0.0-8080-exec-6] c.b.d.config.RequestLoggingFilter        : method=OPTIONS uri=/api/dealspot/offers/fetch-all-offers?includeExpired=true status=200 duration=0ms
2026-09-15 14:20:58.671  INFO 14108 --- [78a1c113] [userId=anonymous] [0.0-8080-exec-3] c.b.d.config.RequestLoggingFilter        : method=OPTIONS uri=/api/flyers/fetch-all-flyers status=200 duration=1ms
2026-09-15 14:20:58.672 DEBUG 14108 --- [73089044] [userId=2] [.0-8080-exec-10] c.b.d.security.JwtAuthenticationFilter   : Authenticated user ID [2] with role(s) [[ROLE_SUPER_ADMIN]] for URI [/api/dealspot/notifications/my]
2026-09-15 14:20:58.672 DEBUG 14108 --- [c1f89d84] [userId=2] [0.0-8080-exec-8] c.b.d.security.JwtAuthenticationFilter   : Authenticated user ID [2] with role(s) [[ROLE_SUPER_ADMIN]] for URI [/api/dealspot/notifications/unread-count]
2026-09-15 14:20:58.675  INFO 14108 --- [c3db19df] [userId=anonymous] [0.0-8080-exec-2] c.b.d.config.RequestLoggingFilter        : method=OPTIONS uri=/api/dealspot/admin/partner-requests?status=PENDING status=200 duration=1ms
2026-09-15 14:20:58.676  INFO 14108 --- [54f53886] [userId=anonymous] [0.0-8080-exec-7] c.b.d.config.RequestLoggingFilter        : method=OPTIONS uri=/api/dealspot/admin/audit-logs/recent status=200 duration=1ms
2026-09-15 14:20:58.676  INFO 14108 --- [0e460df5] [userId=anonymous] [0.0-8080-exec-5] c.b.d.config.RequestLoggingFilter        : method=OPTIONS uri=/api/coupons/fetch-all status=200 duration=0ms
2026-09-15 14:20:58.686  INFO 14108 --- [c1f89d84] [userId=2] [0.0-8080-exec-8] c.b.d.config.RequestLoggingFilter        : method=GET uri=/api/dealspot/notifications/unread-count status=200 duration=23ms
2026-09-15 14:20:58.691  INFO 14108 --- [73089044] [userId=2] [.0-8080-exec-10] c.b.d.config.RequestLoggingFilter        : method=GET uri=/api/dealspot/notifications/my?page=0&size=5 status=200 duration=28ms
2026-09-15 14:20:58.693 DEBUG 14108 --- [7ab5a67b] [userId=2] [0.0-8080-exec-9] c.b.d.security.JwtAuthenticationFilter   : Authenticated user ID [2] with role(s) [[ROLE_SUPER_ADMIN]] for URI [/api/dealspot/stores/fetch-all-stores]
2026-09-15 14:20:58.693 DEBUG 14108 --- [07517078] [userId=2] [0.0-8080-exec-4] c.b.d.security.JwtAuthenticationFilter   : Authenticated user ID [2] with role(s) [[ROLE_SUPER_ADMIN]] for URI [/api/dealspot/offers/fetch-all-offers]
2026-09-15 14:20:58.701 DEBUG 14108 --- [e1a02c59] [userId=2] [0.0-8080-exec-1] c.b.d.security.JwtAuthenticationFilter   : Authenticated user ID [2] with role(s) [[ROLE_SUPER_ADMIN]] for URI [/api/flyers/fetch-all-flyers]
2026-09-15 14:20:58.703 DEBUG 14108 --- [b72e8945] [userId=2] [0.0-8080-exec-6] c.b.d.security.JwtAuthenticationFilter   : Authenticated user ID [2] with role(s) [[ROLE_SUPER_ADMIN]] for URI [/api/dealspot/admin/partner-requests]
2026-09-15 14:20:58.705 DEBUG 14108 --- [3e8f2ef6] [userId=2] [0.0-8080-exec-3] c.b.d.security.JwtAuthenticationFilter   : Authenticated user ID [2] with role(s) [[ROLE_SUPER_ADMIN]] for URI [/api/dealspot/admin/audit-logs/recent]
2026-09-15 14:20:58.711 DEBUG 14108 --- [53bd1f35] [userId=2] [0.0-8080-exec-2] c.b.d.security.JwtAuthenticationFilter   : Authenticated user ID [2] with role(s) [[ROLE_SUPER_ADMIN]] for URI [/api/coupons/fetch-all]
2026-09-15 14:20:58.719  INFO 14108 --- [b72e8945] [userId=2] [0.0-8080-exec-6] c.b.d.config.RequestLoggingFilter        : method=GET uri=/api/dealspot/admin/partner-requests?status=PENDING status=200 duration=33ms
2026-09-15 14:20:58.736  INFO 14108 --- [e1a02c59] [userId=2] [0.0-8080-exec-1] c.b.d.config.RequestLoggingFilter        : method=GET uri=/api/flyers/fetch-all-flyers status=200 duration=50ms
2026-09-15 14:20:58.740  INFO 14108 --- [3e8f2ef6] [userId=2] [0.0-8080-exec-3] c.b.d.config.RequestLoggingFilter        : method=GET uri=/api/dealspot/admin/audit-logs/recent status=200 duration=50ms
2026-09-15 14:20:58.744  INFO 14108 --- [53bd1f35] [userId=2] [0.0-8080-exec-2] c.b.d.config.RequestLoggingFilter        : method=GET uri=/api/coupons/fetch-all status=200 duration=45ms
2026-09-15 14:20:58.748  INFO 14108 --- [7ab5a67b] [userId=2] [0.0-8080-exec-9] c.b.d.config.RequestLoggingFilter        : method=GET uri=/api/dealspot/stores/fetch-all-stores status=200 duration=78ms
2026-09-15 14:20:58.831  INFO 14108 --- [07517078] [userId=2] [0.0-8080-exec-4] c.b.d.config.RequestLoggingFilter        : method=GET uri=/api/dealspot/offers/fetch-all-offers?includeExpired=true status=200 duration=154ms
2026-09-15 14:22:51.714  INFO 14108 --- [f507ad7b] [userId=anonymous] [0.0-8080-exec-3] c.b.d.config.RequestLoggingFilter        : method=OPTIONS uri=/api/dealspot/admin/audit-logs?page=0&size=20 status=200 duration=0ms
2026-09-15 14:22:51.723 DEBUG 14108 --- [705a49fd] [userId=2] [0.0-8080-exec-2] c.b.d.security.JwtAuthenticationFilter   : Authenticated user ID [2] with role(s) [[ROLE_SUPER_ADMIN]] for URI [/api/dealspot/admin/audit-logs]
2026-09-15 14:22:51.739  INFO 14108 --- [705a49fd] [userId=2] [0.0-8080-exec-2] c.b.d.config.RequestLoggingFilter        : method=GET uri=/api/dealspot/admin/audit-logs?page=0&size=20 status=200 duration=22ms
2026-09-15 14:22:54.948  INFO 14108 --- [1e6a871b] [userId=anonymous] [0.0-8080-exec-5] c.b.d.config.RequestLoggingFilter        : method=OPTIONS uri=/api/dealspot/cities/fetch-all status=200 duration=1ms
2026-09-15 14:22:54.950  INFO 14108 --- [707f3cbf] [userId=anonymous] [0.0-8080-exec-7] c.b.d.config.RequestLoggingFilter        : method=OPTIONS uri=/api/dealspot/offers/my-saved status=200 duration=0ms
2026-09-15 14:22:54.951 DEBUG 14108 --- [86114609] [userId=2] [0.0-8080-exec-4] c.b.d.security.JwtAuthenticationFilter   : Authenticated user ID [2] with role(s) [[ROLE_SUPER_ADMIN]] for URI [/api/dealspot/notifications/my]
2026-09-15 14:22:54.953  INFO 14108 --- [7087282c] [userId=anonymous] [0.0-8080-exec-1] c.b.d.config.RequestLoggingFilter        : method=OPTIONS uri=/api/dealspot/categories/fetch-categories status=200 duration=2ms
2026-09-15 14:22:54.955 DEBUG 14108 --- [8cebca09] [userId=2] [0.0-8080-exec-9] c.b.d.security.JwtAuthenticationFilter   : Authenticated user ID [2] with role(s) [[ROLE_SUPER_ADMIN]] for URI [/api/dealspot/notifications/unread-count]
2026-09-15 14:22:54.956  INFO 14108 --- [5fca663e] [userId=anonymous] [0.0-8080-exec-6] c.b.d.config.RequestLoggingFilter        : method=OPTIONS uri=/api/dealspot/offers/fetch-all-offers status=200 duration=0ms
2026-09-15 14:22:54.959  INFO 14108 --- [1587b903] [userId=anonymous] [0.0-8080-exec-3] c.b.d.config.RequestLoggingFilter        : method=OPTIONS uri=/api/dealspot/brands/search?page=0&size=15&featured=true status=200 duration=1ms
2026-09-15 14:22:54.964 DEBUG 14108 --- [f69933bb] [userId=2] [0.0-8080-exec-8] c.b.d.security.JwtAuthenticationFilter   : Authenticated user ID [2] with role(s) [[ROLE_SUPER_ADMIN]] for URI [/api/dealspot/cities/fetch-all]
2026-09-15 14:22:54.964 DEBUG 14108 --- [eaf33e59] [userId=2] [.0-8080-exec-10] c.b.d.security.JwtAuthenticationFilter   : Authenticated user ID [2] with role(s) [[ROLE_SUPER_ADMIN]] for URI [/api/dealspot/stores/fetch-all-stores]
2026-09-15 14:22:54.965  INFO 14108 --- [32127070] [userId=anonymous] [0.0-8080-exec-3] c.b.d.config.RequestLoggingFilter        : method=OPTIONS uri=/api/dealspot/offers/my-saved status=200 duration=1ms
2026-09-15 14:22:54.968  INFO 14108 --- [8cebca09] [userId=2] [0.0-8080-exec-9] c.b.d.config.RequestLoggingFilter        : method=GET uri=/api/dealspot/notifications/unread-count status=200 duration=24ms
2026-09-15 14:22:54.970 DEBUG 14108 --- [918cc4a4] [userId=2] [0.0-8080-exec-2] c.b.d.security.JwtAuthenticationFilter   : Authenticated user ID [2] with role(s) [[ROLE_SUPER_ADMIN]] for URI [/api/flyers/fetch-all-flyers]
2026-09-15 14:22:54.974  INFO 14108 --- [86114609] [userId=2] [0.0-8080-exec-4] c.b.d.config.RequestLoggingFilter        : method=GET uri=/api/dealspot/notifications/my?page=0&size=5 status=200 duration=29ms
2026-09-15 14:22:54.981 DEBUG 14108 --- [07b0e624] [userId=2] [0.0-8080-exec-7] c.b.d.security.JwtAuthenticationFilter   : Authenticated user ID [2] with role(s) [[ROLE_SUPER_ADMIN]] for URI [/api/dealspot/categories/fetch-categories]
2026-09-15 14:22:54.982 DEBUG 14108 --- [c78be360] [userId=2] [0.0-8080-exec-5] c.b.d.security.JwtAuthenticationFilter   : Authenticated user ID [2] with role(s) [[ROLE_SUPER_ADMIN]] for URI [/api/dealspot/offers/my-saved]
2026-09-15 14:22:54.984  INFO 14108 --- [f69933bb] [userId=2] [0.0-8080-exec-8] c.b.d.config.RequestLoggingFilter        : method=GET uri=/api/dealspot/cities/fetch-all status=200 duration=33ms
2026-09-15 14:22:54.986  INFO 14108 --- [918cc4a4] [userId=2] [0.0-8080-exec-2] c.b.d.config.RequestLoggingFilter        : method=GET uri=/api/flyers/fetch-all-flyers status=200 duration=27ms
2026-09-15 14:22:54.988  INFO 14108 --- [eaf33e59] [userId=2] [.0-8080-exec-10] c.b.d.config.RequestLoggingFilter        : method=GET uri=/api/dealspot/stores/fetch-all-stores status=200 duration=37ms
2026-09-15 14:22:54.990 DEBUG 14108 --- [b4f168a4] [userId=2] [0.0-8080-exec-1] c.b.d.security.JwtAuthenticationFilter   : Authenticated user ID [2] with role(s) [[ROLE_SUPER_ADMIN]] for URI [/api/dealspot/offers/fetch-all-offers]
2026-09-15 14:22:54.991  INFO 14108 --- [07b0e624] [userId=2] [0.0-8080-exec-7] c.b.d.config.RequestLoggingFilter        : method=GET uri=/api/dealspot/categories/fetch-categories status=200 duration=21ms
2026-09-15 14:22:55.003 DEBUG 14108 --- [06bb9406] [userId=2] [0.0-8080-exec-6] c.b.d.security.JwtAuthenticationFilter   : Authenticated user ID [2] with role(s) [[ROLE_SUPER_ADMIN]] for URI [/api/dealspot/brands/search]
2026-09-15 14:22:55.006  INFO 14108 --- [c78be360] [userId=2] [0.0-8080-exec-5] c.b.d.config.RequestLoggingFilter        : method=GET uri=/api/dealspot/offers/my-saved status=200 duration=38ms
2026-09-15 14:22:55.015  INFO 14108 --- [06bb9406] [userId=2] [0.0-8080-exec-6] c.b.d.config.RequestLoggingFilter        : method=GET uri=/api/dealspot/brands/search?page=0&size=15&featured=true status=200 duration=24ms
2026-09-15 14:22:55.017 DEBUG 14108 --- [024ca8e3] [userId=2] [0.0-8080-exec-3] c.b.d.security.JwtAuthenticationFilter   : Authenticated user ID [2] with role(s) [[ROLE_SUPER_ADMIN]] for URI [/api/dealspot/offers/my-saved]
2026-09-15 14:22:55.037 DEBUG 14108 --- [c0d3493b] [userId=2] [0.0-8080-exec-9] c.b.d.security.JwtAuthenticationFilter   : Authenticated user ID [2] with role(s) [[ROLE_SUPER_ADMIN]] for URI [/api/dealspot/stores/fetch-all-stores]
2026-09-15 14:22:55.054  INFO 14108 --- [024ca8e3] [userId=2] [0.0-8080-exec-3] c.b.d.config.RequestLoggingFilter        : method=GET uri=/api/dealspot/offers/my-saved status=200 duration=47ms
2026-09-15 14:22:55.073  INFO 14108 --- [c0d3493b] [userId=2] [0.0-8080-exec-9] c.b.d.config.RequestLoggingFilter        : method=GET uri=/api/dealspot/stores/fetch-all-stores status=200 duration=47ms
2026-09-15 14:22:55.181  INFO 14108 --- [b4f168a4] [userId=2] [0.0-8080-exec-1] c.b.d.config.RequestLoggingFilter        : method=GET uri=/api/dealspot/offers/fetch-all-offers status=200 duration=206ms
2026-09-15 14:23:06.180 DEBUG 14108 --- [247509b7] [userId=2] [0.0-8080-exec-8] c.b.d.security.JwtAuthenticationFilter   : Authenticated user ID [2] with role(s) [[ROLE_SUPER_ADMIN]] for URI [/api/dealspot/notifications/my]
2026-09-15 14:23:06.180 DEBUG 14108 --- [f7d8363b] [userId=2] [0.0-8080-exec-4] c.b.d.security.JwtAuthenticationFilter   : Authenticated user ID [2] with role(s) [[ROLE_SUPER_ADMIN]] for URI [/api/dealspot/notifications/unread-count]
2026-09-15 14:23:06.186 DEBUG 14108 --- [0a610b66] [userId=2] [0.0-8080-exec-2] c.b.d.security.JwtAuthenticationFilter   : Authenticated user ID [2] with role(s) [[ROLE_SUPER_ADMIN]] for URI [/api/dealspot/stores/fetch-all-stores]
2026-09-15 14:23:06.186 DEBUG 14108 --- [146daf54] [userId=2] [0.0-8080-exec-5] c.b.d.security.JwtAuthenticationFilter   : Authenticated user ID [2] with role(s) [[ROLE_SUPER_ADMIN]] for URI [/api/flyers/fetch-all-flyers]
2026-09-15 14:23:06.187 DEBUG 14108 --- [2d9e258e] [userId=2] [0.0-8080-exec-7] c.b.d.security.JwtAuthenticationFilter   : Authenticated user ID [2] with role(s) [[ROLE_SUPER_ADMIN]] for URI [/api/dealspot/admin/partner-requests]
2026-09-15 14:23:06.187 DEBUG 14108 --- [9bf32c6d] [userId=2] [.0-8080-exec-10] c.b.d.security.JwtAuthenticationFilter   : Authenticated user ID [2] with role(s) [[ROLE_SUPER_ADMIN]] for URI [/api/dealspot/offers/fetch-all-offers]
2026-09-15 14:23:06.197  INFO 14108 --- [f7d8363b] [userId=2] [0.0-8080-exec-4] c.b.d.config.RequestLoggingFilter        : method=GET uri=/api/dealspot/notifications/unread-count status=200 duration=24ms
2026-09-15 14:23:06.204  INFO 14108 --- [2d9e258e] [userId=2] [0.0-8080-exec-7] c.b.d.config.RequestLoggingFilter        : method=GET uri=/api/dealspot/admin/partner-requests?status=PENDING status=200 duration=26ms
2026-09-15 14:23:06.208  INFO 14108 --- [146daf54] [userId=2] [0.0-8080-exec-5] c.b.d.config.RequestLoggingFilter        : method=GET uri=/api/flyers/fetch-all-flyers status=200 duration=30ms
2026-09-15 14:23:06.208  INFO 14108 --- [247509b7] [userId=2] [0.0-8080-exec-8] c.b.d.config.RequestLoggingFilter        : method=GET uri=/api/dealspot/notifications/my?page=0&size=5 status=200 duration=35ms
2026-09-15 14:23:06.210 DEBUG 14108 --- [1a5bbd75] [userId=2] [0.0-8080-exec-6] c.b.d.security.JwtAuthenticationFilter   : Authenticated user ID [2] with role(s) [[ROLE_SUPER_ADMIN]] for URI [/api/coupons/fetch-all]
2026-09-15 14:23:06.218 DEBUG 14108 --- [23c19c04] [userId=2] [0.0-8080-exec-3] c.b.d.security.JwtAuthenticationFilter   : Authenticated user ID [2] with role(s) [[ROLE_SUPER_ADMIN]] for URI [/api/dealspot/admin/audit-logs/recent]
2026-09-15 14:23:06.218  INFO 14108 --- [0a610b66] [userId=2] [0.0-8080-exec-2] c.b.d.config.RequestLoggingFilter        : method=GET uri=/api/dealspot/stores/fetch-all-stores status=200 duration=41ms
2026-09-15 14:23:06.233  INFO 14108 --- [1a5bbd75] [userId=2] [0.0-8080-exec-6] c.b.d.config.RequestLoggingFilter        : method=GET uri=/api/coupons/fetch-all status=200 duration=34ms
2026-09-15 14:23:06.238  INFO 14108 --- [23c19c04] [userId=2] [0.0-8080-exec-3] c.b.d.config.RequestLoggingFilter        : method=GET uri=/api/dealspot/admin/audit-logs/recent status=200 duration=30ms
2026-09-15 14:23:06.315  INFO 14108 --- [9bf32c6d] [userId=2] [.0-8080-exec-10] c.b.d.config.RequestLoggingFilter        : method=GET uri=/api/dealspot/offers/fetch-all-offers?includeExpired=true status=200 duration=137ms
2026-09-15 14:23:09.920 DEBUG 14108 --- [8ba61f6a] [userId=2] [0.0-8080-exec-9] c.b.d.security.JwtAuthenticationFilter   : Authenticated user ID [2] with role(s) [[ROLE_SUPER_ADMIN]] for URI [/api/dealspot/admin/audit-logs]
2026-09-15 14:23:09.931  INFO 14108 --- [8ba61f6a] [userId=2] [0.0-8080-exec-9] c.b.d.config.RequestLoggingFilter        : method=GET uri=/api/dealspot/admin/audit-logs?page=0&size=20 status=200 duration=18ms
2026-09-15 14:23:47.022 DEBUG 14108 --- [67c46295] [userId=2] [0.0-8080-exec-7] c.b.d.security.JwtAuthenticationFilter   : Authenticated user ID [2] with role(s) [[ROLE_SUPER_ADMIN]] for URI [/api/flyers/fetch-all-flyers]
2026-09-15 14:23:47.022 DEBUG 14108 --- [3fcd71b5] [userId=2] [0.0-8080-exec-5] c.b.d.security.JwtAuthenticationFilter   : Authenticated user ID [2] with role(s) [[ROLE_SUPER_ADMIN]] for URI [/api/dealspot/admin/partner-requests]
2026-09-15 14:23:47.022 DEBUG 14108 --- [de10680a] [userId=2] [0.0-8080-exec-1] c.b.d.security.JwtAuthenticationFilter   : Authenticated user ID [2] with role(s) [[ROLE_SUPER_ADMIN]] for URI [/api/dealspot/stores/fetch-all-stores]
2026-09-15 14:23:47.022 DEBUG 14108 --- [9534df9a] [userId=2] [0.0-8080-exec-4] c.b.d.security.JwtAuthenticationFilter   : Authenticated user ID [2] with role(s) [[ROLE_SUPER_ADMIN]] for URI [/api/dealspot/offers/fetch-all-offers]
2026-09-15 14:23:47.023 DEBUG 14108 --- [2db3176e] [userId=2] [0.0-8080-exec-8] c.b.d.security.JwtAuthenticationFilter   : Authenticated user ID [2] with role(s) [[ROLE_SUPER_ADMIN]] for URI [/api/coupons/fetch-all]
2026-09-15 14:23:47.025 DEBUG 14108 --- [2ae0e91b] [userId=2] [0.0-8080-exec-2] c.b.d.security.JwtAuthenticationFilter   : Authenticated user ID [2] with role(s) [[ROLE_SUPER_ADMIN]] for URI [/api/dealspot/admin/audit-logs/recent]
2026-09-15 14:23:47.033  INFO 14108 --- [67c46295] [userId=2] [0.0-8080-exec-7] c.b.d.config.RequestLoggingFilter        : method=GET uri=/api/flyers/fetch-all-flyers status=200 duration=20ms
2026-09-15 14:23:47.036  INFO 14108 --- [3fcd71b5] [userId=2] [0.0-8080-exec-5] c.b.d.config.RequestLoggingFilter        : method=GET uri=/api/dealspot/admin/partner-requests?status=PENDING status=200 duration=23ms
2026-09-15 14:23:47.039  INFO 14108 --- [2db3176e] [userId=2] [0.0-8080-exec-8] c.b.d.config.RequestLoggingFilter        : method=GET uri=/api/coupons/fetch-all status=200 duration=24ms
2026-09-15 14:23:47.043  INFO 14108 --- [de10680a] [userId=2] [0.0-8080-exec-1] c.b.d.config.RequestLoggingFilter        : method=GET uri=/api/dealspot/stores/fetch-all-stores status=200 duration=30ms
2026-09-15 14:23:47.048  INFO 14108 --- [2ae0e91b] [userId=2] [0.0-8080-exec-2] c.b.d.config.RequestLoggingFilter        : method=GET uri=/api/dealspot/admin/audit-logs/recent status=200 duration=33ms
2026-09-15 14:23:47.130  INFO 14108 --- [9534df9a] [userId=2] [0.0-8080-exec-4] c.b.d.config.RequestLoggingFilter        : method=GET uri=/api/dealspot/offers/fetch-all-offers?includeExpired=true status=200 duration=117ms
2026-09-15 14:26:40.338 DEBUG 14108 --- [d2956eb4] [userId=2] [0.0-8080-exec-8] c.b.d.security.JwtAuthenticationFilter   : Authenticated user ID [2] with role(s) [[ROLE_SUPER_ADMIN]] for URI [/api/dealspot/notifications/unread-count]
2026-09-15 14:26:40.347 DEBUG 14108 --- [c6aeef94] [userId=2] [0.0-8080-exec-1] c.b.d.security.JwtAuthenticationFilter   : Authenticated user ID [2] with role(s) [[ROLE_SUPER_ADMIN]] for URI [/api/dealspot/notifications/my]
2026-09-15 14:26:40.350  INFO 14108 --- [d2956eb4] [userId=2] [0.0-8080-exec-8] c.b.d.config.RequestLoggingFilter        : method=GET uri=/api/dealspot/notifications/unread-count status=200 duration=30ms
2026-09-15 14:26:40.354 DEBUG 14108 --- [5422f313] [userId=2] [0.0-8080-exec-2] c.b.d.security.JwtAuthenticationFilter   : Authenticated user ID [2] with role(s) [[ROLE_SUPER_ADMIN]] for URI [/api/dealspot/admin/audit-logs]
2026-09-15 14:26:40.375  INFO 14108 --- [c6aeef94] [userId=2] [0.0-8080-exec-1] c.b.d.config.RequestLoggingFilter        : method=GET uri=/api/dealspot/notifications/my?page=0&size=5 status=200 duration=55ms
2026-09-15 14:26:40.378  INFO 14108 --- [5422f313] [userId=2] [0.0-8080-exec-2] c.b.d.config.RequestLoggingFilter        : method=GET uri=/api/dealspot/admin/audit-logs?page=0&size=20 status=200 duration=34ms
2026-09-15 14:26:44.616 DEBUG 14108 --- [95f0185e] [userId=2] [0.0-8080-exec-4] c.b.d.security.JwtAuthenticationFilter   : Authenticated user ID [2] with role(s) [[ROLE_SUPER_ADMIN]] for URI [/api/dealspot/brands/search]
2026-09-15 14:26:44.616 DEBUG 14108 --- [6214b90d] [userId=2] [.0-8080-exec-10] c.b.d.security.JwtAuthenticationFilter   : Authenticated user ID [2] with role(s) [[ROLE_SUPER_ADMIN]] for URI [/api/dealspot/products/paged]
2026-09-15 14:26:44.617 DEBUG 14108 --- [8daffe9c] [userId=2] [0.0-8080-exec-3] c.b.d.security.JwtAuthenticationFilter   : Authenticated user ID [2] with role(s) [[ROLE_SUPER_ADMIN]] for URI [/api/dealspot/categories/fetch-categories]
2026-09-15 14:26:44.632  INFO 14108 --- [8daffe9c] [userId=2] [0.0-8080-exec-3] c.b.d.config.RequestLoggingFilter        : method=GET uri=/api/dealspot/categories/fetch-categories status=200 duration=25ms
2026-09-15 14:26:44.741  INFO 14108 --- [95f0185e] [userId=2] [0.0-8080-exec-4] c.b.d.config.RequestLoggingFilter        : method=GET uri=/api/dealspot/brands/search?page=0&size=50 status=200 duration=134ms
2026-09-15 14:26:44.756  INFO 14108 --- [6214b90d] [userId=2] [.0-8080-exec-10] c.b.d.config.RequestLoggingFilter        : method=GET uri=/api/dealspot/products/paged?page=0&size=20&sortBy=createdAt&direction=desc status=200 duration=149ms
2026-09-15 14:26:51.787 DEBUG 14108 --- [55d03dcb] [userId=2] [0.0-8080-exec-5] c.b.d.security.JwtAuthenticationFilter   : Authenticated user ID [2] with role(s) [[ROLE_SUPER_ADMIN]] for URI [/api/dealspot/notifications/my]
2026-09-15 14:26:51.790 DEBUG 14108 --- [a5e7ddbf] [userId=2] [0.0-8080-exec-6] c.b.d.security.JwtAuthenticationFilter   : Authenticated user ID [2] with role(s) [[ROLE_SUPER_ADMIN]] for URI [/api/dealspot/notifications/unread-count]
2026-09-15 14:26:51.811  INFO 14108 --- [a5e7ddbf] [userId=2] [0.0-8080-exec-6] c.b.d.config.RequestLoggingFilter        : method=GET uri=/api/dealspot/notifications/unread-count status=200 duration=40ms
2026-09-15 14:26:51.823 DEBUG 14108 --- [550123c0] [userId=2] [0.0-8080-exec-9] c.b.d.security.JwtAuthenticationFilter   : Authenticated user ID [2] with role(s) [[ROLE_SUPER_ADMIN]] for URI [/api/dealspot/admin/audit-logs]
2026-09-15 14:26:51.828  INFO 14108 --- [55d03dcb] [userId=2] [0.0-8080-exec-5] c.b.d.config.RequestLoggingFilter        : method=GET uri=/api/dealspot/notifications/my?page=0&size=5 status=200 duration=57ms
2026-09-15 14:26:51.869  INFO 14108 --- [550123c0] [userId=2] [0.0-8080-exec-9] c.b.d.config.RequestLoggingFilter        : method=GET uri=/api/dealspot/admin/audit-logs?page=0&size=20 status=200 duration=70ms
2026-09-15 14:27:00.227  INFO 14108 --- [21c69434] [userId=anonymous] [0.0-8080-exec-7] c.b.d.config.RequestLoggingFilter        : method=OPTIONS uri=/api/dealspot/products/update-product/5551 status=200 duration=3ms
2026-09-15 14:27:00.242 DEBUG 14108 --- [88e16a27] [userId=2] [0.0-8080-exec-8] c.b.d.security.JwtAuthenticationFilter   : Authenticated user ID [2] with role(s) [[ROLE_SUPER_ADMIN]] for URI [/api/dealspot/products/update-product/5551]
2026-09-15 14:27:00.288  INFO 14108 --- [88e16a27] [userId=2] [0.0-8080-exec-8] c.b.d.config.RequestLoggingFilter        : method=PUT uri=/api/dealspot/products/update-product/5551 status=200 duration=56ms
2026-09-15 14:27:00.317 DEBUG 14108 --- [c8a655b9] [userId=2] [0.0-8080-exec-1] c.b.d.security.JwtAuthenticationFilter   : Authenticated user ID [2] with role(s) [[ROLE_SUPER_ADMIN]] for URI [/api/dealspot/products/paged]
2026-09-15 14:27:00.440  INFO 14108 --- [c8a655b9] [userId=2] [0.0-8080-exec-1] c.b.d.config.RequestLoggingFilter        : method=GET uri=/api/dealspot/products/paged?page=0&size=20&sortBy=createdAt&direction=desc status=200 duration=134ms
2026-09-15 14:27:03.750 DEBUG 14108 --- [66ed1b1b] [userId=2] [0.0-8080-exec-3] c.b.d.security.JwtAuthenticationFilter   : Authenticated user ID [2] with role(s) [[ROLE_SUPER_ADMIN]] for URI [/api/dealspot/notifications/my]
2026-09-15 14:27:03.753 DEBUG 14108 --- [3ca733a3] [userId=2] [0.0-8080-exec-2] c.b.d.security.JwtAuthenticationFilter   : Authenticated user ID [2] with role(s) [[ROLE_SUPER_ADMIN]] for URI [/api/dealspot/notifications/unread-count]
2026-09-15 14:27:03.773 DEBUG 14108 --- [67b039e1] [userId=2] [0.0-8080-exec-4] c.b.d.security.JwtAuthenticationFilter   : Authenticated user ID [2] with role(s) [[ROLE_SUPER_ADMIN]] for URI [/api/dealspot/admin/audit-logs]
2026-09-15 14:27:03.780  INFO 14108 --- [3ca733a3] [userId=2] [0.0-8080-exec-2] c.b.d.config.RequestLoggingFilter        : method=GET uri=/api/dealspot/notifications/unread-count status=200 duration=46ms
2026-09-15 14:27:03.788  INFO 14108 --- [66ed1b1b] [userId=2] [0.0-8080-exec-3] c.b.d.config.RequestLoggingFilter        : method=GET uri=/api/dealspot/notifications/my?page=0&size=5 status=200 duration=50ms
2026-09-15 14:27:03.820  INFO 14108 --- [67b039e1] [userId=2] [0.0-8080-exec-4] c.b.d.config.RequestLoggingFilter        : method=GET uri=/api/dealspot/admin/audit-logs?page=0&size=20 status=200 duration=67ms
2026-09-15 14:27:13.555  INFO 14108 --- [37bcca6d] [userId=anonymous] [.0-8080-exec-10] c.b.d.config.RequestLoggingFilter        : method=OPTIONS uri=/api/dealspot/admin/audit-logs?page=0&size=20&entityType=HTTP_REQUEST status=200 duration=0ms
2026-09-15 14:27:13.570 DEBUG 14108 --- [751e1e01] [userId=2] [0.0-8080-exec-6] c.b.d.security.JwtAuthenticationFilter   : Authenticated user ID [2] with role(s) [[ROLE_SUPER_ADMIN]] for URI [/api/dealspot/admin/audit-logs]
2026-09-15 14:27:13.578  INFO 14108 --- [751e1e01] [userId=2] [0.0-8080-exec-6] c.b.d.config.RequestLoggingFilter        : method=GET uri=/api/dealspot/admin/audit-logs?page=0&size=20&entityType=HTTP_REQUEST status=200 duration=21ms
2026-09-15 14:27:17.892  INFO 14108 --- [2cb15d1a] [userId=anonymous] [0.0-8080-exec-5] c.b.d.config.RequestLoggingFilter        : method=OPTIONS uri=/api/dealspot/admin/audit-logs?page=0&size=20&entityType=FLYER status=200 duration=2ms
2026-09-15 14:27:17.908 DEBUG 14108 --- [bb2ef9a8] [userId=2] [0.0-8080-exec-9] c.b.d.security.JwtAuthenticationFilter   : Authenticated user ID [2] with role(s) [[ROLE_SUPER_ADMIN]] for URI [/api/dealspot/admin/audit-logs]
2026-09-15 14:27:17.942  INFO 14108 --- [bb2ef9a8] [userId=2] [0.0-8080-exec-9] c.b.d.config.RequestLoggingFilter        : method=GET uri=/api/dealspot/admin/audit-logs?page=0&size=20&entityType=FLYER status=200 duration=46ms
2026-09-15 14:27:19.319  INFO 14108 --- [612a9313] [userId=anonymous] [0.0-8080-exec-7] c.b.d.config.RequestLoggingFilter        : method=OPTIONS uri=/api/dealspot/admin/audit-logs?page=0&size=20&entityType=ADMIN_USER status=200 duration=0ms
2026-09-15 14:27:19.333 DEBUG 14108 --- [f5615aa7] [userId=2] [0.0-8080-exec-8] c.b.d.security.JwtAuthenticationFilter   : Authenticated user ID [2] with role(s) [[ROLE_SUPER_ADMIN]] for URI [/api/dealspot/admin/audit-logs]
2026-09-15 14:27:19.340  INFO 14108 --- [f5615aa7] [userId=2] [0.0-8080-exec-8] c.b.d.config.RequestLoggingFilter        : method=GET uri=/api/dealspot/admin/audit-logs?page=0&size=20&entityType=ADMIN_USER status=200 duration=17ms
2026-09-15 14:27:20.688  INFO 14108 --- [c5ca5d08] [userId=anonymous] [0.0-8080-exec-1] c.b.d.config.RequestLoggingFilter        : method=OPTIONS uri=/api/dealspot/admin/audit-logs?page=0&size=20&entityType=ADMIN_USER&action=REJECT status=200 duration=2ms
2026-09-15 14:27:20.701 DEBUG 14108 --- [a27be6bc] [userId=2] [0.0-8080-exec-2] c.b.d.security.JwtAuthenticationFilter   : Authenticated user ID [2] with role(s) [[ROLE_SUPER_ADMIN]] for URI [/api/dealspot/admin/audit-logs]
2026-09-15 14:27:20.707  INFO 14108 --- [a27be6bc] [userId=2] [0.0-8080-exec-2] c.b.d.config.RequestLoggingFilter        : method=GET uri=/api/dealspot/admin/audit-logs?page=0&size=20&entityType=ADMIN_USER&action=REJECT status=200 duration=18ms
2026-09-15 14:27:24.159  INFO 14108 --- [d0ac1520] [userId=anonymous] [0.0-8080-exec-3] c.b.d.config.RequestLoggingFilter        : method=OPTIONS uri=/api/dealspot/admin/partner-requests status=200 duration=0ms
2026-09-15 14:27:24.178 DEBUG 14108 --- [db46a34a] [userId=2] [.0-8080-exec-10] c.b.d.security.JwtAuthenticationFilter   : Authenticated user ID [2] with role(s) [[ROLE_SUPER_ADMIN]] for URI [/api/dealspot/admin/partner-requests]
2026-09-15 14:27:24.178 DEBUG 14108 --- [dddfe1df] [userId=2] [0.0-8080-exec-4] c.b.d.security.JwtAuthenticationFilter   : Authenticated user ID [2] with role(s) [[ROLE_SUPER_ADMIN]] for URI [/api/dealspot/admin/partner-requests]
2026-09-15 14:27:24.203  INFO 14108 --- [dddfe1df] [userId=2] [0.0-8080-exec-4] c.b.d.config.RequestLoggingFilter        : method=GET uri=/api/dealspot/admin/partner-requests?status=PENDING status=200 duration=44ms
2026-09-15 14:27:24.227  INFO 14108 --- [db46a34a] [userId=2] [.0-8080-exec-10] c.b.d.config.RequestLoggingFilter        : method=GET uri=/api/dealspot/admin/partner-requests status=200 duration=64ms
2026-09-15 14:27:56.551 DEBUG 14108 --- [6b88a300] [userId=2] [0.0-8080-exec-6] c.b.d.security.JwtAuthenticationFilter   : Authenticated user ID [2] with role(s) [[ROLE_SUPER_ADMIN]] for URI [/api/dealspot/cities/fetch-all]
2026-09-15 14:27:56.560  INFO 14108 --- [6b88a300] [userId=2] [0.0-8080-exec-6] c.b.d.config.RequestLoggingFilter        : method=GET uri=/api/dealspot/cities/fetch-all status=200 duration=17ms
2026-09-15 14:28:15.647 DEBUG 14108 --- [b137479e] [userId=2] [0.0-8080-exec-7] c.b.d.security.JwtAuthenticationFilter   : Authenticated user ID [2] with role(s) [[ROLE_SUPER_ADMIN]] for URI [/api/dealspot/categories/fetch-categories]
2026-09-15 14:28:15.654  INFO 14108 --- [b137479e] [userId=2] [0.0-8080-exec-7] c.b.d.config.RequestLoggingFilter        : method=GET uri=/api/dealspot/categories/fetch-categories status=200 duration=13ms
2026-09-15 14:29:18.551 DEBUG 14108 --- [49d60571] [userId=2] [0.0-8080-exec-4] c.b.d.security.JwtAuthenticationFilter   : Authenticated user ID [2] with role(s) [[ROLE_SUPER_ADMIN]] for URI [/api/dealspot/notifications/my]
2026-09-15 14:29:18.552 DEBUG 14108 --- [6696b033] [userId=2] [0.0-8080-exec-3] c.b.d.security.JwtAuthenticationFilter   : Authenticated user ID [2] with role(s) [[ROLE_SUPER_ADMIN]] for URI [/api/dealspot/notifications/unread-count]
2026-09-15 14:29:18.590 DEBUG 14108 --- [bd28f392] [userId=2] [.0-8080-exec-10] c.b.d.security.JwtAuthenticationFilter   : Authenticated user ID [2] with role(s) [[ROLE_SUPER_ADMIN]] for URI [/api/dealspot/admin/audit-logs]
2026-09-15 14:29:18.707  INFO 14108 --- [6696b033] [userId=2] [0.0-8080-exec-3] c.b.d.config.RequestLoggingFilter        : method=GET uri=/api/dealspot/notifications/unread-count status=200 duration=208ms
2026-09-15 14:29:18.719  INFO 14108 --- [bd28f392] [userId=2] [.0-8080-exec-10] c.b.d.config.RequestLoggingFilter        : method=GET uri=/api/dealspot/admin/audit-logs?page=0&size=20 status=200 duration=196ms
2026-09-15 14:29:18.740 DEBUG 14108 --- [28040bcb] [userId=2] [0.0-8080-exec-6] c.b.d.security.JwtAuthenticationFilter   : Authenticated user ID [2] with role(s) [[ROLE_SUPER_ADMIN]] for URI [/api/dealspot/notifications/unread-count]
2026-09-15 14:29:18.749  INFO 14108 --- [49d60571] [userId=2] [0.0-8080-exec-4] c.b.d.config.RequestLoggingFilter        : method=GET uri=/api/dealspot/notifications/my?page=0&size=5 status=200 duration=248ms
2026-09-15 14:29:18.770 DEBUG 14108 --- [5123cbf2] [userId=2] [0.0-8080-exec-5] c.b.d.security.JwtAuthenticationFilter   : Authenticated user ID [2] with role(s) [[ROLE_SUPER_ADMIN]] for URI [/api/dealspot/brands/search]
2026-09-15 14:29:18.781 DEBUG 14108 --- [1fd094e8] [userId=2] [0.0-8080-exec-7] c.b.d.security.JwtAuthenticationFilter   : Authenticated user ID [2] with role(s) [[ROLE_SUPER_ADMIN]] for URI [/api/dealspot/products/paged]
2026-09-15 14:29:18.793 DEBUG 14108 --- [457ef999] [userId=2] [0.0-8080-exec-9] c.b.d.security.JwtAuthenticationFilter   : Authenticated user ID [2] with role(s) [[ROLE_SUPER_ADMIN]] for URI [/api/dealspot/categories/fetch-categories]
2026-09-15 14:29:18.813 DEBUG 14108 --- [35d9e757] [userId=2] [0.0-8080-exec-8] c.b.d.security.JwtAuthenticationFilter   : Authenticated user ID [2] with role(s) [[ROLE_SUPER_ADMIN]] for URI [/api/dealspot/notifications/my]
2026-09-15 14:29:18.825  INFO 14108 --- [457ef999] [userId=2] [0.0-8080-exec-9] c.b.d.config.RequestLoggingFilter        : method=GET uri=/api/dealspot/categories/fetch-categories status=200 duration=87ms
2026-09-15 14:29:18.873  INFO 14108 --- [28040bcb] [userId=2] [0.0-8080-exec-6] c.b.d.config.RequestLoggingFilter        : method=GET uri=/api/dealspot/notifications/unread-count status=200 duration=165ms
2026-09-15 14:29:19.065  INFO 14108 --- [35d9e757] [userId=2] [0.0-8080-exec-8] c.b.d.config.RequestLoggingFilter        : method=GET uri=/api/dealspot/notifications/my?page=0&size=5 status=200 duration=314ms
2026-09-15 14:29:19.124  INFO 14108 --- [1fd094e8] [userId=2] [0.0-8080-exec-7] c.b.d.config.RequestLoggingFilter        : method=GET uri=/api/dealspot/products/paged?page=0&size=20&sortBy=createdAt&direction=desc status=200 duration=377ms
2026-09-15 14:29:19.128  INFO 14108 --- [5123cbf2] [userId=2] [0.0-8080-exec-5] c.b.d.config.RequestLoggingFilter        : method=GET uri=/api/dealspot/brands/search?page=0&size=50 status=200 duration=391ms
2026-09-15 14:29:19.350 DEBUG 14108 --- [dd21c378] [userId=2] [0.0-8080-exec-1] c.b.d.security.JwtAuthenticationFilter   : Authenticated user ID [2] with role(s) [[ROLE_SUPER_ADMIN]] for URI [/api/dealspot/notifications/unread-count]
2026-09-15 14:29:19.365 DEBUG 14108 --- [e7c0aed4] [userId=2] [0.0-8080-exec-2] c.b.d.security.JwtAuthenticationFilter   : Authenticated user ID [2] with role(s) [[ROLE_SUPER_ADMIN]] for URI [/api/dealspot/notifications/my]
2026-09-15 14:29:19.379 DEBUG 14108 --- [284e3911] [userId=2] [0.0-8080-exec-3] c.b.d.security.JwtAuthenticationFilter   : Authenticated user ID [2] with role(s) [[ROLE_SUPER_ADMIN]] for URI [/api/dealspot/categories/fetch-categories]
2026-09-15 14:29:19.386  INFO 14108 --- [dd21c378] [userId=2] [0.0-8080-exec-1] c.b.d.config.RequestLoggingFilter        : method=GET uri=/api/dealspot/notifications/unread-count status=200 duration=47ms
2026-09-15 14:29:19.389  INFO 14108 --- [284e3911] [userId=2] [0.0-8080-exec-3] c.b.d.config.RequestLoggingFilter        : method=GET uri=/api/dealspot/categories/fetch-categories status=200 duration=22ms
2026-09-15 14:29:19.411  INFO 14108 --- [e7c0aed4] [userId=2] [0.0-8080-exec-2] c.b.d.config.RequestLoggingFilter        : method=GET uri=/api/dealspot/notifications/my?page=0&size=5 status=200 duration=57ms
2026-09-15 14:29:25.120  INFO 14108 --- [c4963d2b] [userId=anonymous] [.0-8080-exec-10] c.b.d.config.RequestLoggingFilter        : method=OPTIONS uri=/api/dealspot/brands/fetch-brands status=200 duration=2ms
2026-09-15 14:29:25.121  INFO 14108 --- [9043f6d8] [userId=anonymous] [0.0-8080-exec-9] c.b.d.config.RequestLoggingFilter        : method=OPTIONS uri=/api/dealspot/brands/search?page=0&size=20 status=200 duration=1ms
2026-09-15 14:29:25.130 DEBUG 14108 --- [2be17421] [userId=2] [0.0-8080-exec-4] c.b.d.security.JwtAuthenticationFilter   : Authenticated user ID [2] with role(s) [[ROLE_SUPER_ADMIN]] for URI [/api/dealspot/categories/fetch-categories]
2026-09-15 14:29:25.134 DEBUG 14108 --- [021ee6bf] [userId=2] [0.0-8080-exec-6] c.b.d.security.JwtAuthenticationFilter   : Authenticated user ID [2] with role(s) [[ROLE_SUPER_ADMIN]] for URI [/api/dealspot/brands/fetch-brands]
2026-09-15 14:29:25.134 DEBUG 14108 --- [de5268e2] [userId=2] [0.0-8080-exec-8] c.b.d.security.JwtAuthenticationFilter   : Authenticated user ID [2] with role(s) [[ROLE_SUPER_ADMIN]] for URI [/api/dealspot/brands/search]
2026-09-15 14:29:25.138  INFO 14108 --- [2be17421] [userId=2] [0.0-8080-exec-4] c.b.d.config.RequestLoggingFilter        : method=GET uri=/api/dealspot/categories/fetch-categories status=200 duration=18ms
2026-09-15 14:29:25.216  INFO 14108 --- [de5268e2] [userId=2] [0.0-8080-exec-8] c.b.d.config.RequestLoggingFilter        : method=GET uri=/api/dealspot/brands/search?page=0&size=20 status=200 duration=90ms
2026-09-15 14:29:26.927  INFO 14108 --- [021ee6bf] [userId=2] [0.0-8080-exec-6] c.b.d.config.RequestLoggingFilter        : method=GET uri=/api/dealspot/brands/fetch-brands status=200 duration=1804ms
2026-09-15 14:29:34.655  INFO 14108 --- [64b2420b] [userId=anonymous] [0.0-8080-exec-7] c.b.d.config.RequestLoggingFilter        : method=OPTIONS uri=/api/dealspot/products/delete-product/5550 status=200 duration=6ms
2026-09-15 14:29:34.666 DEBUG 14108 --- [1c8ab489] [userId=2] [0.0-8080-exec-5] c.b.d.security.JwtAuthenticationFilter   : Authenticated user ID [2] with role(s) [[ROLE_SUPER_ADMIN]] for URI [/api/dealspot/products/delete-product/5550]
2026-09-15 14:29:34.673  WARN 14108 --- [1c8ab489] [userId=2] [0.0-8080-exec-5] c.b.d.c.e.GlobalExceptionHandler         : Resource not found: No static resource api/dealspot/products/delete-product/5550 for request '/api/dealspot/products/delete-product/5550'.
2026-09-15 14:29:34.675  WARN 14108 --- [1c8ab489] [userId=2] [0.0-8080-exec-5] .m.m.a.ExceptionHandlerExceptionResolver : Resolved [org.springframework.web.servlet.resource.NoResourceFoundException: No static resource api/dealspot/products/delete-product/5550 for request '/api/dealspot/products/delete-product/5550'.]
2026-09-15 14:29:34.676  INFO 14108 --- [1c8ab489] [userId=2] [0.0-8080-exec-5] c.b.d.config.RequestLoggingFilter        : method=DELETE uri=/api/dealspot/products/delete-product/5550 status=404 duration=19ms
2026-09-15 14:29:35.849 DEBUG 14108 --- [e1603921] [userId=2] [0.0-8080-exec-1] c.b.d.security.JwtAuthenticationFilter   : Authenticated user ID [2] with role(s) [[ROLE_SUPER_ADMIN]] for URI [/api/dealspot/notifications/unread-count]
2026-09-15 14:29:35.855 DEBUG 14108 --- [0f959194] [userId=2] [0.0-8080-exec-3] c.b.d.security.JwtAuthenticationFilter   : Authenticated user ID [2] with role(s) [[ROLE_SUPER_ADMIN]] for URI [/api/dealspot/notifications/my]
2026-09-15 14:29:35.874 DEBUG 14108 --- [11e6748f] [userId=2] [0.0-8080-exec-2] c.b.d.security.JwtAuthenticationFilter   : Authenticated user ID [2] with role(s) [[ROLE_SUPER_ADMIN]] for URI [/api/dealspot/admin/audit-logs]
2026-09-15 14:29:35.896  INFO 14108 --- [e1603921] [userId=2] [0.0-8080-exec-1] c.b.d.config.RequestLoggingFilter        : method=GET uri=/api/dealspot/notifications/unread-count status=200 duration=66ms
2026-09-15 14:29:35.898  INFO 14108 --- [0f959194] [userId=2] [0.0-8080-exec-3] c.b.d.config.RequestLoggingFilter        : method=GET uri=/api/dealspot/notifications/my?page=0&size=5 status=200 duration=68ms
2026-09-15 14:29:35.910  INFO 14108 --- [11e6748f] [userId=2] [0.0-8080-exec-2] c.b.d.config.RequestLoggingFilter        : method=GET uri=/api/dealspot/admin/audit-logs?page=0&size=20 status=200 duration=56ms
2026-09-15 14:29:37.581 DEBUG 14108 --- [e7185570] [userId=2] [0.0-8080-exec-9] c.b.d.security.JwtAuthenticationFilter   : Authenticated user ID [2] with role(s) [[ROLE_SUPER_ADMIN]] for URI [/api/dealspot/notifications/my]
2026-09-15 14:29:37.581 DEBUG 14108 --- [fb5ed7f6] [userId=2] [.0-8080-exec-10] c.b.d.security.JwtAuthenticationFilter   : Authenticated user ID [2] with role(s) [[ROLE_SUPER_ADMIN]] for URI [/api/dealspot/notifications/unread-count]
2026-09-15 14:29:37.581 DEBUG 14108 --- [89f254d4] [userId=2] [0.0-8080-exec-4] c.b.d.security.JwtAuthenticationFilter   : Authenticated user ID [2] with role(s) [[ROLE_SUPER_ADMIN]] for URI [/api/dealspot/admin/audit-logs]
2026-09-15 14:29:37.605  INFO 14108 --- [fb5ed7f6] [userId=2] [.0-8080-exec-10] c.b.d.config.RequestLoggingFilter        : method=GET uri=/api/dealspot/notifications/unread-count status=200 duration=103ms
2026-09-15 14:29:37.620  INFO 14108 --- [e7185570] [userId=2] [0.0-8080-exec-9] c.b.d.config.RequestLoggingFilter        : method=GET uri=/api/dealspot/notifications/my?page=0&size=5 status=200 duration=111ms
2026-09-15 14:29:37.622  INFO 14108 --- [89f254d4] [userId=2] [0.0-8080-exec-4] c.b.d.config.RequestLoggingFilter        : method=GET uri=/api/dealspot/admin/audit-logs?page=0&size=20 status=200 duration=99ms
2026-09-15 14:29:50.546 DEBUG 14108 --- [457dee44] [userId=2] [0.0-8080-exec-8] c.b.d.security.JwtAuthenticationFilter   : Authenticated user ID [2] with role(s) [[ROLE_SUPER_ADMIN]] for URI [/api/dealspot/products/delete-product/5550]
2026-09-15 14:29:50.549  WARN 14108 --- [457dee44] [userId=2] [0.0-8080-exec-8] c.b.d.c.e.GlobalExceptionHandler         : Resource not found: No static resource api/dealspot/products/delete-product/5550 for request '/api/dealspot/products/delete-product/5550'.
2026-09-15 14:29:50.550  WARN 14108 --- [457dee44] [userId=2] [0.0-8080-exec-8] .m.m.a.ExceptionHandlerExceptionResolver : Resolved [org.springframework.web.servlet.resource.NoResourceFoundException: No static resource api/dealspot/products/delete-product/5550 for request '/api/dealspot/products/delete-product/5550'.]
2026-09-15 14:29:50.550  INFO 14108 --- [457dee44] [userId=2] [0.0-8080-exec-8] c.b.d.config.RequestLoggingFilter        : method=DELETE uri=/api/dealspot/products/delete-product/5550 status=404 duration=13ms
2026-09-15 14:29:54.197 DEBUG 14108 --- [72a3543a] [userId=2] [0.0-8080-exec-7] c.b.d.security.JwtAuthenticationFilter   : Authenticated user ID [2] with role(s) [[ROLE_SUPER_ADMIN]] for URI [/api/dealspot/notifications/my]
2026-09-15 14:29:54.197 DEBUG 14108 --- [82706701] [userId=2] [0.0-8080-exec-6] c.b.d.security.JwtAuthenticationFilter   : Authenticated user ID [2] with role(s) [[ROLE_SUPER_ADMIN]] for URI [/api/dealspot/notifications/unread-count]
2026-09-15 14:29:54.209  INFO 14108 --- [82706701] [userId=2] [0.0-8080-exec-6] c.b.d.config.RequestLoggingFilter        : method=GET uri=/api/dealspot/notifications/unread-count status=200 duration=26ms
2026-09-15 14:29:54.219 DEBUG 14108 --- [3ddd8627] [userId=2] [0.0-8080-exec-5] c.b.d.security.JwtAuthenticationFilter   : Authenticated user ID [2] with role(s) [[ROLE_SUPER_ADMIN]] for URI [/api/dealspot/admin/audit-logs]
2026-09-15 14:29:54.223  INFO 14108 --- [72a3543a] [userId=2] [0.0-8080-exec-7] c.b.d.config.RequestLoggingFilter        : method=GET uri=/api/dealspot/notifications/my?page=0&size=5 status=200 duration=40ms
2026-09-15 14:29:54.260  INFO 14108 --- [3ddd8627] [userId=2] [0.0-8080-exec-5] c.b.d.config.RequestLoggingFilter        : method=GET uri=/api/dealspot/admin/audit-logs?page=0&size=20 status=200 duration=58ms
2026-09-15 14:29:54.398 DEBUG 14108 --- [f5630e9c] [userId=2] [0.0-8080-exec-1] c.b.d.security.JwtAuthenticationFilter   : Authenticated user ID [2] with role(s) [[ROLE_SUPER_ADMIN]] for URI [/api/dealspot/notifications/unread-count]
2026-09-15 14:29:54.398 DEBUG 14108 --- [621619e8] [userId=2] [0.0-8080-exec-3] c.b.d.security.JwtAuthenticationFilter   : Authenticated user ID [2] with role(s) [[ROLE_SUPER_ADMIN]] for URI [/api/dealspot/notifications/my]
2026-09-15 14:29:54.419  INFO 14108 --- [f5630e9c] [userId=2] [0.0-8080-exec-1] c.b.d.config.RequestLoggingFilter        : method=GET uri=/api/dealspot/notifications/unread-count status=200 duration=30ms
2026-09-15 14:29:54.422  INFO 14108 --- [621619e8] [userId=2] [0.0-8080-exec-3] c.b.d.config.RequestLoggingFilter        : method=GET uri=/api/dealspot/notifications/my?page=0&size=5 status=200 duration=33ms
2026-09-15 14:29:54.423 DEBUG 14108 --- [bcc7697a] [userId=2] [0.0-8080-exec-2] c.b.d.security.JwtAuthenticationFilter   : Authenticated user ID [2] with role(s) [[ROLE_SUPER_ADMIN]] for URI [/api/dealspot/admin/audit-logs]
2026-09-15 14:29:54.460  INFO 14108 --- [bcc7697a] [userId=2] [0.0-8080-exec-2] c.b.d.config.RequestLoggingFilter        : method=GET uri=/api/dealspot/admin/audit-logs?page=0&size=20 status=200 duration=52ms
2026-09-15 14:29:54.681 DEBUG 14108 --- [7b992f61] [userId=2] [.0-8080-exec-10] c.b.d.security.JwtAuthenticationFilter   : Authenticated user ID [2] with role(s) [[ROLE_SUPER_ADMIN]] for URI [/api/dealspot/notifications/unread-count]
2026-09-15 14:29:54.694 DEBUG 14108 --- [851e8814] [userId=2] [0.0-8080-exec-9] c.b.d.security.JwtAuthenticationFilter   : Authenticated user ID [2] with role(s) [[ROLE_SUPER_ADMIN]] for URI [/api/dealspot/notifications/my]
2026-09-15 14:29:54.702 DEBUG 14108 --- [2fc68f10] [userId=2] [0.0-8080-exec-4] c.b.d.security.JwtAuthenticationFilter   : Authenticated user ID [2] with role(s) [[ROLE_SUPER_ADMIN]] for URI [/api/dealspot/admin/audit-logs]
2026-09-15 14:29:54.710  INFO 14108 --- [7b992f61] [userId=2] [.0-8080-exec-10] c.b.d.config.RequestLoggingFilter        : method=GET uri=/api/dealspot/notifications/unread-count status=200 duration=42ms
2026-09-15 14:29:54.743  INFO 14108 --- [2fc68f10] [userId=2] [0.0-8080-exec-4] c.b.d.config.RequestLoggingFilter        : method=GET uri=/api/dealspot/admin/audit-logs?page=0&size=20 status=200 duration=53ms
2026-09-15 14:29:54.747  INFO 14108 --- [851e8814] [userId=2] [0.0-8080-exec-9] c.b.d.config.RequestLoggingFilter        : method=GET uri=/api/dealspot/notifications/my?page=0&size=5 status=200 duration=78ms
2026-09-15 14:30:01.855  INFO 14108 --- [dd31867f] [userId=anonymous] [0.0-8080-exec-8] c.b.d.config.RequestLoggingFilter        : method=OPTIONS uri=/api/dealspot/admin/audit-logs?page=2&size=20 status=200 duration=1ms
2026-09-15 14:30:01.865 DEBUG 14108 --- [dbff973a] [userId=2] [0.0-8080-exec-6] c.b.d.security.JwtAuthenticationFilter   : Authenticated user ID [2] with role(s) [[ROLE_SUPER_ADMIN]] for URI [/api/dealspot/admin/audit-logs]
2026-09-15 14:30:01.880  INFO 14108 --- [dbff973a] [userId=2] [0.0-8080-exec-6] c.b.d.config.RequestLoggingFilter        : method=GET uri=/api/dealspot/admin/audit-logs?page=2&size=20 status=200 duration=24ms
2026-09-15 14:30:11.531  INFO 14108 --- [466ed2d4] [userId=anonymous] [0.0-8080-exec-7] c.b.d.config.RequestLoggingFilter        : method=OPTIONS uri=/api/dealspot/admin/audit-logs?page=0&size=100 status=200 duration=1ms
2026-09-15 14:30:11.546 DEBUG 14108 --- [1e79ada0] [userId=2] [0.0-8080-exec-5] c.b.d.security.JwtAuthenticationFilter   : Authenticated user ID [2] with role(s) [[ROLE_SUPER_ADMIN]] for URI [/api/dealspot/admin/audit-logs]
2026-09-15 14:30:11.564  INFO 14108 --- [1e79ada0] [userId=2] [0.0-8080-exec-5] c.b.d.config.RequestLoggingFilter        : method=GET uri=/api/dealspot/admin/audit-logs?page=0&size=100 status=200 duration=30ms
2026-09-15 14:30:25.793  INFO 14108 --- [4fce4e3c] [userId=anonymous] [0.0-8080-exec-9] c.b.d.config.RequestLoggingFilter        : method=OPTIONS uri=/api/dealspot/admin/audit-logs?page=0&size=100&action=APPROVE status=200 duration=1ms
2026-09-15 14:30:25.809 DEBUG 14108 --- [95a19d3a] [userId=2] [0.0-8080-exec-8] c.b.d.security.JwtAuthenticationFilter   : Authenticated user ID [2] with role(s) [[ROLE_SUPER_ADMIN]] for URI [/api/dealspot/admin/audit-logs]
2026-09-15 14:30:25.817  INFO 14108 --- [95a19d3a] [userId=2] [0.0-8080-exec-8] c.b.d.config.RequestLoggingFilter        : method=GET uri=/api/dealspot/admin/audit-logs?page=0&size=100&action=APPROVE status=200 duration=22ms
2026-09-15 14:30:27.568  INFO 14108 --- [64f969cd] [userId=anonymous] [0.0-8080-exec-6] c.b.d.config.RequestLoggingFilter        : method=OPTIONS uri=/api/dealspot/admin/audit-logs?page=0&size=100&action=REJECT status=200 duration=1ms
2026-09-15 14:30:27.588 DEBUG 14108 --- [4526315d] [userId=2] [0.0-8080-exec-7] c.b.d.security.JwtAuthenticationFilter   : Authenticated user ID [2] with role(s) [[ROLE_SUPER_ADMIN]] for URI [/api/dealspot/admin/audit-logs]
2026-09-15 14:30:27.599  INFO 14108 --- [4526315d] [userId=2] [0.0-8080-exec-7] c.b.d.config.RequestLoggingFilter        : method=GET uri=/api/dealspot/admin/audit-logs?page=0&size=100&action=REJECT status=200 duration=29ms
2026-09-15 14:30:30.162  INFO 14108 --- [8a043738] [userId=anonymous] [0.0-8080-exec-1] c.b.d.config.RequestLoggingFilter        : method=OPTIONS uri=/api/dealspot/admin/audit-logs?page=0&size=100&action=DELETE status=200 duration=1ms
2026-09-15 14:30:30.200 DEBUG 14108 --- [cc40be05] [userId=2] [0.0-8080-exec-2] c.b.d.security.JwtAuthenticationFilter   : Authenticated user ID [2] with role(s) [[ROLE_SUPER_ADMIN]] for URI [/api/dealspot/admin/audit-logs]
2026-09-15 14:30:30.208  INFO 14108 --- [cc40be05] [userId=2] [0.0-8080-exec-2] c.b.d.config.RequestLoggingFilter        : method=GET uri=/api/dealspot/admin/audit-logs?page=0&size=100&action=DELETE status=200 duration=27ms
2026-09-15 14:30:31.935 DEBUG 14108 --- [343a029e] [userId=2] [0.0-8080-exec-3] c.b.d.security.JwtAuthenticationFilter   : Authenticated user ID [2] with role(s) [[ROLE_SUPER_ADMIN]] for URI [/api/dealspot/admin/audit-logs]
2026-09-15 14:30:31.969  INFO 14108 --- [343a029e] [userId=2] [0.0-8080-exec-3] c.b.d.config.RequestLoggingFilter        : method=GET uri=/api/dealspot/admin/audit-logs?page=0&size=100 status=200 duration=43ms
2026-09-15 14:30:58.315 DEBUG 14108 --- [9c7d56d3] [userId=2] [0.0-8080-exec-9] c.b.d.security.JwtAuthenticationFilter   : Authenticated user ID [2] with role(s) [[ROLE_SUPER_ADMIN]] for URI [/api/dealspot/admin/audit-logs]
2026-09-15 14:30:58.331  INFO 14108 --- [9c7d56d3] [userId=2] [0.0-8080-exec-9] c.b.d.config.RequestLoggingFilter        : method=GET uri=/api/dealspot/admin/audit-logs?page=0&size=100 status=200 duration=31ms
2026-09-15 14:36:22.182  INFO 14108 --- [b03f5d31] [userId=anonymous] [0.0-8080-exec-6] c.b.d.config.RequestLoggingFilter        : method=OPTIONS uri=/api/dealspot/admin/audit-logs?page=0&size=100&searchKeyword=fgjkjb status=200 duration=1ms
2026-09-15 14:36:22.192 DEBUG 14108 --- [dbfdad75] [userId=2] [0.0-8080-exec-7] c.b.d.security.JwtAuthenticationFilter   : Authenticated user ID [2] with role(s) [[ROLE_SUPER_ADMIN]] for URI [/api/dealspot/admin/audit-logs]
2026-09-15 14:36:22.199  INFO 14108 --- [dbfdad75] [userId=2] [0.0-8080-exec-7] c.b.d.config.RequestLoggingFilter        : method=GET uri=/api/dealspot/admin/audit-logs?page=0&size=100&searchKeyword=fgjkjb status=200 duration=15ms
2026-09-15 14:36:24.952 DEBUG 14108 --- [594d086f] [userId=2] [0.0-8080-exec-5] c.b.d.security.JwtAuthenticationFilter   : Authenticated user ID [2] with role(s) [[ROLE_SUPER_ADMIN]] for URI [/api/dealspot/admin/audit-logs]
2026-09-15 14:36:24.968  INFO 14108 --- [594d086f] [userId=2] [0.0-8080-exec-5] c.b.d.config.RequestLoggingFilter        : method=GET uri=/api/dealspot/admin/audit-logs?page=0&size=100 status=200 duration=21ms
2026-09-15 14:36:27.994  INFO 14108 --- [e4464611] [userId=anonymous] [0.0-8080-exec-1] c.b.d.config.RequestLoggingFilter        : method=OPTIONS uri=/api/dealspot/admin/audit-logs?page=0&size=100&searchKeyword=7aea1d02 status=200 duration=0ms
2026-09-15 14:36:28.005 DEBUG 14108 --- [960367d9] [userId=2] [0.0-8080-exec-2] c.b.d.security.JwtAuthenticationFilter   : Authenticated user ID [2] with role(s) [[ROLE_SUPER_ADMIN]] for URI [/api/dealspot/admin/audit-logs]
2026-09-15 14:36:28.011  INFO 14108 --- [960367d9] [userId=2] [0.0-8080-exec-2] c.b.d.config.RequestLoggingFilter        : method=GET uri=/api/dealspot/admin/audit-logs?page=0&size=100&searchKeyword=7aea1d02 status=200 duration=15ms
2026-09-15 14:37:41.390 DEBUG 14108 --- [d1fd5d6c] [userId=2] [.0-8080-exec-10] c.b.d.security.JwtAuthenticationFilter   : Authenticated user ID [2] with role(s) [[ROLE_SUPER_ADMIN]] for URI [/api/dealspot/notifications/unread-count]
2026-09-15 14:37:41.393 DEBUG 14108 --- [2eb85c8e] [userId=2] [0.0-8080-exec-4] c.b.d.security.JwtAuthenticationFilter   : Authenticated user ID [2] with role(s) [[ROLE_SUPER_ADMIN]] for URI [/api/dealspot/notifications/my]
2026-09-15 14:37:41.400  INFO 14108 --- [d1fd5d6c] [userId=2] [.0-8080-exec-10] c.b.d.config.RequestLoggingFilter        : method=GET uri=/api/dealspot/notifications/unread-count status=200 duration=17ms
2026-09-15 14:37:41.409  INFO 14108 --- [2eb85c8e] [userId=2] [0.0-8080-exec-4] c.b.d.config.RequestLoggingFilter        : method=GET uri=/api/dealspot/notifications/my?page=0&size=5 status=200 duration=25ms
2026-09-15 14:37:41.412 DEBUG 14108 --- [5ac38861] [userId=2] [0.0-8080-exec-9] c.b.d.security.JwtAuthenticationFilter   : Authenticated user ID [2] with role(s) [[ROLE_SUPER_ADMIN]] for URI [/api/dealspot/categories/fetch-categories]
2026-09-15 14:37:41.420 DEBUG 14108 --- [1f972245] [userId=2] [0.0-8080-exec-6] c.b.d.security.JwtAuthenticationFilter   : Authenticated user ID [2] with role(s) [[ROLE_SUPER_ADMIN]] for URI [/api/dealspot/brands/search]
2026-09-15 14:37:41.420 DEBUG 14108 --- [28cc3298] [userId=2] [0.0-8080-exec-8] c.b.d.security.JwtAuthenticationFilter   : Authenticated user ID [2] with role(s) [[ROLE_SUPER_ADMIN]] for URI [/api/dealspot/brands/fetch-brands]
2026-09-15 14:37:41.422  INFO 14108 --- [5ac38861] [userId=2] [0.0-8080-exec-9] c.b.d.config.RequestLoggingFilter        : method=GET uri=/api/dealspot/categories/fetch-categories status=200 duration=17ms
2026-09-15 14:37:41.485  INFO 14108 --- [1f972245] [userId=2] [0.0-8080-exec-6] c.b.d.config.RequestLoggingFilter        : method=GET uri=/api/dealspot/brands/search?page=0&size=20 status=200 duration=75ms
2026-09-15 14:37:43.277  INFO 14108 --- [28cc3298] [userId=2] [0.0-8080-exec-8] c.b.d.config.RequestLoggingFilter        : method=GET uri=/api/dealspot/brands/fetch-brands status=200 duration=1867ms
2026-09-15 14:37:53.729  INFO 14108 --- [759a2dea] [userId=anonymous] [0.0-8080-exec-7] c.b.d.config.RequestLoggingFilter        : method=OPTIONS uri=/api/dealspot/notifications/unread-count status=200 duration=0ms
2026-09-15 14:37:53.730  INFO 14108 --- [10cedc19] [userId=anonymous] [0.0-8080-exec-5] c.b.d.config.RequestLoggingFilter        : method=OPTIONS uri=/api/dealspot/notifications/my?page=0&size=5 status=200 duration=1ms
2026-09-15 14:37:53.753 DEBUG 14108 --- [0925530d] [userId=2] [0.0-8080-exec-2] c.b.d.security.JwtAuthenticationFilter   : Authenticated user ID [2] with role(s) [[ROLE_SUPER_ADMIN]] for URI [/api/dealspot/notifications/my]
2026-09-15 14:37:53.754 DEBUG 14108 --- [e9eef08a] [userId=2] [0.0-8080-exec-1] c.b.d.security.JwtAuthenticationFilter   : Authenticated user ID [2] with role(s) [[ROLE_SUPER_ADMIN]] for URI [/api/dealspot/notifications/unread-count]
2026-09-15 14:37:53.760 DEBUG 14108 --- [09e29ee6] [userId=2] [0.0-8080-exec-3] c.b.d.security.JwtAuthenticationFilter   : Authenticated user ID [2] with role(s) [[ROLE_SUPER_ADMIN]] for URI [/api/dealspot/admin/audit-logs]
2026-09-15 14:37:53.765  INFO 14108 --- [e9eef08a] [userId=2] [0.0-8080-exec-1] c.b.d.config.RequestLoggingFilter        : method=GET uri=/api/dealspot/notifications/unread-count status=200 duration=34ms
2026-09-15 14:37:53.772  INFO 14108 --- [0925530d] [userId=2] [0.0-8080-exec-2] c.b.d.config.RequestLoggingFilter        : method=GET uri=/api/dealspot/notifications/my?page=0&size=5 status=200 duration=41ms
2026-09-15 14:37:53.788  INFO 14108 --- [09e29ee6] [userId=2] [0.0-8080-exec-3] c.b.d.config.RequestLoggingFilter        : method=GET uri=/api/dealspot/admin/audit-logs?page=0&size=20 status=200 duration=41ms
2026-09-15 14:38:00.879  INFO 14108 --- [NA] [userId=anonymous] [   File Watcher] rtingClassPathChangeChangedEventListener : Restarting due to 161 class path changes (0 additions, 161 deletions, 0 modifications)
2026-09-15 14:38:01.016  INFO 14108 --- [NA] [userId=anonymous] [       Thread-1] o.s.boot.tomcat.GracefulShutdown         : Commencing graceful shutdown. Waiting for active requests to complete
2026-09-15 14:38:02.184  INFO 14108 --- [NA] [userId=anonymous] [tomcat-shutdown] o.s.boot.tomcat.GracefulShutdown         : Graceful shutdown complete
2026-09-15 14:38:02.251  INFO 14108 --- [NA] [userId=anonymous] [       Thread-1] j.LocalContainerEntityManagerFactoryBean : Closing JPA EntityManagerFactory for persistence unit 'default'
2026-09-15 14:38:02.305  INFO 14108 --- [NA] [userId=anonymous] [       Thread-1] com.zaxxer.hikari.HikariDataSource       : HikariPool-1 - Shutdown initiated...
2026-09-15 14:38:02.314  INFO 14108 --- [NA] [userId=anonymous] [       Thread-1] com.zaxxer.hikari.HikariDataSource       : HikariPool-1 - Shutdown completed.
2026-09-15 14:38:12.825  INFO 14108 --- [NA] [userId=anonymous] [  restartedMain] c.backend.dealspot.DealspotApplication   : Starting DealspotApplication using Java 26.0.1 with PID 14108 (C:\Users\User\Desktop\DEVELOPMENT PROJECTS\DEALSPOT\SPRINGBOOT\target\classes started by User in C:\Users\User\Desktop\DEVELOPMENT PROJECTS\DEALSPOT\SPRINGBOOT)
2026-09-15 14:38:12.831 DEBUG 14108 --- [NA] [userId=anonymous] [  restartedMain] c.backend.dealspot.DealspotApplication   : Running with Spring Boot v4.0.6, Spring v7.0.7
2026-09-15 14:38:12.839  INFO 14108 --- [NA] [userId=anonymous] [  restartedMain] c.backend.dealspot.DealspotApplication   : No active profile set, falling back to 1 default profile: "default"
2026-09-15 14:38:13.862  INFO 14108 --- [NA] [userId=anonymous] [  restartedMain] .s.d.r.c.RepositoryConfigurationDelegate : Bootstrapping Spring Data JPA repositories in DEFAULT mode.
2026-09-15 14:38:13.945  INFO 14108 --- [NA] [userId=anonymous] [  restartedMain] .s.d.r.c.RepositoryConfigurationDelegate : Finished Spring Data repository scanning in 77 ms. Found 22 JPA repository interfaces.
2026-09-15 14:38:14.094  INFO 14108 --- [NA] [userId=anonymous] [  restartedMain] o.s.boot.tomcat.TomcatWebServer          : Tomcat initialized with port 8080 (http)
2026-09-15 14:38:14.095  INFO 14108 --- [NA] [userId=anonymous] [  restartedMain] o.apache.catalina.core.StandardService   : Starting service [Tomcat]
2026-09-15 14:38:14.097  INFO 14108 --- [NA] [userId=anonymous] [  restartedMain] o.apache.catalina.core.StandardEngine    : Starting Servlet engine: [Apache Tomcat/11.0.21]
2026-09-15 14:38:14.240  INFO 14108 --- [NA] [userId=anonymous] [  restartedMain] b.w.c.s.WebApplicationContextInitializer : Root WebApplicationContext: initialization completed in 1363 ms
2026-09-15 14:38:14.485  INFO 14108 --- [NA] [userId=anonymous] [  restartedMain] org.hibernate.orm.jpa                    : HHH008540: Processing PersistenceUnitInfo [name: default]
2026-09-15 14:38:14.539  INFO 14108 --- [NA] [userId=anonymous] [  restartedMain] o.s.o.j.p.SpringPersistenceUnitInfo      : No LoadTimeWeaver setup: ignoring JPA class transformer
2026-09-15 14:38:14.541  INFO 14108 --- [NA] [userId=anonymous] [  restartedMain] com.zaxxer.hikari.HikariDataSource       : HikariPool-2 - Starting...
2026-09-15 14:38:19.528  INFO 14108 --- [NA] [userId=anonymous] [  restartedMain] com.zaxxer.hikari.pool.HikariPool        : HikariPool-2 - Added connection com.mysql.cj.jdbc.ConnectionImpl@58a0626a
2026-09-15 14:38:19.528  INFO 14108 --- [NA] [userId=anonymous] [  restartedMain] com.zaxxer.hikari.HikariDataSource       : HikariPool-2 - Start completed.
2026-09-15 14:38:19.534  INFO 14108 --- [NA] [userId=anonymous] [  restartedMain] org.hibernate.orm.connections.pooling    : HHH10001005: Database info:
	Database JDBC URL [jdbc:mysql://192.168.1.110:3306/dealspot_test?useSSL=false&serverTimezone=UTC]
	Database driver: MySQL Connector/J
	Database dialect: MySQLDialect
	Database version: 8.0.46
	Default catalog/schema: dealspot_test/undefined
	Autocommit mode: undefined/unknown
	Isolation level: REPEATABLE_READ [default REPEATABLE_READ]
	JDBC fetch size: none
	Pool: DataSourceConnectionProvider
	Minimum pool size: undefined/unknown
	Maximum pool size: undefined/unknown
2026-09-15 14:38:20.132  INFO 14108 --- [NA] [userId=anonymous] [  restartedMain] org.hibernate.orm.core                   : HHH000489: No JTA platform available (set 'hibernate.transaction.jta.platform' to enable JTA platform integration)
2026-09-15 14:38:20.132  INFO 14108 --- [NA] [userId=anonymous] [  restartedMain] org.hibernate.orm.jdbc.batch             : HHH100501: Automatic JDBC statement batching enabled (maximum batch size 500)
2026-09-15 14:38:20.382  INFO 14108 --- [NA] [userId=anonymous] [  restartedMain] j.LocalContainerEntityManagerFactoryBean : Initialized JPA EntityManagerFactory for persistence unit 'default'
2026-09-15 14:38:20.574 DEBUG 14108 --- [NA] [userId=anonymous] [  restartedMain] c.b.d.security.JwtAuthenticationFilter   : Filter 'jwtAuthenticationFilter' configured for use
2026-09-15 14:38:20.575 DEBUG 14108 --- [NA] [userId=anonymous] [  restartedMain] c.b.d.config.RequestLoggingFilter        : Filter 'requestLoggingFilter' configured for use
2026-09-15 14:38:21.356  WARN 14108 --- [NA] [userId=anonymous] [  restartedMain] JpaBaseConfiguration$JpaWebConfiguration : spring.jpa.open-in-view is enabled by default. Therefore, database queries may be performed during view rendering. Explicitly configure spring.jpa.open-in-view to disable this warning
2026-09-15 14:38:21.865  INFO 14108 --- [NA] [userId=anonymous] [  restartedMain] o.s.boot.tomcat.TomcatWebServer          : Tomcat started on port 8080 (http) with context path '/'
2026-09-15 14:38:21.868  INFO 14108 --- [NA] [userId=anonymous] [  restartedMain] c.backend.dealspot.DealspotApplication   : Started DealspotApplication in 9.311 seconds (process running for 2156.987)
2026-09-15 14:38:21.939  INFO 14108 --- [NA] [userId=anonymous] [  restartedMain] .ConditionEvaluationDeltaLoggingListener : Condition evaluation unchanged
2026-09-15 14:38:31.691  INFO 14108 --- [NA] [userId=anonymous] [   File Watcher] rtingClassPathChangeChangedEventListener : Restarting due to 1 class path change (0 additions, 0 deletions, 1 modification)
2026-09-15 14:38:31.692  INFO 14108 --- [NA] [userId=anonymous] [       Thread-5] o.s.boot.tomcat.GracefulShutdown         : Commencing graceful shutdown. Waiting for active requests to complete
2026-09-15 14:38:31.699  INFO 14108 --- [NA] [userId=anonymous] [tomcat-shutdown] o.s.boot.tomcat.GracefulShutdown         : Graceful shutdown complete
2026-09-15 14:38:31.703  INFO 14108 --- [NA] [userId=anonymous] [       Thread-5] j.LocalContainerEntityManagerFactoryBean : Closing JPA EntityManagerFactory for persistence unit 'default'
2026-09-15 14:38:31.704  INFO 14108 --- [NA] [userId=anonymous] [       Thread-5] com.zaxxer.hikari.HikariDataSource       : HikariPool-2 - Shutdown initiated...
2026-09-15 14:38:33.756  INFO 14108 --- [NA] [userId=anonymous] [       Thread-5] com.zaxxer.hikari.HikariDataSource       : HikariPool-2 - Shutdown completed.
2026-09-15 14:38:33.934  INFO 14108 --- [NA] [userId=anonymous] [  restartedMain] c.backend.dealspot.DealspotApplication   : Starting DealspotApplication using Java 26.0.1 with PID 14108 (C:\Users\User\Desktop\DEVELOPMENT PROJECTS\DEALSPOT\SPRINGBOOT\target\classes started by User in C:\Users\User\Desktop\DEVELOPMENT PROJECTS\DEALSPOT\SPRINGBOOT)
2026-09-15 14:38:33.935 DEBUG 14108 --- [NA] [userId=anonymous] [  restartedMain] c.backend.dealspot.DealspotApplication   : Running with Spring Boot v4.0.6, Spring v7.0.7
2026-09-15 14:38:33.935  INFO 14108 --- [NA] [userId=anonymous] [  restartedMain] c.backend.dealspot.DealspotApplication   : No active profile set, falling back to 1 default profile: "default"
2026-09-15 14:38:34.714  INFO 14108 --- [NA] [userId=anonymous] [  restartedMain] .s.d.r.c.RepositoryConfigurationDelegate : Bootstrapping Spring Data JPA repositories in DEFAULT mode.
2026-09-15 14:38:34.793  INFO 14108 --- [NA] [userId=anonymous] [  restartedMain] .s.d.r.c.RepositoryConfigurationDelegate : Finished Spring Data repository scanning in 77 ms. Found 22 JPA repository interfaces.
2026-09-15 14:38:34.946  INFO 14108 --- [NA] [userId=anonymous] [  restartedMain] o.s.boot.tomcat.TomcatWebServer          : Tomcat initialized with port 8080 (http)
2026-09-15 14:38:34.947  INFO 14108 --- [NA] [userId=anonymous] [  restartedMain] o.apache.catalina.core.StandardService   : Starting service [Tomcat]
2026-09-15 14:38:34.948  INFO 14108 --- [NA] [userId=anonymous] [  restartedMain] o.apache.catalina.core.StandardEngine    : Starting Servlet engine: [Apache Tomcat/11.0.21]
2026-09-15 14:38:34.995  INFO 14108 --- [NA] [userId=anonymous] [  restartedMain] b.w.c.s.WebApplicationContextInitializer : Root WebApplicationContext: initialization completed in 1057 ms
2026-09-15 14:38:35.072  INFO 14108 --- [NA] [userId=anonymous] [  restartedMain] org.hibernate.orm.jpa                    : HHH008540: Processing PersistenceUnitInfo [name: default]
2026-09-15 14:38:35.137  INFO 14108 --- [NA] [userId=anonymous] [  restartedMain] o.s.o.j.p.SpringPersistenceUnitInfo      : No LoadTimeWeaver setup: ignoring JPA class transformer
2026-09-15 14:38:35.139  INFO 14108 --- [NA] [userId=anonymous] [  restartedMain] com.zaxxer.hikari.HikariDataSource       : HikariPool-3 - Starting...
2026-09-15 14:38:40.115  INFO 14108 --- [NA] [userId=anonymous] [  restartedMain] com.zaxxer.hikari.pool.HikariPool        : HikariPool-3 - Added connection com.mysql.cj.jdbc.ConnectionImpl@192d26e0
2026-09-15 14:38:40.116  INFO 14108 --- [NA] [userId=anonymous] [  restartedMain] com.zaxxer.hikari.HikariDataSource       : HikariPool-3 - Start completed.
2026-09-15 14:38:40.120  INFO 14108 --- [NA] [userId=anonymous] [  restartedMain] org.hibernate.orm.connections.pooling    : HHH10001005: Database info:
	Database JDBC URL [jdbc:mysql://192.168.1.110:3306/dealspot_test?useSSL=false&serverTimezone=UTC]
	Database driver: MySQL Connector/J
	Database dialect: MySQLDialect
	Database version: 8.0.46
	Default catalog/schema: dealspot_test/undefined
	Autocommit mode: undefined/unknown
	Isolation level: REPEATABLE_READ [default REPEATABLE_READ]
	JDBC fetch size: none
	Pool: DataSourceConnectionProvider
	Minimum pool size: undefined/unknown
	Maximum pool size: undefined/unknown
2026-09-15 14:38:40.434  INFO 14108 --- [NA] [userId=anonymous] [  restartedMain] org.hibernate.orm.core                   : HHH000489: No JTA platform available (set 'hibernate.transaction.jta.platform' to enable JTA platform integration)
2026-09-15 14:38:40.435  INFO 14108 --- [NA] [userId=anonymous] [  restartedMain] org.hibernate.orm.jdbc.batch             : HHH100501: Automatic JDBC statement batching enabled (maximum batch size 500)
2026-09-15 14:38:40.646  INFO 14108 --- [NA] [userId=anonymous] [  restartedMain] j.LocalContainerEntityManagerFactoryBean : Initialized JPA EntityManagerFactory for persistence unit 'default'
2026-09-15 14:38:40.803 DEBUG 14108 --- [NA] [userId=anonymous] [  restartedMain] c.b.d.security.JwtAuthenticationFilter   : Filter 'jwtAuthenticationFilter' configured for use
2026-09-15 14:38:40.804 DEBUG 14108 --- [NA] [userId=anonymous] [  restartedMain] c.b.d.config.RequestLoggingFilter        : Filter 'requestLoggingFilter' configured for use
2026-09-15 14:38:41.360  WARN 14108 --- [NA] [userId=anonymous] [  restartedMain] JpaBaseConfiguration$JpaWebConfiguration : spring.jpa.open-in-view is enabled by default. Therefore, database queries may be performed during view rendering. Explicitly configure spring.jpa.open-in-view to disable this warning
2026-09-15 14:38:41.724  INFO 14108 --- [NA] [userId=anonymous] [  restartedMain] o.s.boot.tomcat.TomcatWebServer          : Tomcat started on port 8080 (http) with context path '/'
2026-09-15 14:38:41.727  INFO 14108 --- [NA] [userId=anonymous] [  restartedMain] c.backend.dealspot.DealspotApplication   : Started DealspotApplication in 7.842 seconds (process running for 2176.846)
2026-09-15 14:38:41.782  INFO 14108 --- [NA] [userId=anonymous] [  restartedMain] .ConditionEvaluationDeltaLoggingListener : Condition evaluation unchanged
2026-09-15 14:38:44.585  INFO 14108 --- [NA] [userId=anonymous] [   File Watcher] rtingClassPathChangeChangedEventListener : Restarting due to 1 class path change (0 additions, 0 deletions, 1 modification)
2026-09-15 14:38:44.588  INFO 14108 --- [NA] [userId=anonymous] [      Thread-12] o.s.boot.tomcat.GracefulShutdown         : Commencing graceful shutdown. Waiting for active requests to complete
2026-09-15 14:38:44.595  INFO 14108 --- [NA] [userId=anonymous] [tomcat-shutdown] o.s.boot.tomcat.GracefulShutdown         : Graceful shutdown complete
2026-09-15 14:38:44.599  INFO 14108 --- [NA] [userId=anonymous] [      Thread-12] j.LocalContainerEntityManagerFactoryBean : Closing JPA EntityManagerFactory for persistence unit 'default'
2026-09-15 14:38:44.599  INFO 14108 --- [NA] [userId=anonymous] [      Thread-12] com.zaxxer.hikari.HikariDataSource       : HikariPool-3 - Shutdown initiated...
2026-09-15 14:38:44.778  INFO 14108 --- [NA] [userId=anonymous] [      Thread-12] com.zaxxer.hikari.HikariDataSource       : HikariPool-3 - Shutdown completed.
2026-09-15 14:38:44.920  INFO 14108 --- [NA] [userId=anonymous] [  restartedMain] c.backend.dealspot.DealspotApplication   : Starting DealspotApplication using Java 26.0.1 with PID 14108 (C:\Users\User\Desktop\DEVELOPMENT PROJECTS\DEALSPOT\SPRINGBOOT\target\classes started by User in C:\Users\User\Desktop\DEVELOPMENT PROJECTS\DEALSPOT\SPRINGBOOT)
2026-09-15 14:38:44.922 DEBUG 14108 --- [NA] [userId=anonymous] [  restartedMain] c.backend.dealspot.DealspotApplication   : Running with Spring Boot v4.0.6, Spring v7.0.7
2026-09-15 14:38:44.929  INFO 14108 --- [NA] [userId=anonymous] [  restartedMain] c.backend.dealspot.DealspotApplication   : No active profile set, falling back to 1 default profile: "default"
2026-09-15 14:38:45.372  INFO 14108 --- [NA] [userId=anonymous] [  restartedMain] .s.d.r.c.RepositoryConfigurationDelegate : Bootstrapping Spring Data JPA repositories in DEFAULT mode.
2026-09-15 14:38:45.436  INFO 14108 --- [NA] [userId=anonymous] [  restartedMain] .s.d.r.c.RepositoryConfigurationDelegate : Finished Spring Data repository scanning in 63 ms. Found 22 JPA repository interfaces.
2026-09-15 14:38:45.569  INFO 14108 --- [NA] [userId=anonymous] [  restartedMain] o.s.boot.tomcat.TomcatWebServer          : Tomcat initialized with port 8080 (http)
2026-09-15 14:38:45.569  INFO 14108 --- [NA] [userId=anonymous] [  restartedMain] o.apache.catalina.core.StandardService   : Starting service [Tomcat]
2026-09-15 14:38:45.569  INFO 14108 --- [NA] [userId=anonymous] [  restartedMain] o.apache.catalina.core.StandardEngine    : Starting Servlet engine: [Apache Tomcat/11.0.21]
2026-09-15 14:38:45.611  INFO 14108 --- [NA] [userId=anonymous] [  restartedMain] b.w.c.s.WebApplicationContextInitializer : Root WebApplicationContext: initialization completed in 670 ms
2026-09-15 14:38:45.677  INFO 14108 --- [NA] [userId=anonymous] [  restartedMain] org.hibernate.orm.jpa                    : HHH008540: Processing PersistenceUnitInfo [name: default]
2026-09-15 14:38:45.718  INFO 14108 --- [NA] [userId=anonymous] [  restartedMain] o.s.o.j.p.SpringPersistenceUnitInfo      : No LoadTimeWeaver setup: ignoring JPA class transformer
2026-09-15 14:38:45.720  INFO 14108 --- [NA] [userId=anonymous] [  restartedMain] com.zaxxer.hikari.HikariDataSource       : HikariPool-4 - Starting...
2026-09-15 14:38:50.681  INFO 14108 --- [NA] [userId=anonymous] [  restartedMain] com.zaxxer.hikari.pool.HikariPool        : HikariPool-4 - Added connection com.mysql.cj.jdbc.ConnectionImpl@6bfdf8bd
2026-09-15 14:38:50.681  INFO 14108 --- [NA] [userId=anonymous] [  restartedMain] com.zaxxer.hikari.HikariDataSource       : HikariPool-4 - Start completed.
2026-09-15 14:38:50.684  INFO 14108 --- [NA] [userId=anonymous] [  restartedMain] org.hibernate.orm.connections.pooling    : HHH10001005: Database info:
	Database JDBC URL [jdbc:mysql://192.168.1.110:3306/dealspot_test?useSSL=false&serverTimezone=UTC]
	Database driver: MySQL Connector/J
	Database dialect: MySQLDialect
	Database version: 8.0.46
	Default catalog/schema: dealspot_test/undefined
	Autocommit mode: undefined/unknown
	Isolation level: REPEATABLE_READ [default REPEATABLE_READ]
	JDBC fetch size: none
	Pool: DataSourceConnectionProvider
	Minimum pool size: undefined/unknown
	Maximum pool size: undefined/unknown
2026-09-15 14:38:51.002  INFO 14108 --- [NA] [userId=anonymous] [  restartedMain] org.hibernate.orm.core                   : HHH000489: No JTA platform available (set 'hibernate.transaction.jta.platform' to enable JTA platform integration)
2026-09-15 14:38:51.002  INFO 14108 --- [NA] [userId=anonymous] [  restartedMain] org.hibernate.orm.jdbc.batch             : HHH100501: Automatic JDBC statement batching enabled (maximum batch size 500)
2026-09-15 14:38:51.204  INFO 14108 --- [NA] [userId=anonymous] [  restartedMain] j.LocalContainerEntityManagerFactoryBean : Initialized JPA EntityManagerFactory for persistence unit 'default'
2026-09-15 14:38:51.371 DEBUG 14108 --- [NA] [userId=anonymous] [  restartedMain] c.b.d.security.JwtAuthenticationFilter   : Filter 'jwtAuthenticationFilter' configured for use
2026-09-15 14:38:51.372 DEBUG 14108 --- [NA] [userId=anonymous] [  restartedMain] c.b.d.config.RequestLoggingFilter        : Filter 'requestLoggingFilter' configured for use
2026-09-15 14:38:52.271  WARN 14108 --- [NA] [userId=anonymous] [  restartedMain] JpaBaseConfiguration$JpaWebConfiguration : spring.jpa.open-in-view is enabled by default. Therefore, database queries may be performed during view rendering. Explicitly configure spring.jpa.open-in-view to disable this warning
2026-09-15 14:38:52.870  INFO 14108 --- [NA] [userId=anonymous] [  restartedMain] o.s.boot.tomcat.TomcatWebServer          : Tomcat started on port 8080 (http) with context path '/'
2026-09-15 14:38:52.876  INFO 14108 --- [NA] [userId=anonymous] [  restartedMain] c.backend.dealspot.DealspotApplication   : Started DealspotApplication in 8.0 seconds (process running for 2187.996)
2026-09-15 14:38:52.949  INFO 14108 --- [NA] [userId=anonymous] [  restartedMain] .ConditionEvaluationDeltaLoggingListener : Condition evaluation unchanged
2026-09-15 14:40:51.081  INFO 14108 --- [NA] [userId=anonymous] [0.0-8080-exec-1] o.a.c.c.C.[Tomcat-1].[localhost].[/]     : Initializing Spring DispatcherServlet 'dispatcherServlet'
2026-09-15 14:40:51.084  INFO 14108 --- [NA] [userId=anonymous] [0.0-8080-exec-1] o.s.web.servlet.DispatcherServlet        : Initializing Servlet 'dispatcherServlet'
2026-09-15 14:40:51.087  INFO 14108 --- [NA] [userId=anonymous] [0.0-8080-exec-1] o.s.web.servlet.DispatcherServlet        : Completed initialization in 2 ms
2026-09-15 14:40:51.103  INFO 14108 --- [0da2acc5] [userId=anonymous] [0.0-8080-exec-7] c.b.d.config.RequestLoggingFilter        : method=OPTIONS uri=/api/dealspot/categories/fetch-categories status=200 duration=0ms
2026-09-15 14:40:51.106  INFO 14108 --- [c26f051e] [userId=anonymous] [0.0-8080-exec-6] c.b.d.config.RequestLoggingFilter        : method=OPTIONS uri=/api/dealspot/brands/search?page=0&size=50 status=200 duration=6ms
2026-09-15 14:40:51.111  INFO 14108 --- [2e1cfcdf] [userId=anonymous] [0.0-8080-exec-8] c.b.d.config.RequestLoggingFilter        : method=OPTIONS uri=/api/dealspot/products/paged?page=0&size=20&sortBy=createdAt&direction=desc status=200 duration=10ms
2026-09-15 14:40:51.289 DEBUG 14108 --- [fed1b13c] [userId=2] [0.0-8080-exec-3] c.b.d.security.JwtAuthenticationFilter   : Authenticated user ID [2] with role(s) [[ROLE_SUPER_ADMIN]] for URI [/api/dealspot/categories/fetch-categories]
2026-09-15 14:40:51.289 DEBUG 14108 --- [0904ba1d] [userId=2] [0.0-8080-exec-5] c.b.d.security.JwtAuthenticationFilter   : Authenticated user ID [2] with role(s) [[ROLE_SUPER_ADMIN]] for URI [/api/dealspot/products/paged]
2026-09-15 14:40:51.289 DEBUG 14108 --- [ed7ec273] [userId=2] [0.0-8080-exec-4] c.b.d.security.JwtAuthenticationFilter   : Authenticated user ID [2] with role(s) [[ROLE_SUPER_ADMIN]] for URI [/api/dealspot/brands/search]
2026-09-15 14:40:51.290 DEBUG 14108 --- [80dbc04c] [userId=2] [0.0-8080-exec-1] c.b.d.security.JwtAuthenticationFilter   : Authenticated user ID [2] with role(s) [[ROLE_SUPER_ADMIN]] for URI [/api/dealspot/notifications/unread-count]
2026-09-15 14:40:51.292 DEBUG 14108 --- [3929cff9] [userId=2] [0.0-8080-exec-2] c.b.d.security.JwtAuthenticationFilter   : Authenticated user ID [2] with role(s) [[ROLE_SUPER_ADMIN]] for URI [/api/dealspot/notifications/my]
2026-09-15 14:40:51.368  INFO 14108 --- [fed1b13c] [userId=2] [0.0-8080-exec-3] c.b.d.config.RequestLoggingFilter        : method=GET uri=/api/dealspot/categories/fetch-categories status=200 duration=238ms
2026-09-15 14:40:51.471 DEBUG 14108 --- [add3cdc3] [userId=2] [0.0-8080-exec-9] c.b.d.security.JwtAuthenticationFilter   : Authenticated user ID [2] with role(s) [[ROLE_SUPER_ADMIN]] for URI [/api/dealspot/categories/fetch-categories]
2026-09-15 14:40:51.482  INFO 14108 --- [80dbc04c] [userId=2] [0.0-8080-exec-1] c.b.d.config.RequestLoggingFilter        : method=GET uri=/api/dealspot/notifications/unread-count status=200 duration=394ms
2026-09-15 14:40:51.500  INFO 14108 --- [add3cdc3] [userId=2] [0.0-8080-exec-9] c.b.d.config.RequestLoggingFilter        : method=GET uri=/api/dealspot/categories/fetch-categories status=200 duration=71ms
2026-09-15 14:40:51.501 DEBUG 14108 --- [02b5fc48] [userId=2] [.0-8080-exec-10] c.b.d.security.JwtAuthenticationFilter   : Authenticated user ID [2] with role(s) [[ROLE_SUPER_ADMIN]] for URI [/api/dealspot/notifications/unread-count]
2026-09-15 14:40:51.529  WARN 14108 --- [3929cff9] [userId=2] [0.0-8080-exec-2] ration$PageModule$WarningLoggingModifier : Serializing PageImpl instances as-is is not supported, meaning that there is no guarantee about the stability of the resulting JSON structure!
	For a stable JSON structure, please use Spring Data's PagedModel (globally via @EnableSpringDataWebSupport(pageSerializationMode = VIA_DTO))
	or Spring HATEOAS and Spring Data's PagedResourcesAssembler as documented in https://docs.spring.io/spring-data/commons/reference/repositories/core-extensions.html#core.web.pageables.

2026-09-15 14:40:51.541  INFO 14108 --- [02b5fc48] [userId=2] [.0-8080-exec-10] c.b.d.config.RequestLoggingFilter        : method=GET uri=/api/dealspot/notifications/unread-count status=200 duration=52ms
2026-09-15 14:40:51.563  INFO 14108 --- [3929cff9] [userId=2] [0.0-8080-exec-2] c.b.d.config.RequestLoggingFilter        : method=GET uri=/api/dealspot/notifications/my?page=0&size=5 status=200 duration=475ms
2026-09-15 14:40:51.585 DEBUG 14108 --- [70b36720] [userId=2] [0.0-8080-exec-7] c.b.d.security.JwtAuthenticationFilter   : Authenticated user ID [2] with role(s) [[ROLE_SUPER_ADMIN]] for URI [/api/dealspot/notifications/my]
2026-09-15 14:40:51.611  INFO 14108 --- [0904ba1d] [userId=2] [0.0-8080-exec-5] c.b.d.config.RequestLoggingFilter        : method=GET uri=/api/dealspot/products/paged?page=0&size=20&sortBy=createdAt&direction=desc status=200 duration=443ms
2026-09-15 14:40:51.619  INFO 14108 --- [70b36720] [userId=2] [0.0-8080-exec-7] c.b.d.config.RequestLoggingFilter        : method=GET uri=/api/dealspot/notifications/my?page=0&size=5 status=200 duration=50ms
2026-09-15 14:40:51.633 DEBUG 14108 --- [a24536b7] [userId=2] [0.0-8080-exec-6] c.b.d.security.JwtAuthenticationFilter   : Authenticated user ID [2] with role(s) [[ROLE_SUPER_ADMIN]] for URI [/api/dealspot/products/paged]
2026-09-15 14:40:51.726  INFO 14108 --- [ed7ec273] [userId=2] [0.0-8080-exec-4] c.b.d.config.RequestLoggingFilter        : method=GET uri=/api/dealspot/brands/search?page=0&size=50 status=200 duration=574ms
2026-09-15 14:40:51.748 DEBUG 14108 --- [95c17916] [userId=2] [0.0-8080-exec-8] c.b.d.security.JwtAuthenticationFilter   : Authenticated user ID [2] with role(s) [[ROLE_SUPER_ADMIN]] for URI [/api/dealspot/brands/search]
2026-09-15 14:40:51.788 DEBUG 14108 --- [16b19637] [userId=2] [0.0-8080-exec-3] c.b.d.security.JwtAuthenticationFilter   : Authenticated user ID [2] with role(s) [[ROLE_SUPER_ADMIN]] for URI [/api/dealspot/notifications/my]
2026-09-15 14:40:51.809 DEBUG 14108 --- [1e5d8b73] [userId=2] [0.0-8080-exec-1] c.b.d.security.JwtAuthenticationFilter   : Authenticated user ID [2] with role(s) [[ROLE_SUPER_ADMIN]] for URI [/api/dealspot/notifications/unread-count]
2026-09-15 14:40:51.814 DEBUG 14108 --- [dd3571b4] [userId=2] [0.0-8080-exec-9] c.b.d.security.JwtAuthenticationFilter   : Authenticated user ID [2] with role(s) [[ROLE_SUPER_ADMIN]] for URI [/api/dealspot/brands/fetch-brands]
2026-09-15 14:40:51.835 DEBUG 14108 --- [f2feb68e] [userId=2] [.0-8080-exec-10] c.b.d.security.JwtAuthenticationFilter   : Authenticated user ID [2] with role(s) [[ROLE_SUPER_ADMIN]] for URI [/api/dealspot/categories/fetch-categories]
2026-09-15 14:40:51.843 DEBUG 14108 --- [4c99b6fb] [userId=2] [0.0-8080-exec-2] c.b.d.security.JwtAuthenticationFilter   : Authenticated user ID [2] with role(s) [[ROLE_SUPER_ADMIN]] for URI [/api/dealspot/brands/search]
2026-09-15 14:40:51.859  INFO 14108 --- [1e5d8b73] [userId=2] [0.0-8080-exec-1] c.b.d.config.RequestLoggingFilter        : method=GET uri=/api/dealspot/notifications/unread-count status=200 duration=89ms
2026-09-15 14:40:51.856  INFO 14108 --- [f2feb68e] [userId=2] [.0-8080-exec-10] c.b.d.config.RequestLoggingFilter        : method=GET uri=/api/dealspot/categories/fetch-categories status=200 duration=59ms
2026-09-15 14:40:51.867  INFO 14108 --- [16b19637] [userId=2] [0.0-8080-exec-3] c.b.d.config.RequestLoggingFilter        : method=GET uri=/api/dealspot/notifications/my?page=0&size=5 status=200 duration=107ms
2026-09-15 14:40:51.972  INFO 14108 --- [a24536b7] [userId=2] [0.0-8080-exec-6] c.b.d.config.RequestLoggingFilter        : method=GET uri=/api/dealspot/products/paged?page=0&size=20&sortBy=createdAt&direction=desc status=200 duration=357ms
2026-09-15 14:40:52.009  INFO 14108 --- [4c99b6fb] [userId=2] [0.0-8080-exec-2] c.b.d.config.RequestLoggingFilter        : method=GET uri=/api/dealspot/brands/search?page=0&size=20 status=200 duration=202ms
2026-09-15 14:40:52.114  INFO 14108 --- [95c17916] [userId=2] [0.0-8080-exec-8] c.b.d.config.RequestLoggingFilter        : method=GET uri=/api/dealspot/brands/search?page=0&size=50 status=200 duration=384ms
2026-09-15 14:40:54.022  INFO 14108 --- [01c275cf] [userId=anonymous] [0.0-8080-exec-5] c.b.d.config.RequestLoggingFilter        : method=OPTIONS uri=/api/dealspot/admin/audit-logs?page=0&size=20 status=200 duration=2ms
2026-09-15 14:40:54.051 DEBUG 14108 --- [d1ed7514] [userId=2] [0.0-8080-exec-7] c.b.d.security.JwtAuthenticationFilter   : Authenticated user ID [2] with role(s) [[ROLE_SUPER_ADMIN]] for URI [/api/dealspot/admin/audit-logs]
2026-09-15 14:40:54.112  INFO 14108 --- [d1ed7514] [userId=2] [0.0-8080-exec-7] c.b.d.config.RequestLoggingFilter        : method=GET uri=/api/dealspot/admin/audit-logs?page=0&size=20 status=200 duration=83ms
2026-09-15 14:40:54.792  INFO 14108 --- [dd3571b4] [userId=2] [0.0-8080-exec-9] c.b.d.config.RequestLoggingFilter        : method=GET uri=/api/dealspot/brands/fetch-brands status=200 duration=2996ms
2026-09-15 14:41:12.564 DEBUG 14108 --- [a1f9b495] [userId=2] [0.0-8080-exec-4] c.b.d.security.JwtAuthenticationFilter   : Authenticated user ID [2] with role(s) [[ROLE_SUPER_ADMIN]] for URI [/api/dealspot/notifications/unread-count]
2026-09-15 14:41:12.571 DEBUG 14108 --- [65440fa1] [userId=2] [.0-8080-exec-10] c.b.d.security.JwtAuthenticationFilter   : Authenticated user ID [2] with role(s) [[ROLE_SUPER_ADMIN]] for URI [/api/dealspot/notifications/my]
2026-09-15 14:41:12.580 DEBUG 14108 --- [c4b5375e] [userId=2] [0.0-8080-exec-1] c.b.d.security.JwtAuthenticationFilter   : Authenticated user ID [2] with role(s) [[ROLE_SUPER_ADMIN]] for URI [/api/dealspot/admin/audit-logs]
2026-09-15 14:41:12.606  INFO 14108 --- [a1f9b495] [userId=2] [0.0-8080-exec-4] c.b.d.config.RequestLoggingFilter        : method=GET uri=/api/dealspot/notifications/unread-count status=200 duration=56ms
2026-09-15 14:41:12.610  INFO 14108 --- [65440fa1] [userId=2] [.0-8080-exec-10] c.b.d.config.RequestLoggingFilter        : method=GET uri=/api/dealspot/notifications/my?page=0&size=5 status=200 duration=60ms
2026-09-15 14:41:12.612  INFO 14108 --- [c4b5375e] [userId=2] [0.0-8080-exec-1] c.b.d.config.RequestLoggingFilter        : method=GET uri=/api/dealspot/admin/audit-logs?page=0&size=20 status=200 duration=45ms
2026-09-15 14:41:15.115  WARN 14108 --- [3a2984fd] [userId=anonymous] [0.0-8080-exec-3] c.b.d.c.e.GlobalExceptionHandler         : Resource not found: No static resource api/dealspot/auth/login for request '/api/dealspot/auth/login'.
2026-09-15 14:41:15.134  WARN 14108 --- [3a2984fd] [userId=anonymous] [0.0-8080-exec-3] .m.m.a.ExceptionHandlerExceptionResolver : Resolved [org.springframework.web.servlet.resource.NoResourceFoundException: No static resource api/dealspot/auth/login for request '/api/dealspot/auth/login'.]
2026-09-15 14:41:15.136  INFO 14108 --- [3a2984fd] [userId=anonymous] [0.0-8080-exec-3] c.b.d.config.RequestLoggingFilter        : method=POST uri=/api/dealspot/auth/login status=404 duration=27ms
2026-09-15 14:41:15.266  INFO 14108 --- [cdb14160] [userId=anonymous] [0.0-8080-exec-6] c.b.d.config.RequestLoggingFilter        : method=DELETE uri=/api/dealspot/products/delete-product/999999 status=401 duration=5ms
2026-09-15 14:41:16.298  INFO 14108 --- [ab7e8c44] [userId=anonymous] [0.0-8080-exec-2] c.b.d.config.RequestLoggingFilter        : method=GET uri=/api/dealspot/admin/audit-logs?page=0&size=5 status=401 duration=0ms
2026-09-15 14:41:43.037 DEBUG 14108 --- [37a84476] [userId=anonymous] [0.0-8080-exec-5] c.b.dealspot.controller.AuthController   : User login attempt for email: admin@dealspot.com
2026-09-15 14:41:43.141  WARN 14108 --- [37a84476] [userId=anonymous] [0.0-8080-exec-5] c.b.d.c.e.GlobalExceptionHandler         : Authentication failed: Invalid email or password
2026-09-15 14:41:43.147  WARN 14108 --- [37a84476] [userId=anonymous] [0.0-8080-exec-5] .m.m.a.ExceptionHandlerExceptionResolver : Resolved [org.springframework.security.authentication.BadCredentialsException: Invalid email or password]
2026-09-15 14:41:43.147  INFO 14108 --- [37a84476] [userId=anonymous] [0.0-8080-exec-5] c.b.d.config.RequestLoggingFilter        : method=POST uri=/api/dealspot/auth/user/login status=401 duration=112ms
2026-09-15 14:41:43.241  INFO 14108 --- [90788888] [userId=anonymous] [0.0-8080-exec-7] c.b.d.config.RequestLoggingFilter        : method=DELETE uri=/api/dealspot/products/delete-product/999999 status=401 duration=0ms
2026-09-15 14:41:44.267  INFO 14108 --- [e0dba97b] [userId=anonymous] [0.0-8080-exec-9] c.b.d.config.RequestLoggingFilter        : method=GET uri=/api/dealspot/admin/audit-logs?page=0&size=5 status=401 duration=1ms
2026-09-15 14:42:12.724 DEBUG 14108 --- [e46f0f53] [userId=anonymous] [0.0-8080-exec-7] c.b.dealspot.controller.AuthController   : Admin login attempt for email: admin@dealspot.com
2026-09-15 14:42:12.844  INFO 14108 --- [e46f0f53] [userId=anonymous] [0.0-8080-exec-7] c.b.dealspot.controller.AuthController   : Admin login successful for email: admin@dealspot.com
2026-09-15 14:42:12.848  INFO 14108 --- [e46f0f53] [userId=anonymous] [0.0-8080-exec-7] c.b.d.config.RequestLoggingFilter        : method=POST uri=/api/dealspot/auth/admin/login status=200 duration=125ms
2026-09-15 14:42:12.928 DEBUG 14108 --- [72598039] [userId=1] [0.0-8080-exec-9] c.b.d.security.JwtAuthenticationFilter   : Authenticated user ID [1] with role(s) [[ROLE_SUPER_ADMIN]] for URI [/api/dealspot/products/delete-product/999999]
2026-09-15 14:42:12.938  WARN 14108 --- [72598039] [userId=1] [0.0-8080-exec-9] c.b.d.c.e.GlobalExceptionHandler         : Handled illegal argument exception: Product not found with id: 999999
2026-09-15 14:42:12.951  WARN 14108 --- [72598039] [userId=1] [0.0-8080-exec-9] .m.m.a.ExceptionHandlerExceptionResolver : Resolved [java.lang.IllegalArgumentException: Product not found with id: 999999]
2026-09-15 14:42:12.952  INFO 14108 --- [72598039] [userId=1] [0.0-8080-exec-9] c.b.d.config.RequestLoggingFilter        : method=DELETE uri=/api/dealspot/products/delete-product/999999 status=400 duration=31ms
2026-09-15 14:42:13.999 DEBUG 14108 --- [ddf00ac0] [userId=1] [.0-8080-exec-10] c.b.d.security.JwtAuthenticationFilter   : Authenticated user ID [1] with role(s) [[ROLE_SUPER_ADMIN]] for URI [/api/dealspot/admin/audit-logs]
2026-09-15 14:42:14.013  INFO 14108 --- [ddf00ac0] [userId=1] [.0-8080-exec-10] c.b.d.config.RequestLoggingFilter        : method=GET uri=/api/dealspot/admin/audit-logs?page=0&size=5 status=200 duration=33ms
2026-09-15 14:43:55.498  INFO 14108 --- [1628940f] [userId=anonymous] [0.0-8080-exec-6] c.b.d.config.RequestLoggingFilter        : method=OPTIONS uri=/api/dealspot/cities/fetch-all status=200 duration=0ms
2026-09-15 14:43:55.502  INFO 14108 --- [2c8bedae] [userId=anonymous] [0.0-8080-exec-8] c.b.d.config.RequestLoggingFilter        : method=OPTIONS uri=/api/dealspot/offers/my-saved status=200 duration=5ms
2026-09-15 14:43:55.502  INFO 14108 --- [e176ac96] [userId=anonymous] [0.0-8080-exec-5] c.b.d.config.RequestLoggingFilter        : method=OPTIONS uri=/api/dealspot/stores/fetch-all-stores status=200 duration=1ms
2026-09-15 14:43:55.506  INFO 14108 --- [d23630d7] [userId=anonymous] [0.0-8080-exec-7] c.b.d.config.RequestLoggingFilter        : method=OPTIONS uri=/api/dealspot/offers/fetch-all-offers status=200 duration=2ms
2026-09-15 14:43:55.507  INFO 14108 --- [2c283ea8] [userId=anonymous] [0.0-8080-exec-9] c.b.d.config.RequestLoggingFilter        : method=OPTIONS uri=/api/flyers/fetch-all-flyers status=200 duration=1ms
2026-09-15 14:43:55.511  INFO 14108 --- [8ed8efbe] [userId=anonymous] [0.0-8080-exec-4] c.b.d.config.RequestLoggingFilter        : method=OPTIONS uri=/api/dealspot/brands/search?page=0&size=15&featured=true status=200 duration=4ms
2026-09-15 14:43:55.740  INFO 14108 --- [ee3e896d] [userId=anonymous] [0.0-8080-exec-1] c.b.d.config.RequestLoggingFilter        : method=OPTIONS uri=/api/dealspot/offers/my-saved status=200 duration=1ms
2026-09-15 14:43:55.842 DEBUG 14108 --- [8ac97297] [userId=2] [0.0-8080-exec-3] c.b.d.security.JwtAuthenticationFilter   : Authenticated user ID [2] with role(s) [[ROLE_SUPER_ADMIN]] for URI [/api/dealspot/notifications/unread-count]
2026-09-15 14:43:55.902 DEBUG 14108 --- [f59179a2] [userId=2] [0.0-8080-exec-2] c.b.d.security.JwtAuthenticationFilter   : Authenticated user ID [2] with role(s) [[ROLE_SUPER_ADMIN]] for URI [/api/dealspot/categories/fetch-categories]
2026-09-15 14:43:55.902 DEBUG 14108 --- [16bfb08f] [userId=2] [.0-8080-exec-10] c.b.d.security.JwtAuthenticationFilter   : Authenticated user ID [2] with role(s) [[ROLE_SUPER_ADMIN]] for URI [/api/dealspot/notifications/my]
2026-09-15 14:43:55.909 DEBUG 14108 --- [65638a6b] [userId=2] [0.0-8080-exec-6] c.b.d.security.JwtAuthenticationFilter   : Authenticated user ID [2] with role(s) [[ROLE_SUPER_ADMIN]] for URI [/api/dealspot/cities/fetch-all]
2026-09-15 14:43:56.009 DEBUG 14108 --- [c4c97d36] [userId=2] [0.0-8080-exec-5] c.b.d.security.JwtAuthenticationFilter   : Authenticated user ID [2] with role(s) [[ROLE_SUPER_ADMIN]] for URI [/api/dealspot/stores/fetch-all-stores]
2026-09-15 14:43:56.030 DEBUG 14108 --- [452e2b33] [userId=2] [0.0-8080-exec-8] c.b.d.security.JwtAuthenticationFilter   : Authenticated user ID [2] with role(s) [[ROLE_SUPER_ADMIN]] for URI [/api/dealspot/offers/my-saved]
2026-09-15 14:43:56.239  INFO 14108 --- [f59179a2] [userId=2] [0.0-8080-exec-2] c.b.d.config.RequestLoggingFilter        : method=GET uri=/api/dealspot/categories/fetch-categories status=200 duration=359ms
2026-09-15 14:43:56.294  INFO 14108 --- [8ac97297] [userId=2] [0.0-8080-exec-3] c.b.d.config.RequestLoggingFilter        : method=GET uri=/api/dealspot/notifications/unread-count status=200 duration=467ms
2026-09-15 14:43:56.407  INFO 14108 --- [16bfb08f] [userId=2] [.0-8080-exec-10] c.b.d.config.RequestLoggingFilter        : method=GET uri=/api/dealspot/notifications/my?page=0&size=5 status=200 duration=527ms
2026-09-15 14:43:56.489  INFO 14108 --- [65638a6b] [userId=2] [0.0-8080-exec-6] c.b.d.config.RequestLoggingFilter        : method=GET uri=/api/dealspot/cities/fetch-all status=200 duration=596ms
2026-09-15 14:43:56.705 DEBUG 14108 --- [9a231c9d] [userId=2] [0.0-8080-exec-7] c.b.d.security.JwtAuthenticationFilter   : Authenticated user ID [2] with role(s) [[ROLE_SUPER_ADMIN]] for URI [/api/dealspot/offers/fetch-all-offers]
2026-09-15 14:43:56.711  INFO 14108 --- [c4c97d36] [userId=2] [0.0-8080-exec-5] c.b.d.config.RequestLoggingFilter        : method=GET uri=/api/dealspot/stores/fetch-all-stores status=200 duration=714ms
2026-09-15 14:43:56.727  INFO 14108 --- [452e2b33] [userId=2] [0.0-8080-exec-8] c.b.d.config.RequestLoggingFilter        : method=GET uri=/api/dealspot/offers/my-saved status=200 duration=736ms
2026-09-15 14:43:56.807 DEBUG 14108 --- [3cf5345a] [userId=2] [0.0-8080-exec-9] c.b.d.security.JwtAuthenticationFilter   : Authenticated user ID [2] with role(s) [[ROLE_SUPER_ADMIN]] for URI [/api/flyers/fetch-all-flyers]
2026-09-15 14:43:56.891 DEBUG 14108 --- [98c999a6] [userId=2] [0.0-8080-exec-4] c.b.d.security.JwtAuthenticationFilter   : Authenticated user ID [2] with role(s) [[ROLE_SUPER_ADMIN]] for URI [/api/dealspot/offers/my-saved]
2026-09-15 14:43:56.973  INFO 14108 --- [3cf5345a] [userId=2] [0.0-8080-exec-9] c.b.d.config.RequestLoggingFilter        : method=GET uri=/api/flyers/fetch-all-flyers status=200 duration=193ms
2026-09-15 14:43:56.983 DEBUG 14108 --- [88b7bea4] [userId=2] [.0-8080-exec-10] c.b.d.security.JwtAuthenticationFilter   : Authenticated user ID [2] with role(s) [[ROLE_SUPER_ADMIN]] for URI [/api/dealspot/brands/search]
2026-09-15 14:43:57.008  INFO 14108 --- [98c999a6] [userId=2] [0.0-8080-exec-4] c.b.d.config.RequestLoggingFilter        : method=GET uri=/api/dealspot/offers/my-saved status=200 duration=164ms
2026-09-15 14:43:57.010  INFO 14108 --- [88b7bea4] [userId=2] [.0-8080-exec-10] c.b.d.config.RequestLoggingFilter        : method=GET uri=/api/dealspot/brands/search?page=0&size=15&featured=true status=200 duration=154ms
2026-09-15 14:43:57.269 DEBUG 14108 --- [665b0979] [userId=2] [0.0-8080-exec-1] c.b.d.security.JwtAuthenticationFilter   : Authenticated user ID [2] with role(s) [[ROLE_SUPER_ADMIN]] for URI [/api/dealspot/stores/fetch-all-stores]
2026-09-15 14:43:57.321  INFO 14108 --- [665b0979] [userId=2] [0.0-8080-exec-1] c.b.d.config.RequestLoggingFilter        : method=GET uri=/api/dealspot/stores/fetch-all-stores status=200 duration=84ms
2026-09-15 14:43:57.748  INFO 14108 --- [9a231c9d] [userId=2] [0.0-8080-exec-7] c.b.d.config.RequestLoggingFilter        : method=GET uri=/api/dealspot/offers/fetch-all-offers status=200 duration=1090ms
2026-09-15 14:44:28.113 DEBUG 14108 --- [5e35d394] [userId=2] [0.0-8080-exec-2] c.b.d.security.JwtAuthenticationFilter   : Authenticated user ID [2] with role(s) [[ROLE_SUPER_ADMIN]] for URI [/api/dealspot/notifications/unread-count]
2026-09-15 14:44:28.122 DEBUG 14108 --- [63bf94fb] [userId=2] [0.0-8080-exec-3] c.b.d.security.JwtAuthenticationFilter   : Authenticated user ID [2] with role(s) [[ROLE_SUPER_ADMIN]] for URI [/api/dealspot/notifications/my]
2026-09-15 14:44:28.122 DEBUG 14108 --- [538fa28d] [userId=2] [0.0-8080-exec-6] c.b.d.security.JwtAuthenticationFilter   : Authenticated user ID [2] with role(s) [[ROLE_SUPER_ADMIN]] for URI [/api/dealspot/cities/fetch-all]
2026-09-15 14:44:28.140  INFO 14108 --- [5e35d394] [userId=2] [0.0-8080-exec-2] c.b.d.config.RequestLoggingFilter        : method=GET uri=/api/dealspot/notifications/unread-count status=200 duration=43ms
2026-09-15 14:44:28.141  INFO 14108 --- [538fa28d] [userId=2] [0.0-8080-exec-6] c.b.d.config.RequestLoggingFilter        : method=GET uri=/api/dealspot/cities/fetch-all status=200 duration=42ms
2026-09-15 14:44:28.203 DEBUG 14108 --- [07b630c1] [userId=2] [.0-8080-exec-10] c.b.d.security.JwtAuthenticationFilter   : Authenticated user ID [2] with role(s) [[ROLE_SUPER_ADMIN]] for URI [/api/flyers/fetch-all-flyers]
2026-09-15 14:44:28.203 DEBUG 14108 --- [d448df67] [userId=2] [0.0-8080-exec-9] c.b.d.security.JwtAuthenticationFilter   : Authenticated user ID [2] with role(s) [[ROLE_SUPER_ADMIN]] for URI [/api/dealspot/categories/fetch-categories]
2026-09-15 14:44:28.209 DEBUG 14108 --- [757561a7] [userId=2] [0.0-8080-exec-8] c.b.d.security.JwtAuthenticationFilter   : Authenticated user ID [2] with role(s) [[ROLE_SUPER_ADMIN]] for URI [/api/dealspot/stores/fetch-all-stores]
2026-09-15 14:44:28.266  INFO 14108 --- [757561a7] [userId=2] [0.0-8080-exec-8] c.b.d.config.RequestLoggingFilter        : method=GET uri=/api/dealspot/stores/fetch-all-stores status=200 duration=113ms
2026-09-15 14:44:28.296  INFO 14108 --- [07b630c1] [userId=2] [.0-8080-exec-10] c.b.d.config.RequestLoggingFilter        : method=GET uri=/api/flyers/fetch-all-flyers status=200 duration=107ms
2026-09-15 14:44:28.220  INFO 14108 --- [63bf94fb] [userId=2] [0.0-8080-exec-3] c.b.d.config.RequestLoggingFilter        : method=GET uri=/api/dealspot/notifications/my?page=0&size=5 status=200 duration=123ms
2026-09-15 14:44:28.330 DEBUG 14108 --- [4962928c] [userId=2] [0.0-8080-exec-4] c.b.d.security.JwtAuthenticationFilter   : Authenticated user ID [2] with role(s) [[ROLE_SUPER_ADMIN]] for URI [/api/dealspot/offers/fetch-all-offers]
2026-09-15 14:44:28.298  INFO 14108 --- [d448df67] [userId=2] [0.0-8080-exec-9] c.b.d.config.RequestLoggingFilter        : method=GET uri=/api/dealspot/categories/fetch-categories status=200 duration=118ms
2026-09-15 14:44:28.336 DEBUG 14108 --- [046c96f6] [userId=2] [0.0-8080-exec-1] c.b.d.security.JwtAuthenticationFilter   : Authenticated user ID [2] with role(s) [[ROLE_SUPER_ADMIN]] for URI [/api/dealspot/brands/search]
2026-09-15 14:44:28.370  INFO 14108 --- [046c96f6] [userId=2] [0.0-8080-exec-1] c.b.d.config.RequestLoggingFilter        : method=GET uri=/api/dealspot/brands/search?page=0&size=15&featured=true status=200 duration=88ms
2026-09-15 14:44:28.373 DEBUG 14108 --- [654d707d] [userId=2] [0.0-8080-exec-5] c.b.d.security.JwtAuthenticationFilter   : Authenticated user ID [2] with role(s) [[ROLE_SUPER_ADMIN]] for URI [/api/dealspot/offers/my-saved]
2026-09-15 14:44:28.452  INFO 14108 --- [654d707d] [userId=2] [0.0-8080-exec-5] c.b.d.config.RequestLoggingFilter        : method=GET uri=/api/dealspot/offers/my-saved status=200 duration=300ms
2026-09-15 14:44:28.531  INFO 14108 --- [4962928c] [userId=2] [0.0-8080-exec-4] c.b.d.config.RequestLoggingFilter        : method=GET uri=/api/dealspot/offers/fetch-all-offers status=200 duration=344ms
2026-09-15 14:44:28.598 DEBUG 14108 --- [c99bc169] [userId=2] [0.0-8080-exec-7] c.b.d.security.JwtAuthenticationFilter   : Authenticated user ID [2] with role(s) [[ROLE_SUPER_ADMIN]] for URI [/api/dealspot/offers/my-saved]
2026-09-15 14:44:28.673  INFO 14108 --- [c99bc169] [userId=2] [0.0-8080-exec-7] c.b.d.config.RequestLoggingFilter        : method=GET uri=/api/dealspot/offers/my-saved status=200 duration=102ms
2026-09-15 14:44:28.737 DEBUG 14108 --- [e931dca8] [userId=2] [0.0-8080-exec-2] c.b.d.security.JwtAuthenticationFilter   : Authenticated user ID [2] with role(s) [[ROLE_SUPER_ADMIN]] for URI [/api/dealspot/stores/fetch-all-stores]
2026-09-15 14:44:28.836  INFO 14108 --- [e931dca8] [userId=2] [0.0-8080-exec-2] c.b.d.config.RequestLoggingFilter        : method=GET uri=/api/dealspot/stores/fetch-all-stores status=200 duration=160ms
2026-09-15 14:44:33.958 DEBUG 14108 --- [020d207f] [userId=2] [0.0-8080-exec-8] c.b.d.security.JwtAuthenticationFilter   : Authenticated user ID [2] with role(s) [[ROLE_SUPER_ADMIN]] for URI [/api/dealspot/notifications/my]
2026-09-15 14:44:33.958 DEBUG 14108 --- [953dcc6c] [userId=2] [0.0-8080-exec-6] c.b.d.security.JwtAuthenticationFilter   : Authenticated user ID [2] with role(s) [[ROLE_SUPER_ADMIN]] for URI [/api/dealspot/notifications/unread-count]
2026-09-15 14:44:33.961  INFO 14108 --- [fe796f26] [userId=anonymous] [.0-8080-exec-10] c.b.d.config.RequestLoggingFilter        : method=OPTIONS uri=/api/dealspot/offers/fetch-all-offers?includeExpired=true status=200 duration=0ms
2026-09-15 14:44:33.966  INFO 14108 --- [6dee00c5] [userId=anonymous] [0.0-8080-exec-9] c.b.d.config.RequestLoggingFilter        : method=OPTIONS uri=/api/dealspot/admin/partner-requests?status=PENDING status=200 duration=1ms
2026-09-15 14:44:33.972  INFO 14108 --- [953dcc6c] [userId=2] [0.0-8080-exec-6] c.b.d.config.RequestLoggingFilter        : method=GET uri=/api/dealspot/notifications/unread-count status=200 duration=24ms
2026-09-15 14:44:33.981  INFO 14108 --- [916dae36] [userId=anonymous] [0.0-8080-exec-4] c.b.d.config.RequestLoggingFilter        : method=OPTIONS uri=/api/dealspot/admin/audit-logs/recent status=200 duration=1ms
2026-09-15 14:44:33.973  INFO 14108 --- [19aebba3] [userId=anonymous] [0.0-8080-exec-1] c.b.d.config.RequestLoggingFilter        : method=OPTIONS uri=/api/coupons/fetch-all status=200 duration=3ms
2026-09-15 14:44:33.976  INFO 14108 --- [020d207f] [userId=2] [0.0-8080-exec-8] c.b.d.config.RequestLoggingFilter        : method=GET uri=/api/dealspot/notifications/my?page=0&size=5 status=200 duration=27ms
2026-09-15 14:44:33.990 DEBUG 14108 --- [fc10f96d] [userId=2] [0.0-8080-exec-5] c.b.d.security.JwtAuthenticationFilter   : Authenticated user ID [2] with role(s) [[ROLE_SUPER_ADMIN]] for URI [/api/flyers/fetch-all-flyers]
2026-09-15 14:44:33.991 DEBUG 14108 --- [87e9e34c] [userId=2] [0.0-8080-exec-3] c.b.d.security.JwtAuthenticationFilter   : Authenticated user ID [2] with role(s) [[ROLE_SUPER_ADMIN]] for URI [/api/dealspot/stores/fetch-all-stores]
2026-09-15 14:44:34.015  INFO 14108 --- [fc10f96d] [userId=2] [0.0-8080-exec-5] c.b.d.config.RequestLoggingFilter        : method=GET uri=/api/flyers/fetch-all-flyers status=200 duration=38ms
2026-09-15 14:44:34.016 DEBUG 14108 --- [1a794c10] [userId=2] [0.0-8080-exec-7] c.b.d.security.JwtAuthenticationFilter   : Authenticated user ID [2] with role(s) [[ROLE_SUPER_ADMIN]] for URI [/api/dealspot/offers/fetch-all-offers]
2026-09-15 14:44:34.019 DEBUG 14108 --- [63d5906c] [userId=2] [0.0-8080-exec-9] c.b.d.security.JwtAuthenticationFilter   : Authenticated user ID [2] with role(s) [[ROLE_SUPER_ADMIN]] for URI [/api/coupons/fetch-all]
2026-09-15 14:44:34.020 DEBUG 14108 --- [2752e0ea] [userId=2] [0.0-8080-exec-2] c.b.d.security.JwtAuthenticationFilter   : Authenticated user ID [2] with role(s) [[ROLE_SUPER_ADMIN]] for URI [/api/dealspot/admin/audit-logs/recent]
2026-09-15 14:44:34.020 DEBUG 14108 --- [17c8dc9b] [userId=2] [0.0-8080-exec-1] c.b.d.security.JwtAuthenticationFilter   : Authenticated user ID [2] with role(s) [[ROLE_SUPER_ADMIN]] for URI [/api/dealspot/admin/partner-requests]
2026-09-15 14:44:34.046  INFO 14108 --- [63d5906c] [userId=2] [0.0-8080-exec-9] c.b.d.config.RequestLoggingFilter        : method=GET uri=/api/coupons/fetch-all status=200 duration=38ms
2026-09-15 14:44:34.052  INFO 14108 --- [87e9e34c] [userId=2] [0.0-8080-exec-3] c.b.d.config.RequestLoggingFilter        : method=GET uri=/api/dealspot/stores/fetch-all-stores status=200 duration=91ms
2026-09-15 14:44:34.056  INFO 14108 --- [17c8dc9b] [userId=2] [0.0-8080-exec-1] c.b.d.config.RequestLoggingFilter        : method=GET uri=/api/dealspot/admin/partner-requests?status=PENDING status=200 duration=59ms
2026-09-15 14:44:34.078  INFO 14108 --- [2752e0ea] [userId=2] [0.0-8080-exec-2] c.b.d.config.RequestLoggingFilter        : method=GET uri=/api/dealspot/admin/audit-logs/recent status=200 duration=81ms
2026-09-15 14:44:34.226  INFO 14108 --- [1a794c10] [userId=2] [0.0-8080-exec-7] c.b.d.config.RequestLoggingFilter        : method=GET uri=/api/dealspot/offers/fetch-all-offers?includeExpired=true status=200 duration=241ms
2026-09-15 14:44:37.191 DEBUG 14108 --- [034e70f1] [userId=2] [0.0-8080-exec-6] c.b.d.security.JwtAuthenticationFilter   : Authenticated user ID [2] with role(s) [[ROLE_SUPER_ADMIN]] for URI [/api/dealspot/admin/audit-logs]
2026-09-15 14:44:37.212  INFO 14108 --- [034e70f1] [userId=2] [0.0-8080-exec-6] c.b.d.config.RequestLoggingFilter        : method=GET uri=/api/dealspot/admin/audit-logs?page=0&size=20 status=200 duration=34ms
2026-09-15 14:44:44.727  INFO 14108 --- [137df0a6] [userId=anonymous] [0.0-8080-exec-4] c.b.d.config.RequestLoggingFilter        : method=OPTIONS uri=/api/dealspot/notifications/all?page=0&size=15 status=200 duration=2ms
2026-09-15 14:44:44.740 DEBUG 14108 --- [ad005f89] [userId=2] [.0-8080-exec-10] c.b.d.security.JwtAuthenticationFilter   : Authenticated user ID [2] with role(s) [[ROLE_SUPER_ADMIN]] for URI [/api/dealspot/notifications/all]
2026-09-15 14:44:44.782  INFO 14108 --- [ad005f89] [userId=2] [.0-8080-exec-10] c.b.d.config.RequestLoggingFilter        : method=GET uri=/api/dealspot/notifications/all?page=0&size=15 status=200 duration=53ms
2026-09-15 14:44:51.008  INFO 14108 --- [3bb7553c] [userId=anonymous] [0.0-8080-exec-8] c.b.d.config.RequestLoggingFilter        : method=OPTIONS uri=/api/dealspot/admin/users/fetch-all status=200 duration=1ms
2026-09-15 14:44:51.025 DEBUG 14108 --- [6efb0a09] [userId=2] [0.0-8080-exec-5] c.b.d.security.JwtAuthenticationFilter   : Authenticated user ID [2] with role(s) [[ROLE_SUPER_ADMIN]] for URI [/api/dealspot/admin/users/fetch-all]
2026-09-15 14:44:51.041  INFO 14108 --- [6efb0a09] [userId=2] [0.0-8080-exec-5] c.b.d.config.RequestLoggingFilter        : method=GET uri=/api/dealspot/admin/users/fetch-all status=200 duration=28ms
2026-09-15 14:45:01.952  INFO 14108 --- [bef1f614] [userId=anonymous] [0.0-8080-exec-2] c.b.d.config.RequestLoggingFilter        : method=OPTIONS uri=/api/dealspot/products/paged?page=0&size=30&sortBy=createdAt&direction=desc status=200 duration=1ms
2026-09-15 14:45:01.962 DEBUG 14108 --- [ec4c846b] [userId=2] [0.0-8080-exec-3] c.b.d.security.JwtAuthenticationFilter   : Authenticated user ID [2] with role(s) [[ROLE_SUPER_ADMIN]] for URI [/api/dealspot/stores/fetch-all-stores]
2026-09-15 14:45:01.965 DEBUG 14108 --- [46219c2b] [userId=2] [0.0-8080-exec-1] c.b.d.security.JwtAuthenticationFilter   : Authenticated user ID [2] with role(s) [[ROLE_SUPER_ADMIN]] for URI [/api/dealspot/offers/fetch-all-offers]
2026-09-15 14:45:01.966 DEBUG 14108 --- [026c14f0] [userId=2] [0.0-8080-exec-9] c.b.d.security.JwtAuthenticationFilter   : Authenticated user ID [2] with role(s) [[ROLE_SUPER_ADMIN]] for URI [/api/coupons/fetch-all]
2026-09-15 14:45:01.972 DEBUG 14108 --- [0a2cb38b] [userId=2] [0.0-8080-exec-7] c.b.d.security.JwtAuthenticationFilter   : Authenticated user ID [2] with role(s) [[ROLE_SUPER_ADMIN]] for URI [/api/dealspot/products/paged]
2026-09-15 14:45:02.003  INFO 14108 --- [ec4c846b] [userId=2] [0.0-8080-exec-3] c.b.d.config.RequestLoggingFilter        : method=GET uri=/api/dealspot/stores/fetch-all-stores status=200 duration=56ms
2026-09-15 14:45:02.015  INFO 14108 --- [026c14f0] [userId=2] [0.0-8080-exec-9] c.b.d.config.RequestLoggingFilter        : method=GET uri=/api/coupons/fetch-all status=200 duration=69ms
2026-09-15 14:45:02.218  INFO 14108 --- [0a2cb38b] [userId=2] [0.0-8080-exec-7] c.b.d.config.RequestLoggingFilter        : method=GET uri=/api/dealspot/products/paged?page=0&size=30&sortBy=createdAt&direction=desc status=200 duration=262ms
2026-09-15 14:45:02.238  INFO 14108 --- [46219c2b] [userId=2] [0.0-8080-exec-1] c.b.d.config.RequestLoggingFilter        : method=GET uri=/api/dealspot/offers/fetch-all-offers status=200 duration=289ms
2026-09-15 14:45:05.926  INFO 14108 --- [c4c61432] [userId=anonymous] [0.0-8080-exec-6] c.b.d.config.RequestLoggingFilter        : method=OPTIONS uri=/api/flyers/fetch-all-flyers?status=ALL status=200 duration=1ms
2026-09-15 14:45:05.942 DEBUG 14108 --- [1d1f5c40] [userId=2] [.0-8080-exec-10] c.b.d.security.JwtAuthenticationFilter   : Authenticated user ID [2] with role(s) [[ROLE_SUPER_ADMIN]] for URI [/api/flyers/fetch-all-flyers]
2026-09-15 14:45:05.942 DEBUG 14108 --- [ec334354] [userId=2] [0.0-8080-exec-4] c.b.d.security.JwtAuthenticationFilter   : Authenticated user ID [2] with role(s) [[ROLE_SUPER_ADMIN]] for URI [/api/dealspot/stores/fetch-all-stores]
2026-09-15 14:45:05.951 DEBUG 14108 --- [1b82c2ec] [userId=2] [0.0-8080-exec-8] c.b.d.security.JwtAuthenticationFilter   : Authenticated user ID [2] with role(s) [[ROLE_SUPER_ADMIN]] for URI [/api/dealspot/cities/fetch-all]
2026-09-15 14:45:05.963  INFO 14108 --- [1d1f5c40] [userId=2] [.0-8080-exec-10] c.b.d.config.RequestLoggingFilter        : method=GET uri=/api/flyers/fetch-all-flyers?status=ALL status=200 duration=35ms
2026-09-15 14:45:05.964  INFO 14108 --- [1b82c2ec] [userId=2] [0.0-8080-exec-8] c.b.d.config.RequestLoggingFilter        : method=GET uri=/api/dealspot/cities/fetch-all status=200 duration=33ms
2026-09-15 14:45:05.977  INFO 14108 --- [ec334354] [userId=2] [0.0-8080-exec-4] c.b.d.config.RequestLoggingFilter        : method=GET uri=/api/dealspot/stores/fetch-all-stores status=200 duration=50ms
2026-09-15 14:45:10.441  INFO 14108 --- [e4843550] [userId=anonymous] [0.0-8080-exec-5] c.b.d.config.RequestLoggingFilter        : method=OPTIONS uri=/api/dealspot/offers/paged?page=0&size=20 status=200 duration=0ms
2026-09-15 14:45:10.457 DEBUG 14108 --- [d7142175] [userId=2] [0.0-8080-exec-3] c.b.d.security.JwtAuthenticationFilter   : Authenticated user ID [2] with role(s) [[ROLE_SUPER_ADMIN]] for URI [/api/dealspot/categories/fetch-categories]
2026-09-15 14:45:10.462 DEBUG 14108 --- [f8586972] [userId=2] [0.0-8080-exec-2] c.b.d.security.JwtAuthenticationFilter   : Authenticated user ID [2] with role(s) [[ROLE_SUPER_ADMIN]] for URI [/api/dealspot/stores/fetch-all-stores]
2026-09-15 14:45:10.464 DEBUG 14108 --- [39df5696] [userId=2] [0.0-8080-exec-1] c.b.d.security.JwtAuthenticationFilter   : Authenticated user ID [2] with role(s) [[ROLE_SUPER_ADMIN]] for URI [/api/dealspot/products/paged]
2026-09-15 14:45:10.468 DEBUG 14108 --- [df9a8f80] [userId=2] [0.0-8080-exec-9] c.b.d.security.JwtAuthenticationFilter   : Authenticated user ID [2] with role(s) [[ROLE_SUPER_ADMIN]] for URI [/api/dealspot/offers/paged]
2026-09-15 14:45:10.477 DEBUG 14108 --- [de6e9d65] [userId=2] [0.0-8080-exec-7] c.b.d.security.JwtAuthenticationFilter   : Authenticated user ID [2] with role(s) [[ROLE_SUPER_ADMIN]] for URI [/api/dealspot/cities/fetch-all]
2026-09-15 14:45:10.482  INFO 14108 --- [d7142175] [userId=2] [0.0-8080-exec-3] c.b.d.config.RequestLoggingFilter        : method=GET uri=/api/dealspot/categories/fetch-categories status=200 duration=38ms
2026-09-15 14:45:10.502  INFO 14108 --- [de6e9d65] [userId=2] [0.0-8080-exec-7] c.b.d.config.RequestLoggingFilter        : method=GET uri=/api/dealspot/cities/fetch-all status=200 duration=54ms
2026-09-15 14:45:10.606  INFO 14108 --- [f8586972] [userId=2] [0.0-8080-exec-2] c.b.d.config.RequestLoggingFilter        : method=GET uri=/api/dealspot/stores/fetch-all-stores status=200 duration=164ms
2026-09-15 14:45:10.690  INFO 14108 --- [df9a8f80] [userId=2] [0.0-8080-exec-9] c.b.d.config.RequestLoggingFilter        : method=GET uri=/api/dealspot/offers/paged?page=0&size=20 status=200 duration=244ms
2026-09-15 14:45:10.752  INFO 14108 --- [39df5696] [userId=2] [0.0-8080-exec-1] c.b.d.config.RequestLoggingFilter        : method=GET uri=/api/dealspot/products/paged?page=0&size=30&sortBy=createdAt&direction=desc status=200 duration=304ms
2026-09-15 14:45:18.735 DEBUG 14108 --- [bcc127db] [userId=2] [0.0-8080-exec-6] c.b.d.security.JwtAuthenticationFilter   : Authenticated user ID [2] with role(s) [[ROLE_SUPER_ADMIN]] for URI [/api/dealspot/brands/search]
2026-09-15 14:45:18.735 DEBUG 14108 --- [98313e63] [userId=2] [.0-8080-exec-10] c.b.d.security.JwtAuthenticationFilter   : Authenticated user ID [2] with role(s) [[ROLE_SUPER_ADMIN]] for URI [/api/dealspot/categories/fetch-categories]
2026-09-15 14:45:18.740 DEBUG 14108 --- [cab44cca] [userId=2] [0.0-8080-exec-8] c.b.d.security.JwtAuthenticationFilter   : Authenticated user ID [2] with role(s) [[ROLE_SUPER_ADMIN]] for URI [/api/dealspot/products/paged]
2026-09-15 14:45:18.745  INFO 14108 --- [98313e63] [userId=2] [.0-8080-exec-10] c.b.d.config.RequestLoggingFilter        : method=GET uri=/api/dealspot/categories/fetch-categories status=200 duration=23ms
2026-09-15 14:45:18.938  INFO 14108 --- [bcc127db] [userId=2] [0.0-8080-exec-6] c.b.d.config.RequestLoggingFilter        : method=GET uri=/api/dealspot/brands/search?page=0&size=50 status=200 duration=216ms
2026-09-15 14:45:18.953  INFO 14108 --- [cab44cca] [userId=2] [0.0-8080-exec-8] c.b.d.config.RequestLoggingFilter        : method=GET uri=/api/dealspot/products/paged?page=0&size=20&sortBy=createdAt&direction=desc status=200 duration=231ms
2026-09-15 14:45:26.331  INFO 14108 --- [30e23cc8] [userId=anonymous] [0.0-8080-exec-4] c.b.d.config.RequestLoggingFilter        : method=OPTIONS uri=/api/dealspot/products/paged?page=1&size=20&sortBy=createdAt&direction=desc status=200 duration=1ms
2026-09-15 14:45:26.348 DEBUG 14108 --- [fffd1d89] [userId=2] [0.0-8080-exec-5] c.b.d.security.JwtAuthenticationFilter   : Authenticated user ID [2] with role(s) [[ROLE_SUPER_ADMIN]] for URI [/api/dealspot/products/paged]
2026-09-15 14:45:26.511  INFO 14108 --- [fffd1d89] [userId=2] [0.0-8080-exec-5] c.b.d.config.RequestLoggingFilter        : method=GET uri=/api/dealspot/products/paged?page=1&size=20&sortBy=createdAt&direction=desc status=200 duration=179ms
2026-09-15 14:45:29.209  INFO 14108 --- [f88841e4] [userId=anonymous] [0.0-8080-exec-3] c.b.d.config.RequestLoggingFilter        : method=OPTIONS uri=/api/dealspot/products/paged?page=2&size=20&sortBy=createdAt&direction=desc status=200 duration=1ms
2026-09-15 14:45:29.220 DEBUG 14108 --- [0d061a4a] [userId=2] [0.0-8080-exec-7] c.b.d.security.JwtAuthenticationFilter   : Authenticated user ID [2] with role(s) [[ROLE_SUPER_ADMIN]] for URI [/api/dealspot/products/paged]
2026-09-15 14:45:29.333  INFO 14108 --- [0d061a4a] [userId=2] [0.0-8080-exec-7] c.b.d.config.RequestLoggingFilter        : method=GET uri=/api/dealspot/products/paged?page=2&size=20&sortBy=createdAt&direction=desc status=200 duration=121ms
2026-09-15 14:45:30.831  INFO 14108 --- [5de75a73] [userId=anonymous] [0.0-8080-exec-2] c.b.d.config.RequestLoggingFilter        : method=OPTIONS uri=/api/dealspot/products/paged?page=3&size=20&sortBy=createdAt&direction=desc status=200 duration=1ms
2026-09-15 14:45:30.849 DEBUG 14108 --- [c179dc03] [userId=2] [0.0-8080-exec-9] c.b.d.security.JwtAuthenticationFilter   : Authenticated user ID [2] with role(s) [[ROLE_SUPER_ADMIN]] for URI [/api/dealspot/products/paged]
2026-09-15 14:45:30.957  INFO 14108 --- [c179dc03] [userId=2] [0.0-8080-exec-9] c.b.d.config.RequestLoggingFilter        : method=GET uri=/api/dealspot/products/paged?page=3&size=20&sortBy=createdAt&direction=desc status=200 duration=123ms
2026-09-15 14:45:32.459  INFO 14108 --- [3fe39595] [userId=anonymous] [0.0-8080-exec-1] c.b.d.config.RequestLoggingFilter        : method=OPTIONS uri=/api/dealspot/products/paged?page=4&size=20&sortBy=createdAt&direction=desc status=200 duration=0ms
2026-09-15 14:45:32.471 DEBUG 14108 --- [6131d02a] [userId=2] [.0-8080-exec-10] c.b.d.security.JwtAuthenticationFilter   : Authenticated user ID [2] with role(s) [[ROLE_SUPER_ADMIN]] for URI [/api/dealspot/products/paged]
2026-09-15 14:45:32.587  INFO 14108 --- [6131d02a] [userId=2] [.0-8080-exec-10] c.b.d.config.RequestLoggingFilter        : method=GET uri=/api/dealspot/products/paged?page=4&size=20&sortBy=createdAt&direction=desc status=200 duration=126ms
2026-09-15 14:45:34.494 DEBUG 14108 --- [be50412b] [userId=2] [0.0-8080-exec-8] c.b.d.security.JwtAuthenticationFilter   : Authenticated user ID [2] with role(s) [[ROLE_SUPER_ADMIN]] for URI [/api/dealspot/notifications/my]
2026-09-15 14:45:34.495 DEBUG 14108 --- [f4f55474] [userId=2] [0.0-8080-exec-4] c.b.d.security.JwtAuthenticationFilter   : Authenticated user ID [2] with role(s) [[ROLE_SUPER_ADMIN]] for URI [/api/dealspot/cities/fetch-all]
2026-09-15 14:45:34.496 DEBUG 14108 --- [e29f4123] [userId=2] [0.0-8080-exec-6] c.b.d.security.JwtAuthenticationFilter   : Authenticated user ID [2] with role(s) [[ROLE_SUPER_ADMIN]] for URI [/api/dealspot/notifications/unread-count]
2026-09-15 14:45:34.496 DEBUG 14108 --- [9f275b20] [userId=2] [0.0-8080-exec-5] c.b.d.security.JwtAuthenticationFilter   : Authenticated user ID [2] with role(s) [[ROLE_SUPER_ADMIN]] for URI [/api/dealspot/offers/my-saved]
2026-09-15 14:45:34.505 DEBUG 14108 --- [ff31e91e] [userId=2] [0.0-8080-exec-7] c.b.d.security.JwtAuthenticationFilter   : Authenticated user ID [2] with role(s) [[ROLE_SUPER_ADMIN]] for URI [/api/dealspot/categories/fetch-categories]
2026-09-15 14:45:34.505 DEBUG 14108 --- [a4ffdc0d] [userId=2] [0.0-8080-exec-3] c.b.d.security.JwtAuthenticationFilter   : Authenticated user ID [2] with role(s) [[ROLE_SUPER_ADMIN]] for URI [/api/dealspot/stores/fetch-all-stores]
2026-09-15 14:45:34.507  INFO 14108 --- [e29f4123] [userId=2] [0.0-8080-exec-6] c.b.d.config.RequestLoggingFilter        : method=GET uri=/api/dealspot/notifications/unread-count status=200 duration=30ms
2026-09-15 14:45:34.507  INFO 14108 --- [f4f55474] [userId=2] [0.0-8080-exec-4] c.b.d.config.RequestLoggingFilter        : method=GET uri=/api/dealspot/cities/fetch-all status=200 duration=27ms
2026-09-15 14:45:34.520  INFO 14108 --- [ff31e91e] [userId=2] [0.0-8080-exec-7] c.b.d.config.RequestLoggingFilter        : method=GET uri=/api/dealspot/categories/fetch-categories status=200 duration=31ms
2026-09-15 14:45:34.532  INFO 14108 --- [9f275b20] [userId=2] [0.0-8080-exec-5] c.b.d.config.RequestLoggingFilter        : method=GET uri=/api/dealspot/offers/my-saved status=200 duration=46ms
2026-09-15 14:45:34.533  INFO 14108 --- [be50412b] [userId=2] [0.0-8080-exec-8] c.b.d.config.RequestLoggingFilter        : method=GET uri=/api/dealspot/notifications/my?page=0&size=5 status=200 duration=54ms
2026-09-15 14:45:34.535 DEBUG 14108 --- [8ccddfc7] [userId=2] [0.0-8080-exec-2] c.b.d.security.JwtAuthenticationFilter   : Authenticated user ID [2] with role(s) [[ROLE_SUPER_ADMIN]] for URI [/api/dealspot/offers/fetch-all-offers]
2026-09-15 14:45:34.537 DEBUG 14108 --- [df83cd68] [userId=2] [0.0-8080-exec-1] c.b.d.security.JwtAuthenticationFilter   : Authenticated user ID [2] with role(s) [[ROLE_SUPER_ADMIN]] for URI [/api/dealspot/brands/search]
2026-09-15 14:45:34.544 DEBUG 14108 --- [eccd9556] [userId=2] [0.0-8080-exec-9] c.b.d.security.JwtAuthenticationFilter   : Authenticated user ID [2] with role(s) [[ROLE_SUPER_ADMIN]] for URI [/api/flyers/fetch-all-flyers]
2026-09-15 14:45:34.556  INFO 14108 --- [df83cd68] [userId=2] [0.0-8080-exec-1] c.b.d.config.RequestLoggingFilter        : method=GET uri=/api/dealspot/brands/search?page=0&size=15&featured=true status=200 duration=29ms
2026-09-15 14:45:34.601 DEBUG 14108 --- [29a1111f] [userId=2] [.0-8080-exec-10] c.b.d.security.JwtAuthenticationFilter   : Authenticated user ID [2] with role(s) [[ROLE_SUPER_ADMIN]] for URI [/api/dealspot/offers/my-saved]
2026-09-15 14:45:34.605  INFO 14108 --- [eccd9556] [userId=2] [0.0-8080-exec-9] c.b.d.config.RequestLoggingFilter        : method=GET uri=/api/flyers/fetch-all-flyers status=200 duration=86ms
2026-09-15 14:45:34.640  INFO 14108 --- [a4ffdc0d] [userId=2] [0.0-8080-exec-3] c.b.d.config.RequestLoggingFilter        : method=GET uri=/api/dealspot/stores/fetch-all-stores status=200 duration=153ms
2026-09-15 14:45:34.712 DEBUG 14108 --- [c1a04689] [userId=2] [0.0-8080-exec-6] c.b.d.security.JwtAuthenticationFilter   : Authenticated user ID [2] with role(s) [[ROLE_SUPER_ADMIN]] for URI [/api/dealspot/stores/fetch-all-stores]
2026-09-15 14:45:34.717  INFO 14108 --- [29a1111f] [userId=2] [.0-8080-exec-10] c.b.d.config.RequestLoggingFilter        : method=GET uri=/api/dealspot/offers/my-saved status=200 duration=175ms
2026-09-15 14:45:34.793  INFO 14108 --- [c1a04689] [userId=2] [0.0-8080-exec-6] c.b.d.config.RequestLoggingFilter        : method=GET uri=/api/dealspot/stores/fetch-all-stores status=200 duration=107ms
2026-09-15 14:45:35.089  INFO 14108 --- [8ccddfc7] [userId=2] [0.0-8080-exec-2] c.b.d.config.RequestLoggingFilter        : method=GET uri=/api/dealspot/offers/fetch-all-offers status=200 duration=573ms
2026-09-15 14:45:38.015  INFO 14108 --- [cb648d3f] [userId=anonymous] [0.0-8080-exec-8] c.b.d.config.RequestLoggingFilter        : method=OPTIONS uri=/api/dealspot/offers/fetch-offer/4 status=200 duration=2ms
2026-09-15 14:45:38.018 DEBUG 14108 --- [994c5877] [userId=2] [0.0-8080-exec-5] c.b.d.security.JwtAuthenticationFilter   : Authenticated user ID [2] with role(s) [[ROLE_SUPER_ADMIN]] for URI [/api/dealspot/cities/fetch-all]
2026-09-15 14:45:38.018 DEBUG 14108 --- [121343d6] [userId=2] [0.0-8080-exec-4] c.b.d.security.JwtAuthenticationFilter   : Authenticated user ID [2] with role(s) [[ROLE_SUPER_ADMIN]] for URI [/api/dealspot/notifications/unread-count]
2026-09-15 14:45:38.018 DEBUG 14108 --- [a4bfc34e] [userId=2] [0.0-8080-exec-7] c.b.d.security.JwtAuthenticationFilter   : Authenticated user ID [2] with role(s) [[ROLE_SUPER_ADMIN]] for URI [/api/dealspot/notifications/my]
2026-09-15 14:45:38.028 DEBUG 14108 --- [39b9dbda] [userId=2] [0.0-8080-exec-1] c.b.d.security.JwtAuthenticationFilter   : Authenticated user ID [2] with role(s) [[ROLE_SUPER_ADMIN]] for URI [/api/dealspot/offers/fetch-offer/4]
2026-09-15 14:45:38.034  INFO 14108 --- [121343d6] [userId=2] [0.0-8080-exec-4] c.b.d.config.RequestLoggingFilter        : method=GET uri=/api/dealspot/notifications/unread-count status=200 duration=34ms
2026-09-15 14:45:38.050  INFO 14108 --- [994c5877] [userId=2] [0.0-8080-exec-5] c.b.d.config.RequestLoggingFilter        : method=GET uri=/api/dealspot/cities/fetch-all status=200 duration=43ms
2026-09-15 14:45:38.052  INFO 14108 --- [a4bfc34e] [userId=2] [0.0-8080-exec-7] c.b.d.config.RequestLoggingFilter        : method=GET uri=/api/dealspot/notifications/my?page=0&size=5 status=200 duration=51ms
2026-09-15 14:45:38.070  INFO 14108 --- [39b9dbda] [userId=2] [0.0-8080-exec-1] c.b.d.config.RequestLoggingFilter        : method=GET uri=/api/dealspot/offers/fetch-offer/4 status=200 duration=49ms
2026-09-15 14:45:38.097  INFO 14108 --- [40918a7c] [userId=anonymous] [0.0-8080-exec-9] c.b.d.config.RequestLoggingFilter        : method=OPTIONS uri=/api/dealspot/offers/4/is-saved status=200 duration=4ms
2026-09-15 14:45:38.098  INFO 14108 --- [7d7be3c0] [userId=anonymous] [0.0-8080-exec-3] c.b.d.config.RequestLoggingFilter        : method=OPTIONS uri=/api/dealspot/store-branches/store/1/branches status=200 duration=5ms
2026-09-15 14:45:38.101  INFO 14108 --- [9f06c7d2] [userId=anonymous] [.0-8080-exec-10] c.b.d.config.RequestLoggingFilter        : method=OPTIONS uri=/api/dealspot/stores/fetch-store/1 status=200 duration=3ms
2026-09-15 14:45:38.109  INFO 14108 --- [ae8c547f] [userId=anonymous] [0.0-8080-exec-6] c.b.d.config.RequestLoggingFilter        : method=OPTIONS uri=/api/dealspot/products/fetch-product/5522 status=200 duration=9ms
2026-09-15 14:45:38.113  INFO 14108 --- [7f6f39c3] [userId=anonymous] [0.0-8080-exec-2] c.b.d.config.RequestLoggingFilter        : method=OPTIONS uri=/api/dealspot/products/get-product-details/5522 status=200 duration=4ms
2026-09-15 14:45:38.150 DEBUG 14108 --- [6cc89fe4] [userId=2] [0.0-8080-exec-8] c.b.d.security.JwtAuthenticationFilter   : Authenticated user ID [2] with role(s) [[ROLE_SUPER_ADMIN]] for URI [/api/coupons/fetch-all]
2026-09-15 14:45:38.160 DEBUG 14108 --- [81d5bad2] [userId=2] [0.0-8080-exec-5] c.b.d.security.JwtAuthenticationFilter   : Authenticated user ID [2] with role(s) [[ROLE_SUPER_ADMIN]] for URI [/api/dealspot/store-branches/store/1/branches]
2026-09-15 14:45:38.161 DEBUG 14108 --- [7aff5752] [userId=2] [0.0-8080-exec-7] c.b.d.security.JwtAuthenticationFilter   : Authenticated user ID [2] with role(s) [[ROLE_SUPER_ADMIN]] for URI [/api/dealspot/stores/fetch-store/1]
2026-09-15 14:45:38.161 DEBUG 14108 --- [005e18c7] [userId=2] [0.0-8080-exec-1] c.b.d.security.JwtAuthenticationFilter   : Authenticated user ID [2] with role(s) [[ROLE_SUPER_ADMIN]] for URI [/api/dealspot/products/fetch-product/5522]
2026-09-15 14:45:38.173 DEBUG 14108 --- [b5c409b8] [userId=2] [0.0-8080-exec-4] c.b.d.security.JwtAuthenticationFilter   : Authenticated user ID [2] with role(s) [[ROLE_SUPER_ADMIN]] for URI [/api/dealspot/offers/4/is-saved]
2026-09-15 14:45:38.191 DEBUG 14108 --- [747d7fe0] [userId=2] [0.0-8080-exec-9] c.b.d.security.JwtAuthenticationFilter   : Authenticated user ID [2] with role(s) [[ROLE_SUPER_ADMIN]] for URI [/api/dealspot/products/get-product-details/5522]
2026-09-15 14:45:38.233  INFO 14108 --- [81d5bad2] [userId=2] [0.0-8080-exec-5] c.b.d.config.RequestLoggingFilter        : method=GET uri=/api/dealspot/store-branches/store/1/branches status=200 duration=100ms
2026-09-15 14:45:38.267  INFO 14108 --- [6cc89fe4] [userId=2] [0.0-8080-exec-8] c.b.d.config.RequestLoggingFilter        : method=GET uri=/api/coupons/fetch-all status=200 duration=165ms
2026-09-15 14:45:38.269  INFO 14108 --- [005e18c7] [userId=2] [0.0-8080-exec-1] c.b.d.config.RequestLoggingFilter        : method=GET uri=/api/dealspot/products/fetch-product/5522 status=200 duration=136ms
2026-09-15 14:45:38.297  INFO 14108 --- [7aff5752] [userId=2] [0.0-8080-exec-7] c.b.d.config.RequestLoggingFilter        : method=GET uri=/api/dealspot/stores/fetch-store/1 status=200 duration=164ms
2026-09-15 14:45:38.298  INFO 14108 --- [b5c409b8] [userId=2] [0.0-8080-exec-4] c.b.d.config.RequestLoggingFilter        : method=GET uri=/api/dealspot/offers/4/is-saved status=200 duration=165ms
2026-09-15 14:45:38.311  INFO 14108 --- [747d7fe0] [userId=2] [0.0-8080-exec-9] c.b.d.config.RequestLoggingFilter        : method=GET uri=/api/dealspot/products/get-product-details/5522 status=200 duration=146ms
2026-09-15 14:45:43.825 DEBUG 14108 --- [f4806bc3] [userId=2] [0.0-8080-exec-3] c.b.d.security.JwtAuthenticationFilter   : Authenticated user ID [2] with role(s) [[ROLE_SUPER_ADMIN]] for URI [/api/dealspot/notifications/unread-count]
2026-09-15 14:45:43.825 DEBUG 14108 --- [c41f1ce0] [userId=2] [.0-8080-exec-10] c.b.d.security.JwtAuthenticationFilter   : Authenticated user ID [2] with role(s) [[ROLE_SUPER_ADMIN]] for URI [/api/dealspot/notifications/my]
2026-09-15 14:45:43.825 DEBUG 14108 --- [22002a90] [userId=2] [0.0-8080-exec-6] c.b.d.security.JwtAuthenticationFilter   : Authenticated user ID [2] with role(s) [[ROLE_SUPER_ADMIN]] for URI [/api/dealspot/cities/fetch-all]
2026-09-15 14:45:43.830  INFO 14108 --- [9bcf1f8e] [userId=anonymous] [0.0-8080-exec-2] c.b.d.config.RequestLoggingFilter        : method=OPTIONS uri=/api/dealspot/offers/fetch-offer/2 status=200 duration=2ms
2026-09-15 14:45:43.834  INFO 14108 --- [22002a90] [userId=2] [0.0-8080-exec-6] c.b.d.config.RequestLoggingFilter        : method=GET uri=/api/dealspot/cities/fetch-all status=200 duration=17ms
2026-09-15 14:45:43.844  INFO 14108 --- [f4806bc3] [userId=2] [0.0-8080-exec-3] c.b.d.config.RequestLoggingFilter        : method=GET uri=/api/dealspot/notifications/unread-count status=200 duration=28ms
2026-09-15 14:45:43.850  INFO 14108 --- [c41f1ce0] [userId=2] [.0-8080-exec-10] c.b.d.config.RequestLoggingFilter        : method=GET uri=/api/dealspot/notifications/my?page=0&size=5 status=200 duration=34ms
2026-09-15 14:45:43.852 DEBUG 14108 --- [f23a1e78] [userId=2] [0.0-8080-exec-5] c.b.d.security.JwtAuthenticationFilter   : Authenticated user ID [2] with role(s) [[ROLE_SUPER_ADMIN]] for URI [/api/dealspot/offers/fetch-offer/2]
2026-09-15 14:45:43.891  INFO 14108 --- [f23a1e78] [userId=2] [0.0-8080-exec-5] c.b.d.config.RequestLoggingFilter        : method=GET uri=/api/dealspot/offers/fetch-offer/2 status=200 duration=58ms
2026-09-15 14:45:43.915  INFO 14108 --- [81d806ba] [userId=anonymous] [0.0-8080-exec-8] c.b.d.config.RequestLoggingFilter        : method=OPTIONS uri=/api/dealspot/offers/2/is-saved status=200 duration=6ms
2026-09-15 14:45:43.921  INFO 14108 --- [1e719919] [userId=anonymous] [0.0-8080-exec-1] c.b.d.config.RequestLoggingFilter        : method=OPTIONS uri=/api/dealspot/products/fetch-product/5268 status=200 duration=7ms
2026-09-15 14:45:43.923  INFO 14108 --- [1dd75df2] [userId=anonymous] [0.0-8080-exec-8] c.b.d.config.RequestLoggingFilter        : method=OPTIONS uri=/api/dealspot/products/get-product-details/5268 status=200 duration=3ms
2026-09-15 14:45:43.940 DEBUG 14108 --- [bef738f6] [userId=2] [0.0-8080-exec-4] c.b.d.security.JwtAuthenticationFilter   : Authenticated user ID [2] with role(s) [[ROLE_SUPER_ADMIN]] for URI [/api/dealspot/stores/fetch-store/1]
2026-09-15 14:45:43.952 DEBUG 14108 --- [27e0ef26] [userId=2] [0.0-8080-exec-6] c.b.d.security.JwtAuthenticationFilter   : Authenticated user ID [2] with role(s) [[ROLE_SUPER_ADMIN]] for URI [/api/dealspot/offers/2/is-saved]
2026-09-15 14:45:43.952 DEBUG 14108 --- [d3f8c832] [userId=2] [0.0-8080-exec-7] c.b.d.security.JwtAuthenticationFilter   : Authenticated user ID [2] with role(s) [[ROLE_SUPER_ADMIN]] for URI [/api/dealspot/store-branches/store/1/branches]
2026-09-15 14:45:43.953 DEBUG 14108 --- [339dbd39] [userId=2] [.0-8080-exec-10] c.b.d.security.JwtAuthenticationFilter   : Authenticated user ID [2] with role(s) [[ROLE_SUPER_ADMIN]] for URI [/api/dealspot/products/get-product-details/5268]
2026-09-15 14:45:43.958 DEBUG 14108 --- [9dbd7f51] [userId=2] [0.0-8080-exec-2] c.b.d.security.JwtAuthenticationFilter   : Authenticated user ID [2] with role(s) [[ROLE_SUPER_ADMIN]] for URI [/api/coupons/fetch-all]
2026-09-15 14:45:43.972 DEBUG 14108 --- [6c73a7a9] [userId=2] [0.0-8080-exec-3] c.b.d.security.JwtAuthenticationFilter   : Authenticated user ID [2] with role(s) [[ROLE_SUPER_ADMIN]] for URI [/api/dealspot/products/fetch-product/5268]
2026-09-15 14:45:44.003  INFO 14108 --- [339dbd39] [userId=2] [.0-8080-exec-10] c.b.d.config.RequestLoggingFilter        : method=GET uri=/api/dealspot/products/get-product-details/5268 status=200 duration=66ms
2026-09-15 14:45:44.011  INFO 14108 --- [d3f8c832] [userId=2] [0.0-8080-exec-7] c.b.d.config.RequestLoggingFilter        : method=GET uri=/api/dealspot/store-branches/store/1/branches status=200 duration=96ms
2026-09-15 14:45:44.012  INFO 14108 --- [bef738f6] [userId=2] [0.0-8080-exec-4] c.b.d.config.RequestLoggingFilter        : method=GET uri=/api/dealspot/stores/fetch-store/1 status=200 duration=97ms
2026-09-15 14:45:44.013  INFO 14108 --- [27e0ef26] [userId=2] [0.0-8080-exec-6] c.b.d.config.RequestLoggingFilter        : method=GET uri=/api/dealspot/offers/2/is-saved status=200 duration=81ms
2026-09-15 14:45:44.025  INFO 14108 --- [9dbd7f51] [userId=2] [0.0-8080-exec-2] c.b.d.config.RequestLoggingFilter        : method=GET uri=/api/coupons/fetch-all status=200 duration=93ms
2026-09-15 14:45:44.041  INFO 14108 --- [6c73a7a9] [userId=2] [0.0-8080-exec-3] c.b.d.config.RequestLoggingFilter        : method=GET uri=/api/dealspot/products/fetch-product/5268 status=200 duration=108ms
2026-09-15 14:45:57.731 DEBUG 14108 --- [9124f1f8] [userId=2] [0.0-8080-exec-5] c.b.d.security.JwtAuthenticationFilter   : Authenticated user ID [2] with role(s) [[ROLE_SUPER_ADMIN]] for URI [/api/dealspot/notifications/unread-count]
2026-09-15 14:45:57.734 DEBUG 14108 --- [71e12f29] [userId=2] [0.0-8080-exec-9] c.b.d.security.JwtAuthenticationFilter   : Authenticated user ID [2] with role(s) [[ROLE_SUPER_ADMIN]] for URI [/api/dealspot/notifications/my]
2026-09-15 14:45:57.746  INFO 14108 --- [9124f1f8] [userId=2] [0.0-8080-exec-5] c.b.d.config.RequestLoggingFilter        : method=GET uri=/api/dealspot/notifications/unread-count status=200 duration=27ms
2026-09-15 14:45:57.760  INFO 14108 --- [71e12f29] [userId=2] [0.0-8080-exec-9] c.b.d.config.RequestLoggingFilter        : method=GET uri=/api/dealspot/notifications/my?page=0&size=5 status=200 duration=41ms
2026-09-15 14:45:59.550  INFO 14108 --- [75a8d7c8] [userId=anonymous] [0.0-8080-exec-1] c.b.d.config.RequestLoggingFilter        : method=OPTIONS uri=/api/dealspot/offers/fetch-offer/6 status=200 duration=3ms
2026-09-15 14:45:59.571 DEBUG 14108 --- [c2b85fa8] [userId=2] [0.0-8080-exec-8] c.b.d.security.JwtAuthenticationFilter   : Authenticated user ID [2] with role(s) [[ROLE_SUPER_ADMIN]] for URI [/api/dealspot/offers/fetch-offer/6]
2026-09-15 14:45:59.593  INFO 14108 --- [c2b85fa8] [userId=2] [0.0-8080-exec-8] c.b.d.config.RequestLoggingFilter        : method=GET uri=/api/dealspot/offers/fetch-offer/6 status=200 duration=38ms
2026-09-15 14:45:59.609  INFO 14108 --- [d2a9bbb5] [userId=anonymous] [.0-8080-exec-10] c.b.d.config.RequestLoggingFilter        : method=OPTIONS uri=/api/dealspot/offers/6/is-saved status=200 duration=5ms
2026-09-15 14:45:59.618  INFO 14108 --- [9b8ef37c] [userId=anonymous] [.0-8080-exec-10] c.b.d.config.RequestLoggingFilter        : method=OPTIONS uri=/api/dealspot/products/fetch-product/5331 status=200 duration=3ms
2026-09-15 14:45:59.612  INFO 14108 --- [ba748d7d] [userId=anonymous] [0.0-8080-exec-4] c.b.d.config.RequestLoggingFilter        : method=OPTIONS uri=/api/dealspot/stores/fetch-store/2 status=200 duration=1ms
2026-09-15 14:45:59.622  INFO 14108 --- [dd7fd381] [userId=anonymous] [0.0-8080-exec-6] c.b.d.config.RequestLoggingFilter        : method=OPTIONS uri=/api/dealspot/products/get-product-details/5331 status=200 duration=3ms
2026-09-15 14:45:59.622  INFO 14108 --- [a97f4463] [userId=anonymous] [0.0-8080-exec-7] c.b.d.config.RequestLoggingFilter        : method=OPTIONS uri=/api/dealspot/store-branches/store/2/branches status=200 duration=12ms
2026-09-15 14:45:59.666 DEBUG 14108 --- [f595d685] [userId=2] [0.0-8080-exec-5] c.b.d.security.JwtAuthenticationFilter   : Authenticated user ID [2] with role(s) [[ROLE_SUPER_ADMIN]] for URI [/api/coupons/fetch-all]
2026-09-15 14:45:59.668 DEBUG 14108 --- [81fe696b] [userId=2] [0.0-8080-exec-3] c.b.d.security.JwtAuthenticationFilter   : Authenticated user ID [2] with role(s) [[ROLE_SUPER_ADMIN]] for URI [/api/dealspot/offers/6/is-saved]
2026-09-15 14:45:59.681 DEBUG 14108 --- [3f52d530] [userId=2] [0.0-8080-exec-8] c.b.d.security.JwtAuthenticationFilter   : Authenticated user ID [2] with role(s) [[ROLE_SUPER_ADMIN]] for URI [/api/dealspot/products/get-product-details/5331]
2026-09-15 14:45:59.682 DEBUG 14108 --- [40822b2c] [userId=2] [0.0-8080-exec-1] c.b.d.security.JwtAuthenticationFilter   : Authenticated user ID [2] with role(s) [[ROLE_SUPER_ADMIN]] for URI [/api/dealspot/stores/fetch-store/2]
2026-09-15 14:45:59.682 DEBUG 14108 --- [3122f42d] [userId=2] [0.0-8080-exec-9] c.b.d.security.JwtAuthenticationFilter   : Authenticated user ID [2] with role(s) [[ROLE_SUPER_ADMIN]] for URI [/api/dealspot/products/fetch-product/5331]
2026-09-15 14:45:59.700  INFO 14108 --- [3f52d530] [userId=2] [0.0-8080-exec-8] c.b.d.config.RequestLoggingFilter        : method=GET uri=/api/dealspot/products/get-product-details/5331 status=200 duration=51ms
2026-09-15 14:45:59.708 DEBUG 14108 --- [7c26a26a] [userId=2] [0.0-8080-exec-2] c.b.d.security.JwtAuthenticationFilter   : Authenticated user ID [2] with role(s) [[ROLE_SUPER_ADMIN]] for URI [/api/dealspot/store-branches/store/2/branches]
2026-09-15 14:45:59.710  INFO 14108 --- [f595d685] [userId=2] [0.0-8080-exec-5] c.b.d.config.RequestLoggingFilter        : method=GET uri=/api/coupons/fetch-all status=200 duration=86ms
2026-09-15 14:45:59.722  INFO 14108 --- [81fe696b] [userId=2] [0.0-8080-exec-3] c.b.d.config.RequestLoggingFilter        : method=GET uri=/api/dealspot/offers/6/is-saved status=200 duration=101ms
2026-09-15 14:45:59.726  INFO 14108 --- [40822b2c] [userId=2] [0.0-8080-exec-1] c.b.d.config.RequestLoggingFilter        : method=GET uri=/api/dealspot/stores/fetch-store/2 status=200 duration=85ms
2026-09-15 14:45:59.746  INFO 14108 --- [3122f42d] [userId=2] [0.0-8080-exec-9] c.b.d.config.RequestLoggingFilter        : method=GET uri=/api/dealspot/products/fetch-product/5331 status=200 duration=105ms
2026-09-15 14:45:59.750  INFO 14108 --- [7c26a26a] [userId=2] [0.0-8080-exec-2] c.b.d.config.RequestLoggingFilter        : method=GET uri=/api/dealspot/store-branches/store/2/branches status=200 duration=74ms
2026-09-15 14:46:03.531 DEBUG 14108 --- [f72fb698] [userId=2] [0.0-8080-exec-7] c.b.d.security.JwtAuthenticationFilter   : Authenticated user ID [2] with role(s) [[ROLE_SUPER_ADMIN]] for URI [/api/dealspot/offers/fetch-all-offers]
2026-09-15 14:46:03.531 DEBUG 14108 --- [95866348] [userId=2] [0.0-8080-exec-6] c.b.d.security.JwtAuthenticationFilter   : Authenticated user ID [2] with role(s) [[ROLE_SUPER_ADMIN]] for URI [/api/dealspot/categories/fetch-categories]
2026-09-15 14:46:03.531 DEBUG 14108 --- [c4b46398] [userId=2] [.0-8080-exec-10] c.b.d.security.JwtAuthenticationFilter   : Authenticated user ID [2] with role(s) [[ROLE_SUPER_ADMIN]] for URI [/api/dealspot/offers/my-saved]
2026-09-15 14:46:03.541 DEBUG 14108 --- [411dea6f] [userId=2] [0.0-8080-exec-5] c.b.d.security.JwtAuthenticationFilter   : Authenticated user ID [2] with role(s) [[ROLE_SUPER_ADMIN]] for URI [/api/dealspot/brands/search]
2026-09-15 14:46:03.543 DEBUG 14108 --- [1683d0a1] [userId=2] [0.0-8080-exec-8] c.b.d.security.JwtAuthenticationFilter   : Authenticated user ID [2] with role(s) [[ROLE_SUPER_ADMIN]] for URI [/api/flyers/fetch-all-flyers]
2026-09-15 14:46:03.542  INFO 14108 --- [95866348] [userId=2] [0.0-8080-exec-6] c.b.d.config.RequestLoggingFilter        : method=GET uri=/api/dealspot/categories/fetch-categories status=200 duration=27ms
2026-09-15 14:46:03.546 DEBUG 14108 --- [79dbfeb0] [userId=2] [0.0-8080-exec-4] c.b.d.security.JwtAuthenticationFilter   : Authenticated user ID [2] with role(s) [[ROLE_SUPER_ADMIN]] for URI [/api/dealspot/stores/fetch-all-stores]
2026-09-15 14:46:03.559  INFO 14108 --- [411dea6f] [userId=2] [0.0-8080-exec-5] c.b.d.config.RequestLoggingFilter        : method=GET uri=/api/dealspot/brands/search?page=0&size=15&featured=true status=200 duration=34ms
2026-09-15 14:46:03.580  INFO 14108 --- [c4b46398] [userId=2] [.0-8080-exec-10] c.b.d.config.RequestLoggingFilter        : method=GET uri=/api/dealspot/offers/my-saved status=200 duration=72ms
2026-09-15 14:46:03.582  INFO 14108 --- [1683d0a1] [userId=2] [0.0-8080-exec-8] c.b.d.config.RequestLoggingFilter        : method=GET uri=/api/flyers/fetch-all-flyers status=200 duration=63ms
2026-09-15 14:46:03.617 DEBUG 14108 --- [f6eedbbb] [userId=2] [0.0-8080-exec-3] c.b.d.security.JwtAuthenticationFilter   : Authenticated user ID [2] with role(s) [[ROLE_SUPER_ADMIN]] for URI [/api/dealspot/offers/my-saved]
2026-09-15 14:46:03.640  INFO 14108 --- [79dbfeb0] [userId=2] [0.0-8080-exec-4] c.b.d.config.RequestLoggingFilter        : method=GET uri=/api/dealspot/stores/fetch-all-stores status=200 duration=125ms
2026-09-15 14:46:03.658  INFO 14108 --- [f6eedbbb] [userId=2] [0.0-8080-exec-3] c.b.d.config.RequestLoggingFilter        : method=GET uri=/api/dealspot/offers/my-saved status=200 duration=71ms
2026-09-15 14:46:03.678 DEBUG 14108 --- [52fb2435] [userId=2] [0.0-8080-exec-1] c.b.d.security.JwtAuthenticationFilter   : Authenticated user ID [2] with role(s) [[ROLE_SUPER_ADMIN]] for URI [/api/dealspot/stores/fetch-all-stores]
2026-09-15 14:46:03.719  INFO 14108 --- [52fb2435] [userId=2] [0.0-8080-exec-1] c.b.d.config.RequestLoggingFilter        : method=GET uri=/api/dealspot/stores/fetch-all-stores status=200 duration=71ms
2026-09-15 14:46:03.787  INFO 14108 --- [f72fb698] [userId=2] [0.0-8080-exec-7] c.b.d.config.RequestLoggingFilter        : method=GET uri=/api/dealspot/offers/fetch-all-offers status=200 duration=272ms
2026-09-15 14:46:07.617 DEBUG 14108 --- [8d3f2857] [userId=2] [0.0-8080-exec-2] c.b.d.security.JwtAuthenticationFilter   : Authenticated user ID [2] with role(s) [[ROLE_SUPER_ADMIN]] for URI [/api/dealspot/notifications/my]
2026-09-15 14:46:07.618 DEBUG 14108 --- [488e0007] [userId=2] [0.0-8080-exec-9] c.b.d.security.JwtAuthenticationFilter   : Authenticated user ID [2] with role(s) [[ROLE_SUPER_ADMIN]] for URI [/api/dealspot/notifications/unread-count]
2026-09-15 14:46:07.622 DEBUG 14108 --- [cb5197c0] [userId=2] [0.0-8080-exec-5] c.b.d.security.JwtAuthenticationFilter   : Authenticated user ID [2] with role(s) [[ROLE_SUPER_ADMIN]] for URI [/api/dealspot/offers/fetch-all-offers]
2026-09-15 14:46:07.626 DEBUG 14108 --- [e9d59a0f] [userId=2] [0.0-8080-exec-6] c.b.d.security.JwtAuthenticationFilter   : Authenticated user ID [2] with role(s) [[ROLE_SUPER_ADMIN]] for URI [/api/dealspot/stores/fetch-all-stores]
2026-09-15 14:46:07.627 DEBUG 14108 --- [863ef8c5] [userId=2] [.0-8080-exec-10] c.b.d.security.JwtAuthenticationFilter   : Authenticated user ID [2] with role(s) [[ROLE_SUPER_ADMIN]] for URI [/api/flyers/fetch-all-flyers]
2026-09-15 14:46:07.630 DEBUG 14108 --- [c9c4ba29] [userId=2] [0.0-8080-exec-8] c.b.d.security.JwtAuthenticationFilter   : Authenticated user ID [2] with role(s) [[ROLE_SUPER_ADMIN]] for URI [/api/dealspot/admin/partner-requests]
2026-09-15 14:46:07.632  INFO 14108 --- [488e0007] [userId=2] [0.0-8080-exec-9] c.b.d.config.RequestLoggingFilter        : method=GET uri=/api/dealspot/notifications/unread-count status=200 duration=32ms
2026-09-15 14:46:07.640  INFO 14108 --- [8d3f2857] [userId=2] [0.0-8080-exec-2] c.b.d.config.RequestLoggingFilter        : method=GET uri=/api/dealspot/notifications/my?page=0&size=5 status=200 duration=33ms
2026-09-15 14:46:07.642  INFO 14108 --- [863ef8c5] [userId=2] [.0-8080-exec-10] c.b.d.config.RequestLoggingFilter        : method=GET uri=/api/flyers/fetch-all-flyers status=200 duration=25ms
2026-09-15 14:46:07.644  INFO 14108 --- [c9c4ba29] [userId=2] [0.0-8080-exec-8] c.b.d.config.RequestLoggingFilter        : method=GET uri=/api/dealspot/admin/partner-requests?status=PENDING status=200 duration=24ms
2026-09-15 14:46:07.654 DEBUG 14108 --- [7dbe298f] [userId=2] [0.0-8080-exec-3] c.b.d.security.JwtAuthenticationFilter   : Authenticated user ID [2] with role(s) [[ROLE_SUPER_ADMIN]] for URI [/api/dealspot/admin/audit-logs/recent]
2026-09-15 14:46:07.657  INFO 14108 --- [e9d59a0f] [userId=2] [0.0-8080-exec-6] c.b.d.config.RequestLoggingFilter        : method=GET uri=/api/dealspot/stores/fetch-all-stores status=200 duration=44ms
2026-09-15 14:46:07.659 DEBUG 14108 --- [5f0e3b87] [userId=2] [0.0-8080-exec-4] c.b.d.security.JwtAuthenticationFilter   : Authenticated user ID [2] with role(s) [[ROLE_SUPER_ADMIN]] for URI [/api/coupons/fetch-all]
2026-09-15 14:46:07.689  INFO 14108 --- [7dbe298f] [userId=2] [0.0-8080-exec-3] c.b.d.config.RequestLoggingFilter        : method=GET uri=/api/dealspot/admin/audit-logs/recent status=200 duration=47ms
2026-09-15 14:46:07.712  INFO 14108 --- [5f0e3b87] [userId=2] [0.0-8080-exec-4] c.b.d.config.RequestLoggingFilter        : method=GET uri=/api/coupons/fetch-all status=200 duration=77ms
2026-09-15 14:46:07.778  INFO 14108 --- [cb5197c0] [userId=2] [0.0-8080-exec-5] c.b.d.config.RequestLoggingFilter        : method=GET uri=/api/dealspot/offers/fetch-all-offers?includeExpired=true status=200 duration=163ms
2026-09-15 14:46:09.374  INFO 14108 --- [d7588751] [userId=anonymous] [0.0-8080-exec-9] c.b.d.config.RequestLoggingFilter        : method=GET uri=/api/dealspot/categories/fetch-categories status=200 duration=13ms
2026-09-15 14:46:09.376  INFO 14108 --- [46d2afa3] [userId=anonymous] [0.0-8080-exec-8] c.b.d.config.RequestLoggingFilter        : method=GET uri=/api/dealspot/brands/search?page=0&size=15&featured=true status=200 duration=13ms
2026-09-15 14:46:09.384  INFO 14108 --- [8db3ccc4] [userId=anonymous] [0.0-8080-exec-1] c.b.d.config.RequestLoggingFilter        : method=GET uri=/api/dealspot/cities/fetch-all status=200 duration=27ms
2026-09-15 14:46:09.414  INFO 14108 --- [7b10cdd9] [userId=anonymous] [.0-8080-exec-10] c.b.d.config.RequestLoggingFilter        : method=GET uri=/api/flyers/fetch-all-flyers status=200 duration=52ms
2026-09-15 14:46:09.425  INFO 14108 --- [8f73394a] [userId=anonymous] [0.0-8080-exec-7] c.b.d.config.RequestLoggingFilter        : method=GET uri=/api/dealspot/stores/fetch-all-stores status=200 duration=66ms
2026-09-15 14:46:09.492  INFO 14108 --- [428ec96f] [userId=anonymous] [0.0-8080-exec-6] c.b.d.config.RequestLoggingFilter        : method=GET uri=/api/dealspot/stores/fetch-all-stores status=200 duration=66ms
2026-09-15 14:46:09.617  INFO 14108 --- [3fdcbe5c] [userId=anonymous] [0.0-8080-exec-2] c.b.d.config.RequestLoggingFilter        : method=GET uri=/api/dealspot/offers/fetch-all-offers status=200 duration=256ms
2026-09-15 14:46:13.611  INFO 14108 --- [a40a82fa] [userId=anonymous] [0.0-8080-exec-3] c.b.d.config.RequestLoggingFilter        : method=GET uri=/api/dealspot/cities/fetch-all status=200 duration=10ms
2026-09-15 14:46:21.040  INFO 14108 --- [226daed5] [userId=anonymous] [0.0-8080-exec-4] c.b.d.config.RequestLoggingFilter        : method=OPTIONS uri=/api/dealspot/auth/admin/login status=200 duration=1ms
2026-09-15 14:46:21.045 DEBUG 14108 --- [17b94a31] [userId=anonymous] [0.0-8080-exec-5] c.b.dealspot.controller.AuthController   : Admin login attempt for email: admin@1
2026-09-15 14:46:21.167  INFO 14108 --- [17b94a31] [userId=anonymous] [0.0-8080-exec-5] c.b.dealspot.controller.AuthController   : Admin login successful for email: admin@1
2026-09-15 14:46:21.167  INFO 14108 --- [17b94a31] [userId=anonymous] [0.0-8080-exec-5] c.b.d.config.RequestLoggingFilter        : method=POST uri=/api/dealspot/auth/admin/login status=200 duration=124ms
2026-09-15 14:46:21.723 DEBUG 14108 --- [e0dc40ec] [userId=2] [0.0-8080-exec-9] c.b.d.security.JwtAuthenticationFilter   : Authenticated user ID [2] with role(s) [[ROLE_SUPER_ADMIN]] for URI [/api/dealspot/notifications/unread-count]
2026-09-15 14:46:21.723 DEBUG 14108 --- [97d7a3ed] [userId=2] [0.0-8080-exec-8] c.b.d.security.JwtAuthenticationFilter   : Authenticated user ID [2] with role(s) [[ROLE_SUPER_ADMIN]] for URI [/api/dealspot/notifications/my]
2026-09-15 14:46:21.728 DEBUG 14108 --- [ce57b3fe] [userId=2] [0.0-8080-exec-1] c.b.d.security.JwtAuthenticationFilter   : Authenticated user ID [2] with role(s) [[ROLE_SUPER_ADMIN]] for URI [/api/dealspot/stores/fetch-all-stores]
2026-09-15 14:46:21.733 DEBUG 14108 --- [a79d501f] [userId=2] [0.0-8080-exec-7] c.b.d.security.JwtAuthenticationFilter   : Authenticated user ID [2] with role(s) [[ROLE_SUPER_ADMIN]] for URI [/api/flyers/fetch-all-flyers]
2026-09-15 14:46:21.736 DEBUG 14108 --- [ffa73e64] [userId=2] [.0-8080-exec-10] c.b.d.security.JwtAuthenticationFilter   : Authenticated user ID [2] with role(s) [[ROLE_SUPER_ADMIN]] for URI [/api/dealspot/offers/fetch-all-offers]
2026-09-15 14:46:21.739 DEBUG 14108 --- [4a06d904] [userId=2] [0.0-8080-exec-6] c.b.d.security.JwtAuthenticationFilter   : Authenticated user ID [2] with role(s) [[ROLE_SUPER_ADMIN]] for URI [/api/dealspot/admin/partner-requests]
2026-09-15 14:46:21.745  INFO 14108 --- [e0dc40ec] [userId=2] [0.0-8080-exec-9] c.b.d.config.RequestLoggingFilter        : method=GET uri=/api/dealspot/notifications/unread-count status=200 duration=40ms
2026-09-15 14:46:21.756  INFO 14108 --- [4a06d904] [userId=2] [0.0-8080-exec-6] c.b.d.config.RequestLoggingFilter        : method=GET uri=/api/dealspot/admin/partner-requests?status=PENDING status=200 duration=29ms
2026-09-15 14:46:21.756  INFO 14108 --- [a79d501f] [userId=2] [0.0-8080-exec-7] c.b.d.config.RequestLoggingFilter        : method=GET uri=/api/flyers/fetch-all-flyers status=200 duration=33ms
2026-09-15 14:46:21.757  INFO 14108 --- [97d7a3ed] [userId=2] [0.0-8080-exec-8] c.b.d.config.RequestLoggingFilter        : method=GET uri=/api/dealspot/notifications/my?page=0&size=5 status=200 duration=48ms
2026-09-15 14:46:21.761 DEBUG 14108 --- [76cc6522] [userId=2] [0.0-8080-exec-2] c.b.d.security.JwtAuthenticationFilter   : Authenticated user ID [2] with role(s) [[ROLE_SUPER_ADMIN]] for URI [/api/coupons/fetch-all]
2026-09-15 14:46:21.766  INFO 14108 --- [ce57b3fe] [userId=2] [0.0-8080-exec-1] c.b.d.config.RequestLoggingFilter        : method=GET uri=/api/dealspot/stores/fetch-all-stores status=200 duration=47ms
2026-09-15 14:46:21.786 DEBUG 14108 --- [1be6d22d] [userId=2] [0.0-8080-exec-8] c.b.d.security.JwtAuthenticationFilter   : Authenticated user ID [2] with role(s) [[ROLE_SUPER_ADMIN]] for URI [/api/dealspot/admin/audit-logs/recent]
2026-09-15 14:46:21.821  INFO 14108 --- [76cc6522] [userId=2] [0.0-8080-exec-2] c.b.d.config.RequestLoggingFilter        : method=GET uri=/api/coupons/fetch-all status=200 duration=74ms
2026-09-15 14:46:21.832  INFO 14108 --- [1be6d22d] [userId=2] [0.0-8080-exec-8] c.b.d.config.RequestLoggingFilter        : method=GET uri=/api/dealspot/admin/audit-logs/recent status=200 duration=70ms
2026-09-15 14:46:21.979  INFO 14108 --- [ffa73e64] [userId=2] [.0-8080-exec-10] c.b.d.config.RequestLoggingFilter        : method=GET uri=/api/dealspot/offers/fetch-all-offers?includeExpired=true status=200 duration=256ms
2026-09-15 14:46:28.718  INFO 14108 --- [f75e1fd7] [userId=anonymous] [0.0-8080-exec-4] c.b.d.config.RequestLoggingFilter        : method=OPTIONS uri=/api/dealspot/admin/partner-requests status=200 duration=2ms
2026-09-15 14:46:28.734 DEBUG 14108 --- [8123c919] [userId=2] [0.0-8080-exec-5] c.b.d.security.JwtAuthenticationFilter   : Authenticated user ID [2] with role(s) [[ROLE_SUPER_ADMIN]] for URI [/api/dealspot/admin/partner-requests]
2026-09-15 14:46:28.746 DEBUG 14108 --- [79fda91c] [userId=2] [0.0-8080-exec-9] c.b.d.security.JwtAuthenticationFilter   : Authenticated user ID [2] with role(s) [[ROLE_SUPER_ADMIN]] for URI [/api/dealspot/admin/partner-requests]
2026-09-15 14:46:28.751  INFO 14108 --- [8123c919] [userId=2] [0.0-8080-exec-5] c.b.d.config.RequestLoggingFilter        : method=GET uri=/api/dealspot/admin/partner-requests?status=PENDING status=200 duration=33ms
2026-09-15 14:46:28.768  INFO 14108 --- [79fda91c] [userId=2] [0.0-8080-exec-9] c.b.d.config.RequestLoggingFilter        : method=GET uri=/api/dealspot/admin/partner-requests status=200 duration=47ms
2026-09-15 14:46:31.735  INFO 14108 --- [e526ecbe] [userId=anonymous] [0.0-8080-exec-6] c.b.d.config.RequestLoggingFilter        : method=GET uri=/api/dealspot/cities/fetch-all status=200 duration=12ms
2026-09-15 14:46:31.737  INFO 14108 --- [eab4ebd6] [userId=anonymous] [0.0-8080-exec-1] c.b.d.config.RequestLoggingFilter        : method=GET uri=/api/dealspot/categories/fetch-categories status=200 duration=10ms
2026-09-15 14:46:31.739  INFO 14108 --- [78e8e83d] [userId=anonymous] [0.0-8080-exec-8] c.b.d.config.RequestLoggingFilter        : method=GET uri=/api/dealspot/brands/search?page=0&size=15&featured=true status=200 duration=8ms
2026-09-15 14:46:31.742  INFO 14108 --- [873f90b8] [userId=anonymous] [0.0-8080-exec-2] c.b.d.config.RequestLoggingFilter        : method=GET uri=/api/flyers/fetch-all-flyers status=200 duration=12ms
2026-09-15 14:46:31.751  INFO 14108 --- [9cead805] [userId=anonymous] [0.0-8080-exec-7] c.b.d.config.RequestLoggingFilter        : method=GET uri=/api/dealspot/stores/fetch-all-stores status=200 duration=24ms
2026-09-15 14:46:31.965  INFO 14108 --- [0485da29] [userId=anonymous] [.0-8080-exec-10] c.b.d.config.RequestLoggingFilter        : method=GET uri=/api/dealspot/stores/fetch-all-stores status=200 duration=107ms
2026-09-15 14:46:32.115  INFO 14108 --- [8f80d40d] [userId=anonymous] [0.0-8080-exec-3] c.b.d.config.RequestLoggingFilter        : method=GET uri=/api/dealspot/offers/fetch-all-offers status=200 duration=385ms
2026-09-15 14:46:48.812  INFO 14108 --- [304494b3] [userId=anonymous] [0.0-8080-exec-4] c.b.d.config.RequestLoggingFilter        : method=GET uri=/api/dealspot/cities/fetch-all status=200 duration=7ms
2026-09-15 14:46:48.822  INFO 14108 --- [1356b011] [userId=anonymous] [0.0-8080-exec-9] c.b.d.config.RequestLoggingFilter        : method=GET uri=/api/dealspot/categories/fetch-categories status=200 duration=6ms
2026-09-15 14:46:48.825  INFO 14108 --- [9291d00c] [userId=anonymous] [0.0-8080-exec-8] c.b.d.config.RequestLoggingFilter        : method=GET uri=/api/dealspot/brands/search?page=0&size=15&featured=true status=200 duration=7ms
2026-09-15 14:46:48.830  INFO 14108 --- [fbe62f0e] [userId=anonymous] [0.0-8080-exec-6] c.b.d.config.RequestLoggingFilter        : method=GET uri=/api/flyers/fetch-all-flyers status=200 duration=13ms
2026-09-15 14:46:48.839  INFO 14108 --- [1efd80a0] [userId=anonymous] [0.0-8080-exec-5] c.b.d.config.RequestLoggingFilter        : method=GET uri=/api/dealspot/stores/fetch-all-stores status=200 duration=23ms
2026-09-15 14:46:48.876  INFO 14108 --- [890e2ac5] [userId=anonymous] [0.0-8080-exec-2] c.b.d.config.RequestLoggingFilter        : method=GET uri=/api/dealspot/stores/fetch-all-stores status=200 duration=17ms
2026-09-15 14:46:48.916  INFO 14108 --- [4ec1bcf9] [userId=anonymous] [0.0-8080-exec-1] c.b.d.config.RequestLoggingFilter        : method=GET uri=/api/dealspot/offers/fetch-all-offers status=200 duration=99ms
2026-09-15 14:47:18.503  INFO 14108 --- [35ec10c1] [userId=anonymous] [0.0-8080-exec-7] c.b.d.config.RequestLoggingFilter        : method=GET uri=/api/dealspot/cities/fetch-all status=200 duration=22ms
2026-09-15 14:47:18.518  INFO 14108 --- [1f7f5e9c] [userId=anonymous] [0.0-8080-exec-8] c.b.d.config.RequestLoggingFilter        : method=GET uri=/api/dealspot/brands/search?page=0&size=15&featured=true status=200 duration=12ms
2026-09-15 14:47:18.528  INFO 14108 --- [aef4f062] [userId=anonymous] [0.0-8080-exec-3] c.b.d.config.RequestLoggingFilter        : method=GET uri=/api/dealspot/categories/fetch-categories status=200 duration=28ms
2026-09-15 14:47:18.537  INFO 14108 --- [5a4e4d01] [userId=anonymous] [0.0-8080-exec-9] c.b.d.config.RequestLoggingFilter        : method=GET uri=/api/flyers/fetch-all-flyers status=200 duration=33ms
2026-09-15 14:47:18.554  INFO 14108 --- [c31cec54] [userId=anonymous] [.0-8080-exec-10] c.b.d.config.RequestLoggingFilter        : method=GET uri=/api/dealspot/stores/fetch-all-stores status=200 duration=54ms
2026-09-15 14:47:18.618  INFO 14108 --- [7d46bf81] [userId=anonymous] [0.0-8080-exec-6] c.b.d.config.RequestLoggingFilter        : method=GET uri=/api/dealspot/stores/fetch-all-stores status=200 duration=62ms
2026-09-15 14:47:18.654  INFO 14108 --- [1d6a1da1] [userId=anonymous] [0.0-8080-exec-4] c.b.d.config.RequestLoggingFilter        : method=GET uri=/api/dealspot/offers/fetch-all-offers status=200 duration=153ms
2026-09-15 14:50:47.319 DEBUG 14108 --- [90da0935] [userId=2] [.0-8080-exec-10] c.b.d.security.JwtAuthenticationFilter   : Authenticated user ID [2] with role(s) [[ROLE_SUPER_ADMIN]] for URI [/api/dealspot/notifications/my]
2026-09-15 14:50:47.319 DEBUG 14108 --- [711ce970] [userId=2] [0.0-8080-exec-9] c.b.d.security.JwtAuthenticationFilter   : Authenticated user ID [2] with role(s) [[ROLE_SUPER_ADMIN]] for URI [/api/dealspot/notifications/unread-count]
2026-09-15 14:50:47.326  INFO 14108 --- [711ce970] [userId=2] [0.0-8080-exec-9] c.b.d.config.RequestLoggingFilter        : method=GET uri=/api/dealspot/notifications/unread-count status=200 duration=17ms
2026-09-15 14:50:47.330  INFO 14108 --- [90da0935] [userId=2] [.0-8080-exec-10] c.b.d.config.RequestLoggingFilter        : method=GET uri=/api/dealspot/notifications/my?page=0&size=5 status=200 duration=21ms
2026-09-15 14:50:53.037 DEBUG 14108 --- [8add91f1] [userId=2] [0.0-8080-exec-4] c.b.d.security.JwtAuthenticationFilter   : Authenticated user ID [2] with role(s) [[ROLE_SUPER_ADMIN]] for URI [/api/dealspot/notifications/my]
2026-09-15 14:50:53.037 DEBUG 14108 --- [e189a641] [userId=2] [0.0-8080-exec-6] c.b.d.security.JwtAuthenticationFilter   : Authenticated user ID [2] with role(s) [[ROLE_SUPER_ADMIN]] for URI [/api/dealspot/notifications/unread-count]
2026-09-15 14:50:53.053  INFO 14108 --- [8add91f1] [userId=2] [0.0-8080-exec-4] c.b.d.config.RequestLoggingFilter        : method=GET uri=/api/dealspot/notifications/my?page=0&size=5 status=200 duration=34ms
2026-09-15 14:50:53.059  INFO 14108 --- [e189a641] [userId=2] [0.0-8080-exec-6] c.b.d.config.RequestLoggingFilter        : method=GET uri=/api/dealspot/notifications/unread-count status=200 duration=40ms
2026-09-15 15:04:01.358 DEBUG 14108 --- [45a31557] [userId=anonymous] [0.0-8080-exec-1] c.b.dealspot.controller.AuthController   : Admin login attempt for email: admin@dealspot.com
2026-09-15 15:04:01.484  INFO 14108 --- [45a31557] [userId=anonymous] [0.0-8080-exec-1] c.b.dealspot.controller.AuthController   : Admin login successful for email: admin@dealspot.com
2026-09-15 15:04:01.487  INFO 14108 --- [45a31557] [userId=anonymous] [0.0-8080-exec-1] c.b.d.config.RequestLoggingFilter        : method=POST uri=/api/dealspot/auth/admin/login status=200 duration=130ms
2026-09-15 15:04:01.581 DEBUG 14108 --- [fc52c726] [userId=1] [0.0-8080-exec-3] c.b.d.security.JwtAuthenticationFilter   : Authenticated user ID [1] with role(s) [[ROLE_SUPER_ADMIN]] for URI [/api/dealspot/products/fetch-all-products]
2026-09-15 15:04:20.524  INFO 14108 --- [fc52c726] [userId=1] [0.0-8080-exec-3] c.b.d.config.RequestLoggingFilter        : method=GET uri=/api/dealspot/products/fetch-all-products status=200 duration=18949ms
2026-09-15 15:04:21.795 DEBUG 14108 --- [f6b75c64] [userId=1] [0.0-8080-exec-2] c.b.d.security.JwtAuthenticationFilter   : Authenticated user ID [1] with role(s) [[ROLE_SUPER_ADMIN]] for URI [/api/dealspot/products/delete-product/5551]
2026-09-15 15:04:21.835  INFO 14108 --- [f6b75c64] [userId=1] [0.0-8080-exec-2] c.b.d.serviceImpl.ProductServiceImpl     : Product with id [5551] successfully deleted
2026-09-15 15:04:21.856  INFO 14108 --- [f6b75c64] [userId=1] [0.0-8080-exec-2] c.b.d.config.RequestLoggingFilter        : method=DELETE uri=/api/dealspot/products/delete-product/5551 status=204 duration=70ms
2026-09-15 15:04:22.898 DEBUG 14108 --- [273e17a8] [userId=1] [0.0-8080-exec-8] c.b.d.security.JwtAuthenticationFilter   : Authenticated user ID [1] with role(s) [[ROLE_SUPER_ADMIN]] for URI [/api/dealspot/admin/audit-logs]
2026-09-15 15:04:22.911  INFO 14108 --- [273e17a8] [userId=1] [0.0-8080-exec-8] c.b.d.config.RequestLoggingFilter        : method=GET uri=/api/dealspot/admin/audit-logs?page=0&size=5 status=200 duration=20ms
2026-09-15 15:04:38.741 DEBUG 14108 --- [1b7871ea] [userId=2] [.0-8080-exec-10] c.b.d.security.JwtAuthenticationFilter   : Authenticated user ID [2] with role(s) [[ROLE_SUPER_ADMIN]] for URI [/api/dealspot/notifications/unread-count]
2026-09-15 15:04:38.744 DEBUG 14108 --- [56ce8875] [userId=2] [0.0-8080-exec-4] c.b.d.security.JwtAuthenticationFilter   : Authenticated user ID [2] with role(s) [[ROLE_SUPER_ADMIN]] for URI [/api/dealspot/notifications/my]
2026-09-15 15:04:38.751  INFO 14108 --- [1b7871ea] [userId=2] [.0-8080-exec-10] c.b.d.config.RequestLoggingFilter        : method=GET uri=/api/dealspot/notifications/unread-count status=200 duration=19ms
2026-09-15 15:04:38.776 DEBUG 14108 --- [3c3ace04] [userId=2] [0.0-8080-exec-6] c.b.d.security.JwtAuthenticationFilter   : Authenticated user ID [2] with role(s) [[ROLE_SUPER_ADMIN]] for URI [/api/dealspot/stores/fetch-all-stores]
2026-09-15 15:04:38.782 DEBUG 14108 --- [b9932b98] [userId=2] [0.0-8080-exec-1] c.b.d.security.JwtAuthenticationFilter   : Authenticated user ID [2] with role(s) [[ROLE_SUPER_ADMIN]] for URI [/api/dealspot/admin/partner-requests]
2026-09-15 15:04:38.786 DEBUG 14108 --- [0bb6c18a] [userId=2] [0.0-8080-exec-3] c.b.d.security.JwtAuthenticationFilter   : Authenticated user ID [2] with role(s) [[ROLE_SUPER_ADMIN]] for URI [/api/coupons/fetch-all]
2026-09-15 15:04:38.791 DEBUG 14108 --- [97d987da] [userId=2] [0.0-8080-exec-5] c.b.d.security.JwtAuthenticationFilter   : Authenticated user ID [2] with role(s) [[ROLE_SUPER_ADMIN]] for URI [/api/dealspot/offers/fetch-all-offers]
2026-09-15 15:04:38.791 DEBUG 14108 --- [fd7ca3a1] [userId=2] [0.0-8080-exec-7] c.b.d.security.JwtAuthenticationFilter   : Authenticated user ID [2] with role(s) [[ROLE_SUPER_ADMIN]] for URI [/api/flyers/fetch-all-flyers]
2026-09-15 15:04:38.799  INFO 14108 --- [56ce8875] [userId=2] [0.0-8080-exec-4] c.b.d.config.RequestLoggingFilter        : method=GET uri=/api/dealspot/notifications/my?page=0&size=5 status=200 duration=66ms
2026-09-15 15:04:38.806  INFO 14108 --- [b9932b98] [userId=2] [0.0-8080-exec-1] c.b.d.config.RequestLoggingFilter        : method=GET uri=/api/dealspot/admin/partner-requests?status=PENDING status=200 duration=46ms
2026-09-15 15:04:38.825 DEBUG 14108 --- [c0a419e2] [userId=2] [0.0-8080-exec-2] c.b.d.security.JwtAuthenticationFilter   : Authenticated user ID [2] with role(s) [[ROLE_SUPER_ADMIN]] for URI [/api/dealspot/admin/audit-logs/recent]
2026-09-15 15:04:38.831  INFO 14108 --- [0bb6c18a] [userId=2] [0.0-8080-exec-3] c.b.d.config.RequestLoggingFilter        : method=GET uri=/api/coupons/fetch-all status=200 duration=70ms
2026-09-15 15:04:38.831  INFO 14108 --- [3c3ace04] [userId=2] [0.0-8080-exec-6] c.b.d.config.RequestLoggingFilter        : method=GET uri=/api/dealspot/stores/fetch-all-stores status=200 duration=81ms
2026-09-15 15:04:38.841  INFO 14108 --- [fd7ca3a1] [userId=2] [0.0-8080-exec-7] c.b.d.config.RequestLoggingFilter        : method=GET uri=/api/flyers/fetch-all-flyers status=200 duration=83ms
2026-09-15 15:04:38.865  INFO 14108 --- [c0a419e2] [userId=2] [0.0-8080-exec-2] c.b.d.config.RequestLoggingFilter        : method=GET uri=/api/dealspot/admin/audit-logs/recent status=200 duration=62ms
2026-09-15 15:04:39.016  INFO 14108 --- [97d987da] [userId=2] [0.0-8080-exec-5] c.b.d.config.RequestLoggingFilter        : method=GET uri=/api/dealspot/offers/fetch-all-offers?includeExpired=true status=200 duration=261ms
2026-09-15 15:04:41.437 DEBUG 14108 --- [409c107d] [userId=2] [0.0-8080-exec-9] c.b.d.security.JwtAuthenticationFilter   : Authenticated user ID [2] with role(s) [[ROLE_SUPER_ADMIN]] for URI [/api/dealspot/categories/fetch-categories]
2026-09-15 15:04:41.437 DEBUG 14108 --- [4623b2af] [userId=2] [0.0-8080-exec-8] c.b.d.security.JwtAuthenticationFilter   : Authenticated user ID [2] with role(s) [[ROLE_SUPER_ADMIN]] for URI [/api/dealspot/brands/search]
2026-09-15 15:04:41.441 DEBUG 14108 --- [156a55f7] [userId=2] [.0-8080-exec-10] c.b.d.security.JwtAuthenticationFilter   : Authenticated user ID [2] with role(s) [[ROLE_SUPER_ADMIN]] for URI [/api/dealspot/products/paged]
2026-09-15 15:04:41.446  INFO 14108 --- [409c107d] [userId=2] [0.0-8080-exec-9] c.b.d.config.RequestLoggingFilter        : method=GET uri=/api/dealspot/categories/fetch-categories status=200 duration=20ms
2026-09-15 15:04:41.591  INFO 14108 --- [156a55f7] [userId=2] [.0-8080-exec-10] c.b.d.config.RequestLoggingFilter        : method=GET uri=/api/dealspot/products/paged?page=0&size=20&sortBy=createdAt&direction=desc status=200 duration=164ms
2026-09-15 15:04:41.605  INFO 14108 --- [4623b2af] [userId=2] [0.0-8080-exec-8] c.b.d.config.RequestLoggingFilter        : method=GET uri=/api/dealspot/brands/search?page=0&size=50 status=200 duration=179ms
2026-09-15 15:04:44.799  INFO 14108 --- [3b2a958c] [userId=anonymous] [0.0-8080-exec-4] c.b.d.config.RequestLoggingFilter        : method=OPTIONS uri=/api/dealspot/products/paged?page=0&size=20&sortBy=createdAt&direction=desc&search=toma status=200 duration=0ms
2026-09-15 15:04:44.799  INFO 14108 --- [65aed085] [userId=anonymous] [0.0-8080-exec-1] c.b.d.config.RequestLoggingFilter        : method=OPTIONS uri=/api/dealspot/products/paged?page=0&size=6&sortBy=nameEn&direction=asc&search=toma status=200 duration=0ms
2026-09-15 15:04:44.810 DEBUG 14108 --- [93619914] [userId=2] [0.0-8080-exec-6] c.b.d.security.JwtAuthenticationFilter   : Authenticated user ID [2] with role(s) [[ROLE_SUPER_ADMIN]] for URI [/api/dealspot/products/paged]
2026-09-15 15:04:44.810 DEBUG 14108 --- [c742097b] [userId=2] [0.0-8080-exec-3] c.b.d.security.JwtAuthenticationFilter   : Authenticated user ID [2] with role(s) [[ROLE_SUPER_ADMIN]] for URI [/api/dealspot/products/paged]
2026-09-15 15:04:44.894  INFO 14108 --- [c742097b] [userId=2] [0.0-8080-exec-3] c.b.d.config.RequestLoggingFilter        : method=GET uri=/api/dealspot/products/paged?page=0&size=6&sortBy=nameEn&direction=asc&search=toma status=200 duration=92ms
2026-09-15 15:04:45.005  INFO 14108 --- [93619914] [userId=2] [0.0-8080-exec-6] c.b.d.config.RequestLoggingFilter        : method=GET uri=/api/dealspot/products/paged?page=0&size=20&sortBy=createdAt&direction=desc&search=toma status=200 duration=203ms
2026-09-15 15:04:46.572  INFO 14108 --- [1e0e6dd3] [userId=anonymous] [0.0-8080-exec-7] c.b.d.config.RequestLoggingFilter        : method=OPTIONS uri=/api/dealspot/products/paged?page=0&size=20&sortBy=createdAt&direction=desc&search=tomato status=200 duration=1ms
2026-09-15 15:04:46.572  INFO 14108 --- [69c540ec] [userId=anonymous] [0.0-8080-exec-2] c.b.d.config.RequestLoggingFilter        : method=OPTIONS uri=/api/dealspot/products/paged?page=0&size=6&sortBy=nameEn&direction=asc&search=tomato status=200 duration=0ms
2026-09-15 15:04:46.582 DEBUG 14108 --- [97e094c5] [userId=2] [0.0-8080-exec-9] c.b.d.security.JwtAuthenticationFilter   : Authenticated user ID [2] with role(s) [[ROLE_SUPER_ADMIN]] for URI [/api/dealspot/products/paged]
2026-09-15 15:04:46.582 DEBUG 14108 --- [b7c2fb19] [userId=2] [0.0-8080-exec-5] c.b.d.security.JwtAuthenticationFilter   : Authenticated user ID [2] with role(s) [[ROLE_SUPER_ADMIN]] for URI [/api/dealspot/products/paged]
2026-09-15 15:04:46.690  INFO 14108 --- [97e094c5] [userId=2] [0.0-8080-exec-9] c.b.d.config.RequestLoggingFilter        : method=GET uri=/api/dealspot/products/paged?page=0&size=6&sortBy=nameEn&direction=asc&search=tomato status=200 duration=116ms
2026-09-15 15:04:46.803  INFO 14108 --- [b7c2fb19] [userId=2] [0.0-8080-exec-5] c.b.d.config.RequestLoggingFilter        : method=GET uri=/api/dealspot/products/paged?page=0&size=20&sortBy=createdAt&direction=desc&search=tomato status=200 duration=229ms
2026-09-15 15:04:49.264 DEBUG 14108 --- [e4c8990c] [userId=2] [.0-8080-exec-10] c.b.d.security.JwtAuthenticationFilter   : Authenticated user ID [2] with role(s) [[ROLE_SUPER_ADMIN]] for URI [/api/dealspot/products/paged]
2026-09-15 15:04:49.364  INFO 14108 --- [e4c8990c] [userId=2] [.0-8080-exec-10] c.b.d.config.RequestLoggingFilter        : method=GET uri=/api/dealspot/products/paged?page=0&size=20&sortBy=createdAt&direction=desc status=200 duration=110ms
2026-09-15 15:04:54.838  INFO 14108 --- [b356c4b8] [userId=anonymous] [0.0-8080-exec-8] c.b.d.config.RequestLoggingFilter        : method=OPTIONS uri=/api/dealspot/products/paged?page=0&size=20&sortBy=createdAt&direction=desc&categoryId=39 status=200 duration=1ms
2026-09-15 15:04:54.856 DEBUG 14108 --- [452c92ac] [userId=2] [0.0-8080-exec-1] c.b.d.security.JwtAuthenticationFilter   : Authenticated user ID [2] with role(s) [[ROLE_SUPER_ADMIN]] for URI [/api/dealspot/products/paged]
2026-09-15 15:04:54.970  INFO 14108 --- [452c92ac] [userId=2] [0.0-8080-exec-1] c.b.d.config.RequestLoggingFilter        : method=GET uri=/api/dealspot/products/paged?page=0&size=20&sortBy=createdAt&direction=desc&categoryId=39 status=200 duration=130ms
2026-09-15 15:04:57.630  INFO 14108 --- [d45bee18] [userId=anonymous] [0.0-8080-exec-4] c.b.d.config.RequestLoggingFilter        : method=OPTIONS uri=/api/dealspot/products/paged?page=0&size=20&sortBy=createdAt&direction=desc&categoryId=45 status=200 duration=2ms
2026-09-15 15:04:57.651 DEBUG 14108 --- [cecb90ae] [userId=2] [0.0-8080-exec-3] c.b.d.security.JwtAuthenticationFilter   : Authenticated user ID [2] with role(s) [[ROLE_SUPER_ADMIN]] for URI [/api/dealspot/products/paged]
2026-09-15 15:04:57.724  INFO 14108 --- [cecb90ae] [userId=2] [0.0-8080-exec-3] c.b.d.config.RequestLoggingFilter        : method=GET uri=/api/dealspot/products/paged?page=0&size=20&sortBy=createdAt&direction=desc&categoryId=45 status=200 duration=92ms
2026-09-15 15:05:01.216  INFO 14108 --- [b18e3bb3] [userId=anonymous] [0.0-8080-exec-6] c.b.d.config.RequestLoggingFilter        : method=OPTIONS uri=/api/dealspot/products/paged?page=1&size=20&sortBy=createdAt&direction=desc&categoryId=45 status=200 duration=1ms
2026-09-15 15:05:01.234 DEBUG 14108 --- [3e8f86f4] [userId=2] [0.0-8080-exec-2] c.b.d.security.JwtAuthenticationFilter   : Authenticated user ID [2] with role(s) [[ROLE_SUPER_ADMIN]] for URI [/api/dealspot/products/paged]
2026-09-15 15:05:01.308  INFO 14108 --- [3e8f86f4] [userId=2] [0.0-8080-exec-2] c.b.d.config.RequestLoggingFilter        : method=GET uri=/api/dealspot/products/paged?page=1&size=20&sortBy=createdAt&direction=desc&categoryId=45 status=200 duration=90ms
2026-09-15 15:18:29.893  INFO 14108 --- [c41c3aac] [userId=anonymous] [0.0-8080-exec-4] c.b.d.config.RequestLoggingFilter        : method=OPTIONS uri=/api/dealspot/notifications/all?page=0&size=15 status=200 duration=1ms
2026-09-15 15:18:29.921 DEBUG 14108 --- [31efc458] [userId=2] [0.0-8080-exec-3] c.b.d.security.JwtAuthenticationFilter   : Authenticated user ID [2] with role(s) [[ROLE_SUPER_ADMIN]] for URI [/api/dealspot/notifications/all]
2026-09-15 15:18:29.936  INFO 14108 --- [31efc458] [userId=2] [0.0-8080-exec-3] c.b.d.config.RequestLoggingFilter        : method=GET uri=/api/dealspot/notifications/all?page=0&size=15 status=200 duration=35ms
2026-09-15 15:21:03.077  INFO 14108 --- [ae085dbc] [userId=anonymous] [0.0-8080-exec-2] c.b.d.config.RequestLoggingFilter        : method=GET uri=/api/dealspot/cities/fetch-all status=200 duration=10ms
2026-09-15 15:21:03.090  INFO 14108 --- [a348b5b7] [userId=anonymous] [0.0-8080-exec-9] c.b.d.config.RequestLoggingFilter        : method=GET uri=/api/dealspot/categories/fetch-categories status=200 duration=14ms
2026-09-15 15:21:03.091  INFO 14108 --- [c8068206] [userId=anonymous] [0.0-8080-exec-8] c.b.d.config.RequestLoggingFilter        : method=GET uri=/api/dealspot/brands/search?page=0&size=15&featured=true status=200 duration=7ms
2026-09-15 15:21:03.097  INFO 14108 --- [51bfea2e] [userId=anonymous] [.0-8080-exec-10] c.b.d.config.RequestLoggingFilter        : method=GET uri=/api/flyers/fetch-all-flyers status=200 duration=20ms
2026-09-15 15:21:03.172  INFO 14108 --- [cc0c224a] [userId=anonymous] [0.0-8080-exec-7] c.b.d.config.RequestLoggingFilter        : method=GET uri=/api/dealspot/stores/fetch-all-stores status=200 duration=96ms
2026-09-15 15:21:03.626  INFO 14108 --- [79053ad1] [userId=anonymous] [0.0-8080-exec-1] c.b.d.config.RequestLoggingFilter        : method=GET uri=/api/dealspot/stores/fetch-all-stores status=200 duration=425ms
2026-09-15 15:21:04.078  INFO 14108 --- [543afb3c] [userId=anonymous] [0.0-8080-exec-5] c.b.d.config.RequestLoggingFilter        : method=GET uri=/api/dealspot/offers/fetch-all-offers status=200 duration=1002ms
2026-09-15 15:21:06.159  INFO 14108 --- [4b2f49ed] [userId=anonymous] [0.0-8080-exec-4] c.b.d.config.RequestLoggingFilter        : method=GET uri=/api/dealspot/cities/fetch-all status=200 duration=12ms
2026-09-15 15:21:09.693  INFO 14108 --- [4902fe59] [userId=anonymous] [0.0-8080-exec-3] c.b.d.config.RequestLoggingFilter        : method=OPTIONS uri=/api/dealspot/auth/admin/login status=200 duration=1ms
2026-09-15 15:21:09.698 DEBUG 14108 --- [672d9de4] [userId=anonymous] [0.0-8080-exec-6] c.b.dealspot.controller.AuthController   : Admin login attempt for email: admin@1
2026-09-15 15:21:09.807  INFO 14108 --- [672d9de4] [userId=anonymous] [0.0-8080-exec-6] c.b.dealspot.controller.AuthController   : Admin login successful for email: admin@1
2026-09-15 15:21:09.807  INFO 14108 --- [672d9de4] [userId=anonymous] [0.0-8080-exec-6] c.b.d.config.RequestLoggingFilter        : method=POST uri=/api/dealspot/auth/admin/login status=200 duration=111ms
2026-09-15 15:21:10.339  INFO 14108 --- [2199969f] [userId=anonymous] [0.0-8080-exec-2] c.b.d.config.RequestLoggingFilter        : method=OPTIONS uri=/api/dealspot/notifications/unread-count status=200 duration=1ms
2026-09-15 15:21:10.342  INFO 14108 --- [0010e480] [userId=anonymous] [0.0-8080-exec-9] c.b.d.config.RequestLoggingFilter        : method=OPTIONS uri=/api/dealspot/notifications/my?page=0&size=5 status=200 duration=2ms
2026-09-15 15:21:10.354  INFO 14108 --- [24666f8f] [userId=anonymous] [0.0-8080-exec-7] c.b.d.config.RequestLoggingFilter        : method=OPTIONS uri=/api/dealspot/stores/fetch-all-stores status=200 duration=0ms
2026-09-15 15:21:10.355  INFO 14108 --- [c08d763f] [userId=anonymous] [0.0-8080-exec-1] c.b.d.config.RequestLoggingFilter        : method=OPTIONS uri=/api/dealspot/offers/fetch-all-offers?includeExpired=true status=200 duration=0ms
2026-09-15 15:21:10.355 DEBUG 14108 --- [1f31e825] [userId=2] [0.0-8080-exec-8] c.b.d.security.JwtAuthenticationFilter   : Authenticated user ID [2] with role(s) [[ROLE_SUPER_ADMIN]] for URI [/api/dealspot/notifications/unread-count]
2026-09-15 15:21:10.355 DEBUG 14108 --- [46d897da] [userId=2] [.0-8080-exec-10] c.b.d.security.JwtAuthenticationFilter   : Authenticated user ID [2] with role(s) [[ROLE_SUPER_ADMIN]] for URI [/api/dealspot/notifications/my]
2026-09-15 15:21:10.357  INFO 14108 --- [a1172c05] [userId=anonymous] [0.0-8080-exec-5] c.b.d.config.RequestLoggingFilter        : method=OPTIONS uri=/api/flyers/fetch-all-flyers status=200 duration=2ms
2026-09-15 15:21:10.359  INFO 14108 --- [0a3e137d] [userId=anonymous] [0.0-8080-exec-4] c.b.d.config.RequestLoggingFilter        : method=OPTIONS uri=/api/coupons/fetch-all status=200 duration=0ms
2026-09-15 15:21:10.360  INFO 14108 --- [92ffaee0] [userId=anonymous] [0.0-8080-exec-6] c.b.d.config.RequestLoggingFilter        : method=OPTIONS uri=/api/dealspot/admin/partner-requests?status=PENDING status=200 duration=0ms
2026-09-15 15:21:10.360  INFO 14108 --- [6c378165] [userId=anonymous] [0.0-8080-exec-3] c.b.d.config.RequestLoggingFilter        : method=OPTIONS uri=/api/dealspot/admin/audit-logs/recent status=200 duration=0ms
2026-09-15 15:21:10.365  INFO 14108 --- [1f31e825] [userId=2] [0.0-8080-exec-8] c.b.d.config.RequestLoggingFilter        : method=GET uri=/api/dealspot/notifications/unread-count status=200 duration=22ms
2026-09-15 15:21:10.376  INFO 14108 --- [46d897da] [userId=2] [.0-8080-exec-10] c.b.d.config.RequestLoggingFilter        : method=GET uri=/api/dealspot/notifications/my?page=0&size=5 status=200 duration=32ms
2026-09-15 15:21:10.378 DEBUG 14108 --- [2052ad68] [userId=2] [0.0-8080-exec-1] c.b.d.security.JwtAuthenticationFilter   : Authenticated user ID [2] with role(s) [[ROLE_SUPER_ADMIN]] for URI [/api/coupons/fetch-all]
2026-09-15 15:21:10.378 DEBUG 14108 --- [1a5a930e] [userId=2] [0.0-8080-exec-7] c.b.d.security.JwtAuthenticationFilter   : Authenticated user ID [2] with role(s) [[ROLE_SUPER_ADMIN]] for URI [/api/flyers/fetch-all-flyers]
2026-09-15 15:21:10.378 DEBUG 14108 --- [502f33ba] [userId=2] [0.0-8080-exec-2] c.b.d.security.JwtAuthenticationFilter   : Authenticated user ID [2] with role(s) [[ROLE_SUPER_ADMIN]] for URI [/api/dealspot/stores/fetch-all-stores]
2026-09-15 15:21:10.379 DEBUG 14108 --- [a979f768] [userId=2] [0.0-8080-exec-9] c.b.d.security.JwtAuthenticationFilter   : Authenticated user ID [2] with role(s) [[ROLE_SUPER_ADMIN]] for URI [/api/dealspot/offers/fetch-all-offers]
2026-09-15 15:21:10.382 DEBUG 14108 --- [dfe3cba8] [userId=2] [0.0-8080-exec-5] c.b.d.security.JwtAuthenticationFilter   : Authenticated user ID [2] with role(s) [[ROLE_SUPER_ADMIN]] for URI [/api/dealspot/admin/partner-requests]
2026-09-15 15:21:10.387 DEBUG 14108 --- [2c199151] [userId=2] [0.0-8080-exec-4] c.b.d.security.JwtAuthenticationFilter   : Authenticated user ID [2] with role(s) [[ROLE_SUPER_ADMIN]] for URI [/api/dealspot/admin/audit-logs/recent]
2026-09-15 15:21:10.391  INFO 14108 --- [1a5a930e] [userId=2] [0.0-8080-exec-7] c.b.d.config.RequestLoggingFilter        : method=GET uri=/api/flyers/fetch-all-flyers status=200 duration=27ms
2026-09-15 15:21:10.395  INFO 14108 --- [dfe3cba8] [userId=2] [0.0-8080-exec-5] c.b.d.config.RequestLoggingFilter        : method=GET uri=/api/dealspot/admin/partner-requests?status=PENDING status=200 duration=22ms
2026-09-15 15:21:10.398  INFO 14108 --- [2052ad68] [userId=2] [0.0-8080-exec-1] c.b.d.config.RequestLoggingFilter        : method=GET uri=/api/coupons/fetch-all status=200 duration=34ms
2026-09-15 15:21:10.401  INFO 14108 --- [502f33ba] [userId=2] [0.0-8080-exec-2] c.b.d.config.RequestLoggingFilter        : method=GET uri=/api/dealspot/stores/fetch-all-stores status=200 duration=38ms
2026-09-15 15:21:10.403  INFO 14108 --- [2c199151] [userId=2] [0.0-8080-exec-4] c.b.d.config.RequestLoggingFilter        : method=GET uri=/api/dealspot/admin/audit-logs/recent status=200 duration=25ms
2026-09-15 15:21:10.481  INFO 14108 --- [a979f768] [userId=2] [0.0-8080-exec-9] c.b.d.config.RequestLoggingFilter        : method=GET uri=/api/dealspot/offers/fetch-all-offers?includeExpired=true status=200 duration=118ms
2026-09-15 15:21:11.966  INFO 14108 --- [57d291b9] [userId=anonymous] [0.0-8080-exec-3] c.b.d.config.RequestLoggingFilter        : method=OPTIONS uri=/api/dealspot/brands/search?page=0&size=50 status=200 duration=1ms
2026-09-15 15:21:11.966  INFO 14108 --- [19024eed] [userId=anonymous] [0.0-8080-exec-6] c.b.d.config.RequestLoggingFilter        : method=OPTIONS uri=/api/dealspot/categories/fetch-categories status=200 duration=1ms
2026-09-15 15:21:11.968  INFO 14108 --- [58eac6fa] [userId=anonymous] [0.0-8080-exec-8] c.b.d.config.RequestLoggingFilter        : method=OPTIONS uri=/api/dealspot/products/paged?page=0&size=20&sortBy=createdAt&direction=desc status=200 duration=2ms
2026-09-15 15:21:11.985 DEBUG 14108 --- [63996e76] [userId=2] [0.0-8080-exec-5] c.b.d.security.JwtAuthenticationFilter   : Authenticated user ID [2] with role(s) [[ROLE_SUPER_ADMIN]] for URI [/api/dealspot/products/paged]
2026-09-15 15:21:11.985 DEBUG 14108 --- [b8ca5758] [userId=2] [0.0-8080-exec-7] c.b.d.security.JwtAuthenticationFilter   : Authenticated user ID [2] with role(s) [[ROLE_SUPER_ADMIN]] for URI [/api/dealspot/brands/search]
2026-09-15 15:21:11.985 DEBUG 14108 --- [7e618302] [userId=2] [.0-8080-exec-10] c.b.d.security.JwtAuthenticationFilter   : Authenticated user ID [2] with role(s) [[ROLE_SUPER_ADMIN]] for URI [/api/dealspot/categories/fetch-categories]
2026-09-15 15:21:11.992  INFO 14108 --- [7e618302] [userId=2] [.0-8080-exec-10] c.b.d.config.RequestLoggingFilter        : method=GET uri=/api/dealspot/categories/fetch-categories status=200 duration=22ms
2026-09-15 15:21:12.080  INFO 14108 --- [b8ca5758] [userId=2] [0.0-8080-exec-7] c.b.d.config.RequestLoggingFilter        : method=GET uri=/api/dealspot/brands/search?page=0&size=50 status=200 duration=110ms
2026-09-15 15:21:12.081  INFO 14108 --- [63996e76] [userId=2] [0.0-8080-exec-5] c.b.d.config.RequestLoggingFilter        : method=GET uri=/api/dealspot/products/paged?page=0&size=20&sortBy=createdAt&direction=desc status=200 duration=111ms
2026-09-15 15:21:17.799  INFO 14108 --- [b283dad4] [userId=anonymous] [0.0-8080-exec-1] c.b.d.config.RequestLoggingFilter        : method=OPTIONS uri=/api/dealspot/products/paged?page=0&size=20&sortBy=createdAt&direction=desc&categoryId=39 status=200 duration=0ms
2026-09-15 15:21:17.807 DEBUG 14108 --- [f35351a7] [userId=2] [0.0-8080-exec-2] c.b.d.security.JwtAuthenticationFilter   : Authenticated user ID [2] with role(s) [[ROLE_SUPER_ADMIN]] for URI [/api/dealspot/products/paged]
2026-09-15 15:21:17.881  INFO 14108 --- [f35351a7] [userId=2] [0.0-8080-exec-2] c.b.d.config.RequestLoggingFilter        : method=GET uri=/api/dealspot/products/paged?page=0&size=20&sortBy=createdAt&direction=desc&categoryId=39 status=200 duration=79ms
2026-09-15 15:21:19.719  INFO 14108 --- [238ece92] [userId=anonymous] [0.0-8080-exec-4] c.b.d.config.RequestLoggingFilter        : method=OPTIONS uri=/api/dealspot/products/paged?page=0&size=20&sortBy=createdAt&direction=desc&categoryId=45 status=200 duration=1ms
2026-09-15 15:21:19.736 DEBUG 14108 --- [3110a856] [userId=2] [0.0-8080-exec-9] c.b.d.security.JwtAuthenticationFilter   : Authenticated user ID [2] with role(s) [[ROLE_SUPER_ADMIN]] for URI [/api/dealspot/products/paged]
2026-09-15 15:21:19.794  INFO 14108 --- [3110a856] [userId=2] [0.0-8080-exec-9] c.b.d.config.RequestLoggingFilter        : method=GET uri=/api/dealspot/products/paged?page=0&size=20&sortBy=createdAt&direction=desc&categoryId=45 status=200 duration=72ms
2026-09-15 15:21:33.389  INFO 14108 --- [ed89d95b] [userId=anonymous] [0.0-8080-exec-6] c.b.d.config.RequestLoggingFilter        : method=OPTIONS uri=/api/dealspot/products/update-product/1963 status=200 duration=4ms
2026-09-15 15:21:33.410 DEBUG 14108 --- [516649e9] [userId=2] [0.0-8080-exec-3] c.b.d.security.JwtAuthenticationFilter   : Authenticated user ID [2] with role(s) [[ROLE_SUPER_ADMIN]] for URI [/api/dealspot/products/update-product/1963]
2026-09-15 15:21:33.454  INFO 14108 --- [516649e9] [userId=2] [0.0-8080-exec-3] c.b.d.config.RequestLoggingFilter        : method=PUT uri=/api/dealspot/products/update-product/1963 status=200 duration=62ms
2026-09-15 15:21:33.507 DEBUG 14108 --- [b2db0ab3] [userId=2] [0.0-8080-exec-8] c.b.d.security.JwtAuthenticationFilter   : Authenticated user ID [2] with role(s) [[ROLE_SUPER_ADMIN]] for URI [/api/dealspot/products/paged]
2026-09-15 15:21:33.567  INFO 14108 --- [b2db0ab3] [userId=2] [0.0-8080-exec-8] c.b.d.config.RequestLoggingFilter        : method=GET uri=/api/dealspot/products/paged?page=0&size=20&sortBy=createdAt&direction=desc&categoryId=45 status=200 duration=66ms
2026-09-15 15:21:52.451  INFO 14108 --- [2595c851] [userId=anonymous] [0.0-8080-exec-5] c.b.d.config.RequestLoggingFilter        : method=OPTIONS uri=/api/dealspot/cities/fetch-all status=200 duration=1ms
2026-09-15 15:21:52.454 DEBUG 14108 --- [b043b284] [userId=2] [.0-8080-exec-10] c.b.d.security.JwtAuthenticationFilter   : Authenticated user ID [2] with role(s) [[ROLE_SUPER_ADMIN]] for URI [/api/dealspot/notifications/unread-count]
2026-09-15 15:21:52.454 DEBUG 14108 --- [9694ae29] [userId=2] [0.0-8080-exec-7] c.b.d.security.JwtAuthenticationFilter   : Authenticated user ID [2] with role(s) [[ROLE_SUPER_ADMIN]] for URI [/api/dealspot/notifications/my]
2026-09-15 15:21:52.459 DEBUG 14108 --- [5c749360] [userId=2] [0.0-8080-exec-1] c.b.d.security.JwtAuthenticationFilter   : Authenticated user ID [2] with role(s) [[ROLE_SUPER_ADMIN]] for URI [/api/dealspot/cities/fetch-all]
2026-09-15 15:21:52.462  INFO 14108 --- [b043b284] [userId=2] [.0-8080-exec-10] c.b.d.config.RequestLoggingFilter        : method=GET uri=/api/dealspot/notifications/unread-count status=200 duration=17ms
2026-09-15 15:21:52.465  INFO 14108 --- [9694ae29] [userId=2] [0.0-8080-exec-7] c.b.d.config.RequestLoggingFilter        : method=GET uri=/api/dealspot/notifications/my?page=0&size=5 status=200 duration=19ms
2026-09-15 15:21:52.468  INFO 14108 --- [5c749360] [userId=2] [0.0-8080-exec-1] c.b.d.config.RequestLoggingFilter        : method=GET uri=/api/dealspot/cities/fetch-all status=200 duration=15ms
2026-09-15 15:21:52.478  INFO 14108 --- [166cf953] [userId=anonymous] [0.0-8080-exec-2] c.b.d.config.RequestLoggingFilter        : method=OPTIONS uri=/api/dealspot/offers/my-saved status=200 duration=0ms
2026-09-15 15:21:52.483  INFO 14108 --- [3ddf0c72] [userId=anonymous] [0.0-8080-exec-3] c.b.d.config.RequestLoggingFilter        : method=OPTIONS uri=/api/dealspot/offers/fetch-all-offers status=200 duration=1ms
2026-09-15 15:21:52.487 DEBUG 14108 --- [e1438c82] [userId=2] [0.0-8080-exec-4] c.b.d.security.JwtAuthenticationFilter   : Authenticated user ID [2] with role(s) [[ROLE_SUPER_ADMIN]] for URI [/api/dealspot/stores/fetch-all-stores]
2026-09-15 15:21:52.488 DEBUG 14108 --- [14ada829] [userId=2] [0.0-8080-exec-6] c.b.d.security.JwtAuthenticationFilter   : Authenticated user ID [2] with role(s) [[ROLE_SUPER_ADMIN]] for URI [/api/dealspot/categories/fetch-categories]
2026-09-15 15:21:52.491 DEBUG 14108 --- [bf412f32] [userId=2] [0.0-8080-exec-9] c.b.d.security.JwtAuthenticationFilter   : Authenticated user ID [2] with role(s) [[ROLE_SUPER_ADMIN]] for URI [/api/dealspot/offers/my-saved]
2026-09-15 15:21:52.491  INFO 14108 --- [28cba21c] [userId=anonymous] [.0-8080-exec-10] c.b.d.config.RequestLoggingFilter        : method=OPTIONS uri=/api/dealspot/brands/search?page=0&size=15&featured=true status=200 duration=0ms
2026-09-15 15:21:52.493 DEBUG 14108 --- [891448b2] [userId=2] [0.0-8080-exec-8] c.b.d.security.JwtAuthenticationFilter   : Authenticated user ID [2] with role(s) [[ROLE_SUPER_ADMIN]] for URI [/api/flyers/fetch-all-flyers]
2026-09-15 15:21:52.493 DEBUG 14108 --- [862e5455] [userId=2] [0.0-8080-exec-5] c.b.d.security.JwtAuthenticationFilter   : Authenticated user ID [2] with role(s) [[ROLE_SUPER_ADMIN]] for URI [/api/dealspot/offers/fetch-all-offers]
2026-09-15 15:21:52.496  INFO 14108 --- [14ada829] [userId=2] [0.0-8080-exec-6] c.b.d.config.RequestLoggingFilter        : method=GET uri=/api/dealspot/categories/fetch-categories status=200 duration=14ms
2026-09-15 15:21:52.503 DEBUG 14108 --- [52507f29] [userId=2] [0.0-8080-exec-7] c.b.d.security.JwtAuthenticationFilter   : Authenticated user ID [2] with role(s) [[ROLE_SUPER_ADMIN]] for URI [/api/dealspot/brands/search]
2026-09-15 15:21:52.504  INFO 14108 --- [891448b2] [userId=2] [0.0-8080-exec-8] c.b.d.config.RequestLoggingFilter        : method=GET uri=/api/flyers/fetch-all-flyers status=200 duration=20ms
2026-09-15 15:21:52.507  INFO 14108 --- [bf412f32] [userId=2] [0.0-8080-exec-9] c.b.d.config.RequestLoggingFilter        : method=GET uri=/api/dealspot/offers/my-saved status=200 duration=26ms
2026-09-15 15:21:52.510  INFO 14108 --- [52507f29] [userId=2] [0.0-8080-exec-7] c.b.d.config.RequestLoggingFilter        : method=GET uri=/api/dealspot/brands/search?page=0&size=15&featured=true status=200 duration=16ms
2026-09-15 15:21:52.512  INFO 14108 --- [e1438c82] [userId=2] [0.0-8080-exec-4] c.b.d.config.RequestLoggingFilter        : method=GET uri=/api/dealspot/stores/fetch-all-stores status=200 duration=32ms
2026-09-15 15:21:52.517 DEBUG 14108 --- [fac33876] [userId=2] [0.0-8080-exec-1] c.b.d.security.JwtAuthenticationFilter   : Authenticated user ID [2] with role(s) [[ROLE_SUPER_ADMIN]] for URI [/api/dealspot/offers/my-saved]
2026-09-15 15:21:52.526  INFO 14108 --- [fac33876] [userId=2] [0.0-8080-exec-1] c.b.d.config.RequestLoggingFilter        : method=GET uri=/api/dealspot/offers/my-saved status=200 duration=17ms
2026-09-15 15:21:52.589  INFO 14108 --- [862e5455] [userId=2] [0.0-8080-exec-5] c.b.d.config.RequestLoggingFilter        : method=GET uri=/api/dealspot/offers/fetch-all-offers status=200 duration=104ms
2026-09-15 15:21:52.685 DEBUG 14108 --- [143afd3a] [userId=2] [0.0-8080-exec-2] c.b.d.security.JwtAuthenticationFilter   : Authenticated user ID [2] with role(s) [[ROLE_SUPER_ADMIN]] for URI [/api/dealspot/stores/fetch-all-stores]
2026-09-15 15:21:52.698  INFO 14108 --- [143afd3a] [userId=2] [0.0-8080-exec-2] c.b.d.config.RequestLoggingFilter        : method=GET uri=/api/dealspot/stores/fetch-all-stores status=200 duration=28ms
2026-09-15 15:23:18.882  INFO 14108 --- [c69067fc] [userId=anonymous] [0.0-8080-exec-4] c.b.d.config.RequestLoggingFilter        : method=OPTIONS uri=/api/dealspot/admin/users/fetch-all status=200 duration=0ms
2026-09-15 15:23:18.890 DEBUG 14108 --- [4217efc7] [userId=2] [0.0-8080-exec-1] c.b.d.security.JwtAuthenticationFilter   : Authenticated user ID [2] with role(s) [[ROLE_SUPER_ADMIN]] for URI [/api/dealspot/admin/users/fetch-all]
2026-09-15 15:23:18.899  INFO 14108 --- [4217efc7] [userId=2] [0.0-8080-exec-1] c.b.d.config.RequestLoggingFilter        : method=GET uri=/api/dealspot/admin/users/fetch-all status=200 duration=14ms
2026-09-15 15:23:57.126  INFO 14108 --- [d3ec7a62] [userId=anonymous] [0.0-8080-exec-5] c.b.d.config.RequestLoggingFilter        : method=OPTIONS uri=/api/coupons/fetch-all status=200 duration=0ms
2026-09-15 15:23:57.128  INFO 14108 --- [b21bf477] [userId=anonymous] [0.0-8080-exec-2] c.b.d.config.RequestLoggingFilter        : method=OPTIONS uri=/api/dealspot/offers/fetch-all-offers status=200 duration=0ms
2026-09-15 15:23:57.128  INFO 14108 --- [fc585d3b] [userId=anonymous] [0.0-8080-exec-8] c.b.d.config.RequestLoggingFilter        : method=OPTIONS uri=/api/dealspot/stores/fetch-all-stores status=200 duration=0ms
2026-09-15 15:23:57.128  INFO 14108 --- [ddc253b2] [userId=anonymous] [0.0-8080-exec-7] c.b.d.config.RequestLoggingFilter        : method=OPTIONS uri=/api/dealspot/products/paged?page=0&size=30&sortBy=createdAt&direction=desc status=200 duration=0ms
2026-09-15 15:23:57.137 DEBUG 14108 --- [a5f55dc3] [userId=2] [.0-8080-exec-10] c.b.d.security.JwtAuthenticationFilter   : Authenticated user ID [2] with role(s) [[ROLE_SUPER_ADMIN]] for URI [/api/dealspot/offers/fetch-all-offers]
2026-09-15 15:23:57.139 DEBUG 14108 --- [047ac7ad] [userId=2] [0.0-8080-exec-9] c.b.d.security.JwtAuthenticationFilter   : Authenticated user ID [2] with role(s) [[ROLE_SUPER_ADMIN]] for URI [/api/coupons/fetch-all]
2026-09-15 15:23:57.140 DEBUG 14108 --- [ec9df1dd] [userId=2] [0.0-8080-exec-3] c.b.d.security.JwtAuthenticationFilter   : Authenticated user ID [2] with role(s) [[ROLE_SUPER_ADMIN]] for URI [/api/dealspot/products/paged]
2026-09-15 15:23:57.144 DEBUG 14108 --- [3b23b01e] [userId=2] [0.0-8080-exec-6] c.b.d.security.JwtAuthenticationFilter   : Authenticated user ID [2] with role(s) [[ROLE_SUPER_ADMIN]] for URI [/api/dealspot/stores/fetch-all-stores]
2026-09-15 15:23:57.155  INFO 14108 --- [047ac7ad] [userId=2] [0.0-8080-exec-9] c.b.d.config.RequestLoggingFilter        : method=GET uri=/api/coupons/fetch-all status=200 duration=25ms
2026-09-15 15:23:57.161  INFO 14108 --- [3b23b01e] [userId=2] [0.0-8080-exec-6] c.b.d.config.RequestLoggingFilter        : method=GET uri=/api/dealspot/stores/fetch-all-stores status=200 duration=28ms
2026-09-15 15:23:57.223  INFO 14108 --- [a5f55dc3] [userId=2] [.0-8080-exec-10] c.b.d.config.RequestLoggingFilter        : method=GET uri=/api/dealspot/offers/fetch-all-offers status=200 duration=93ms
2026-09-15 15:23:57.264  INFO 14108 --- [ec9df1dd] [userId=2] [0.0-8080-exec-3] c.b.d.config.RequestLoggingFilter        : method=GET uri=/api/dealspot/products/paged?page=0&size=30&sortBy=createdAt&direction=desc status=200 duration=131ms
2026-09-15 15:24:33.919  INFO 14108 --- [63caeaaa] [userId=anonymous] [0.0-8080-exec-4] c.b.d.config.RequestLoggingFilter        : method=OPTIONS uri=/api/flyers/fetch-all-flyers?status=ALL status=200 duration=1ms
2026-09-15 15:24:33.920  INFO 14108 --- [88d1b251] [userId=anonymous] [0.0-8080-exec-1] c.b.d.config.RequestLoggingFilter        : method=OPTIONS uri=/api/dealspot/cities/fetch-all status=200 duration=1ms
2026-09-15 15:24:33.931 DEBUG 14108 --- [5573b2c5] [userId=2] [0.0-8080-exec-5] c.b.d.security.JwtAuthenticationFilter   : Authenticated user ID [2] with role(s) [[ROLE_SUPER_ADMIN]] for URI [/api/dealspot/stores/fetch-all-stores]
2026-09-15 15:24:33.931 DEBUG 14108 --- [5647234c] [userId=2] [0.0-8080-exec-2] c.b.d.security.JwtAuthenticationFilter   : Authenticated user ID [2] with role(s) [[ROLE_SUPER_ADMIN]] for URI [/api/flyers/fetch-all-flyers]
2026-09-15 15:24:33.932 DEBUG 14108 --- [bb56fe89] [userId=2] [0.0-8080-exec-8] c.b.d.security.JwtAuthenticationFilter   : Authenticated user ID [2] with role(s) [[ROLE_SUPER_ADMIN]] for URI [/api/dealspot/cities/fetch-all]
2026-09-15 15:24:33.946  INFO 14108 --- [5647234c] [userId=2] [0.0-8080-exec-2] c.b.d.config.RequestLoggingFilter        : method=GET uri=/api/flyers/fetch-all-flyers?status=ALL status=200 duration=23ms
2026-09-15 15:24:33.946  INFO 14108 --- [bb56fe89] [userId=2] [0.0-8080-exec-8] c.b.d.config.RequestLoggingFilter        : method=GET uri=/api/dealspot/cities/fetch-all status=200 duration=20ms
2026-09-15 15:24:33.949  INFO 14108 --- [5573b2c5] [userId=2] [0.0-8080-exec-5] c.b.d.config.RequestLoggingFilter        : method=GET uri=/api/dealspot/stores/fetch-all-stores status=200 duration=30ms
2026-09-15 15:47:59.913  INFO 14108 --- [a149a7f0] [userId=anonymous] [0.0-8080-exec-5] c.b.d.config.RequestLoggingFilter        : method=GET uri=/api/dealspot/brands/search?page=0&size=15&featured=true status=200 duration=30ms
2026-09-15 15:47:59.929  INFO 14108 --- [413ed710] [userId=anonymous] [0.0-8080-exec-1] c.b.d.config.RequestLoggingFilter        : method=GET uri=/api/dealspot/categories/fetch-categories status=200 duration=69ms
2026-09-15 15:47:59.988  INFO 14108 --- [56d3da1f] [userId=anonymous] [0.0-8080-exec-8] c.b.d.config.RequestLoggingFilter        : method=GET uri=/api/flyers/fetch-all-flyers status=200 duration=126ms
2026-09-15 15:48:00.002  INFO 14108 --- [78c14b9e] [userId=anonymous] [0.0-8080-exec-3] c.b.d.config.RequestLoggingFilter        : method=GET uri=/api/dealspot/cities/fetch-all status=200 duration=148ms
2026-09-15 15:48:00.021  INFO 14108 --- [622f1fb9] [userId=anonymous] [0.0-8080-exec-4] c.b.d.config.RequestLoggingFilter        : method=GET uri=/api/dealspot/stores/fetch-all-stores status=200 duration=161ms
2026-09-15 15:48:00.116  INFO 14108 --- [ef6c4e94] [userId=anonymous] [0.0-8080-exec-2] c.b.d.config.RequestLoggingFilter        : method=GET uri=/api/dealspot/offers/fetch-all-offers status=200 duration=256ms
2026-09-15 15:48:00.132  INFO 14108 --- [7c0c5e89] [userId=anonymous] [0.0-8080-exec-7] c.b.d.config.RequestLoggingFilter        : method=GET uri=/api/dealspot/stores/fetch-all-stores status=200 duration=31ms
2026-09-15 15:48:08.313  INFO 14108 --- [fb47afc8] [userId=anonymous] [0.0-8080-exec-9] c.b.d.config.RequestLoggingFilter        : method=GET uri=/api/dealspot/cities/fetch-all status=200 duration=10ms
2026-09-15 15:48:10.953  INFO 14108 --- [f108bad4] [userId=anonymous] [0.0-8080-exec-6] c.b.d.config.RequestLoggingFilter        : method=OPTIONS uri=/api/dealspot/auth/admin/login status=200 duration=1ms
2026-09-15 15:48:10.956 DEBUG 14108 --- [0485fb9d] [userId=anonymous] [.0-8080-exec-10] c.b.dealspot.controller.AuthController   : Admin login attempt for email: admin@1
2026-09-15 15:48:11.127  INFO 14108 --- [0485fb9d] [userId=anonymous] [.0-8080-exec-10] c.b.dealspot.controller.AuthController   : Admin login successful for email: admin@1
2026-09-15 15:48:11.140  INFO 14108 --- [0485fb9d] [userId=anonymous] [.0-8080-exec-10] c.b.d.config.RequestLoggingFilter        : method=POST uri=/api/dealspot/auth/admin/login status=200 duration=184ms
2026-09-15 15:48:11.656  INFO 14108 --- [8cce8bda] [userId=anonymous] [0.0-8080-exec-5] c.b.d.config.RequestLoggingFilter        : method=OPTIONS uri=/api/dealspot/notifications/unread-count status=200 duration=0ms
2026-09-15 15:48:11.657  INFO 14108 --- [bd59f298] [userId=anonymous] [0.0-8080-exec-1] c.b.d.config.RequestLoggingFilter        : method=OPTIONS uri=/api/dealspot/notifications/my?page=0&size=5 status=200 duration=1ms
2026-09-15 15:48:11.670  INFO 14108 --- [b409a98b] [userId=anonymous] [0.0-8080-exec-2] c.b.d.config.RequestLoggingFilter        : method=OPTIONS uri=/api/dealspot/offers/fetch-all-offers?includeExpired=true status=200 duration=1ms
2026-09-15 15:48:11.670  INFO 14108 --- [281b102d] [userId=anonymous] [0.0-8080-exec-4] c.b.d.config.RequestLoggingFilter        : method=OPTIONS uri=/api/dealspot/stores/fetch-all-stores status=200 duration=0ms
2026-09-15 15:48:11.676  INFO 14108 --- [248c33ef] [userId=anonymous] [0.0-8080-exec-9] c.b.d.config.RequestLoggingFilter        : method=OPTIONS uri=/api/dealspot/admin/partner-requests?status=PENDING status=200 duration=2ms
2026-09-15 15:48:11.677  INFO 14108 --- [08645dd7] [userId=anonymous] [0.0-8080-exec-7] c.b.d.config.RequestLoggingFilter        : method=OPTIONS uri=/api/flyers/fetch-all-flyers status=200 duration=3ms
2026-09-15 15:48:11.679  INFO 14108 --- [592699bf] [userId=anonymous] [0.0-8080-exec-2] c.b.d.config.RequestLoggingFilter        : method=OPTIONS uri=/api/coupons/fetch-all status=200 duration=0ms
2026-09-15 15:48:11.680 DEBUG 14108 --- [e4a69f58] [userId=2] [0.0-8080-exec-8] c.b.d.security.JwtAuthenticationFilter   : Authenticated user ID [2] with role(s) [[ROLE_SUPER_ADMIN]] for URI [/api/dealspot/notifications/unread-count]
2026-09-15 15:48:11.681 DEBUG 14108 --- [49fddac5] [userId=2] [0.0-8080-exec-3] c.b.d.security.JwtAuthenticationFilter   : Authenticated user ID [2] with role(s) [[ROLE_SUPER_ADMIN]] for URI [/api/dealspot/notifications/my]
2026-09-15 15:48:11.683  INFO 14108 --- [d99b1ec8] [userId=anonymous] [0.0-8080-exec-6] c.b.d.config.RequestLoggingFilter        : method=OPTIONS uri=/api/dealspot/admin/audit-logs/recent status=200 duration=1ms
2026-09-15 15:48:11.697  INFO 14108 --- [e4a69f58] [userId=2] [0.0-8080-exec-8] c.b.d.config.RequestLoggingFilter        : method=GET uri=/api/dealspot/notifications/unread-count status=200 duration=38ms
2026-09-15 15:48:11.701 DEBUG 14108 --- [cae760cb] [userId=2] [0.0-8080-exec-5] c.b.d.security.JwtAuthenticationFilter   : Authenticated user ID [2] with role(s) [[ROLE_SUPER_ADMIN]] for URI [/api/dealspot/stores/fetch-all-stores]
2026-09-15 15:48:11.701 DEBUG 14108 --- [c7bbe422] [userId=2] [0.0-8080-exec-7] c.b.d.security.JwtAuthenticationFilter   : Authenticated user ID [2] with role(s) [[ROLE_SUPER_ADMIN]] for URI [/api/dealspot/offers/fetch-all-offers]
2026-09-15 15:48:11.702 DEBUG 14108 --- [e12967fa] [userId=2] [0.0-8080-exec-1] c.b.d.security.JwtAuthenticationFilter   : Authenticated user ID [2] with role(s) [[ROLE_SUPER_ADMIN]] for URI [/api/dealspot/admin/partner-requests]
2026-09-15 15:48:11.705  INFO 14108 --- [49fddac5] [userId=2] [0.0-8080-exec-3] c.b.d.config.RequestLoggingFilter        : method=GET uri=/api/dealspot/notifications/my?page=0&size=5 status=200 duration=46ms
2026-09-15 15:48:11.712  INFO 14108 --- [e12967fa] [userId=2] [0.0-8080-exec-1] c.b.d.config.RequestLoggingFilter        : method=GET uri=/api/dealspot/admin/partner-requests?status=PENDING status=200 duration=22ms
2026-09-15 15:48:11.717 DEBUG 14108 --- [e09762d4] [userId=2] [0.0-8080-exec-4] c.b.d.security.JwtAuthenticationFilter   : Authenticated user ID [2] with role(s) [[ROLE_SUPER_ADMIN]] for URI [/api/flyers/fetch-all-flyers]
2026-09-15 15:48:11.717 DEBUG 14108 --- [4fa1bec5] [userId=2] [0.0-8080-exec-9] c.b.d.security.JwtAuthenticationFilter   : Authenticated user ID [2] with role(s) [[ROLE_SUPER_ADMIN]] for URI [/api/coupons/fetch-all]
2026-09-15 15:48:11.718  INFO 14108 --- [cae760cb] [userId=2] [0.0-8080-exec-5] c.b.d.config.RequestLoggingFilter        : method=GET uri=/api/dealspot/stores/fetch-all-stores status=200 duration=31ms
2026-09-15 15:48:11.725 DEBUG 14108 --- [184bd13e] [userId=2] [.0-8080-exec-10] c.b.d.security.JwtAuthenticationFilter   : Authenticated user ID [2] with role(s) [[ROLE_SUPER_ADMIN]] for URI [/api/dealspot/admin/audit-logs/recent]
2026-09-15 15:48:11.730  INFO 14108 --- [4fa1bec5] [userId=2] [0.0-8080-exec-9] c.b.d.config.RequestLoggingFilter        : method=GET uri=/api/coupons/fetch-all status=200 duration=26ms
2026-09-15 15:48:11.742  INFO 14108 --- [e09762d4] [userId=2] [0.0-8080-exec-4] c.b.d.config.RequestLoggingFilter        : method=GET uri=/api/flyers/fetch-all-flyers status=200 duration=43ms
2026-09-15 15:48:11.743  INFO 14108 --- [184bd13e] [userId=2] [.0-8080-exec-10] c.b.d.config.RequestLoggingFilter        : method=GET uri=/api/dealspot/admin/audit-logs/recent status=200 duration=34ms
2026-09-15 15:48:11.830  INFO 14108 --- [c7bbe422] [userId=2] [0.0-8080-exec-7] c.b.d.config.RequestLoggingFilter        : method=GET uri=/api/dealspot/offers/fetch-all-offers?includeExpired=true status=200 duration=145ms
2026-09-15 15:48:12.825  INFO 14108 --- [3a8bf300] [userId=anonymous] [0.0-8080-exec-2] c.b.d.config.RequestLoggingFilter        : method=OPTIONS uri=/api/dealspot/admin/audit-logs?page=0&size=20 status=200 duration=0ms
2026-09-15 15:48:12.838 DEBUG 14108 --- [849b6933] [userId=2] [0.0-8080-exec-6] c.b.d.security.JwtAuthenticationFilter   : Authenticated user ID [2] with role(s) [[ROLE_SUPER_ADMIN]] for URI [/api/dealspot/admin/audit-logs]
2026-09-15 15:48:12.862  INFO 14108 --- [849b6933] [userId=2] [0.0-8080-exec-6] c.b.d.config.RequestLoggingFilter        : method=GET uri=/api/dealspot/admin/audit-logs?page=0&size=20 status=200 duration=34ms
2026-09-15 15:48:47.058  INFO 14108 --- [5d5aee7c] [userId=anonymous] [0.0-8080-exec-8] c.b.d.config.RequestLoggingFilter        : method=OPTIONS uri=/api/dealspot/brands/search?page=0&size=50 status=200 duration=0ms
2026-09-15 15:48:47.059  INFO 14108 --- [e579af16] [userId=anonymous] [0.0-8080-exec-1] c.b.d.config.RequestLoggingFilter        : method=OPTIONS uri=/api/dealspot/products/paged?page=0&size=20&sortBy=createdAt&direction=desc status=200 duration=0ms
2026-09-15 15:48:47.059  INFO 14108 --- [d0e54173] [userId=anonymous] [0.0-8080-exec-3] c.b.d.config.RequestLoggingFilter        : method=OPTIONS uri=/api/dealspot/categories/fetch-categories status=200 duration=0ms
2026-09-15 15:48:47.087 DEBUG 14108 --- [2cd2e989] [userId=2] [0.0-8080-exec-5] c.b.d.security.JwtAuthenticationFilter   : Authenticated user ID [2] with role(s) [[ROLE_SUPER_ADMIN]] for URI [/api/dealspot/brands/search]
2026-09-15 15:48:47.094 DEBUG 14108 --- [d9e7b6db] [userId=2] [0.0-8080-exec-4] c.b.d.security.JwtAuthenticationFilter   : Authenticated user ID [2] with role(s) [[ROLE_SUPER_ADMIN]] for URI [/api/dealspot/categories/fetch-categories]
2026-09-15 15:48:47.102 DEBUG 14108 --- [70f3fc65] [userId=2] [0.0-8080-exec-9] c.b.d.security.JwtAuthenticationFilter   : Authenticated user ID [2] with role(s) [[ROLE_SUPER_ADMIN]] for URI [/api/dealspot/products/paged]
2026-09-15 15:48:47.113  INFO 14108 --- [d9e7b6db] [userId=2] [0.0-8080-exec-4] c.b.d.config.RequestLoggingFilter        : method=GET uri=/api/dealspot/categories/fetch-categories status=200 duration=51ms
2026-09-15 15:48:47.237  INFO 14108 --- [2cd2e989] [userId=2] [0.0-8080-exec-5] c.b.d.config.RequestLoggingFilter        : method=GET uri=/api/dealspot/brands/search?page=0&size=50 status=200 duration=176ms
2026-09-15 15:48:47.241  INFO 14108 --- [70f3fc65] [userId=2] [0.0-8080-exec-9] c.b.d.config.RequestLoggingFilter        : method=GET uri=/api/dealspot/products/paged?page=0&size=20&sortBy=createdAt&direction=desc status=200 duration=180ms
2026-09-15 15:48:51.922  INFO 14108 --- [bebfa459] [userId=anonymous] [.0-8080-exec-10] c.b.d.config.RequestLoggingFilter        : method=OPTIONS uri=/api/dealspot/products/delete-product/5549 status=200 duration=1ms
2026-09-15 15:48:51.935 DEBUG 14108 --- [4e76796c] [userId=2] [0.0-8080-exec-7] c.b.d.security.JwtAuthenticationFilter   : Authenticated user ID [2] with role(s) [[ROLE_SUPER_ADMIN]] for URI [/api/dealspot/products/delete-product/5549]
2026-09-15 15:48:51.980  INFO 14108 --- [4e76796c] [userId=2] [0.0-8080-exec-7] c.b.d.serviceImpl.ProductServiceImpl     : Product with id [5549] successfully deleted
2026-09-15 15:48:51.995  INFO 14108 --- [4e76796c] [userId=2] [0.0-8080-exec-7] c.b.d.config.RequestLoggingFilter        : method=DELETE uri=/api/dealspot/products/delete-product/5549 status=204 duration=70ms
2026-09-15 15:48:52.040 DEBUG 14108 --- [a63b8459] [userId=2] [0.0-8080-exec-2] c.b.d.security.JwtAuthenticationFilter   : Authenticated user ID [2] with role(s) [[ROLE_SUPER_ADMIN]] for URI [/api/dealspot/products/paged]
2026-09-15 15:48:52.175  INFO 14108 --- [a63b8459] [userId=2] [0.0-8080-exec-2] c.b.d.config.RequestLoggingFilter        : method=GET uri=/api/dealspot/products/paged?page=0&size=20&sortBy=createdAt&direction=desc status=200 duration=150ms
2026-09-15 15:48:56.778 DEBUG 14108 --- [2a3bda5a] [userId=2] [0.0-8080-exec-6] c.b.d.security.JwtAuthenticationFilter   : Authenticated user ID [2] with role(s) [[ROLE_SUPER_ADMIN]] for URI [/api/dealspot/admin/audit-logs]
2026-09-15 15:48:56.801  INFO 14108 --- [2a3bda5a] [userId=2] [0.0-8080-exec-6] c.b.d.config.RequestLoggingFilter        : method=GET uri=/api/dealspot/admin/audit-logs?page=0&size=20 status=200 duration=34ms
2026-09-15 15:49:06.805  INFO 14108 --- [06aa7930] [userId=anonymous] [0.0-8080-exec-8] c.b.d.config.RequestLoggingFilter        : method=OPTIONS uri=/api/dealspot/admin/audit-logs?page=0&size=20&entityType=BRAND status=200 duration=1ms
2026-09-15 15:49:06.818 DEBUG 14108 --- [021eaa3b] [userId=2] [0.0-8080-exec-1] c.b.d.security.JwtAuthenticationFilter   : Authenticated user ID [2] with role(s) [[ROLE_SUPER_ADMIN]] for URI [/api/dealspot/admin/audit-logs]
2026-09-15 15:49:06.825  INFO 14108 --- [021eaa3b] [userId=2] [0.0-8080-exec-1] c.b.d.config.RequestLoggingFilter        : method=GET uri=/api/dealspot/admin/audit-logs?page=0&size=20&entityType=BRAND status=200 duration=18ms
2026-09-15 15:49:09.397  INFO 14108 --- [11d23ee2] [userId=anonymous] [0.0-8080-exec-3] c.b.d.config.RequestLoggingFilter        : method=OPTIONS uri=/api/dealspot/admin/audit-logs?page=0&size=20&entityType=PRODUCT status=200 duration=1ms
2026-09-15 15:49:09.407 DEBUG 14108 --- [1bec23b6] [userId=2] [0.0-8080-exec-4] c.b.d.security.JwtAuthenticationFilter   : Authenticated user ID [2] with role(s) [[ROLE_SUPER_ADMIN]] for URI [/api/dealspot/admin/audit-logs]
2026-09-15 15:49:09.417  INFO 14108 --- [1bec23b6] [userId=2] [0.0-8080-exec-4] c.b.d.config.RequestLoggingFilter        : method=GET uri=/api/dealspot/admin/audit-logs?page=0&size=20&entityType=PRODUCT status=200 duration=18ms
2026-09-15 15:49:10.832 DEBUG 14108 --- [0be53c5f] [userId=2] [0.0-8080-exec-5] c.b.d.security.JwtAuthenticationFilter   : Authenticated user ID [2] with role(s) [[ROLE_SUPER_ADMIN]] for URI [/api/dealspot/admin/audit-logs]
2026-09-15 15:49:10.851  INFO 14108 --- [0be53c5f] [userId=2] [0.0-8080-exec-5] c.b.d.config.RequestLoggingFilter        : method=GET uri=/api/dealspot/admin/audit-logs?page=0&size=20 status=200 duration=27ms
2026-09-15 15:49:33.199 DEBUG 14108 --- [7991dd81] [userId=2] [0.0-8080-exec-2] c.b.d.security.JwtAuthenticationFilter   : Authenticated user ID [2] with role(s) [[ROLE_SUPER_ADMIN]] for URI [/api/dealspot/admin/audit-logs]
2026-09-15 15:49:33.214  INFO 14108 --- [7991dd81] [userId=2] [0.0-8080-exec-2] c.b.d.config.RequestLoggingFilter        : method=GET uri=/api/dealspot/admin/audit-logs?page=0&size=20 status=200 duration=24ms
2026-09-15 15:51:31.698  INFO 14108 --- [a1d418ad] [userId=anonymous] [0.0-8080-exec-3] c.b.d.config.RequestLoggingFilter        : method=OPTIONS uri=/api/dealspot/cities/fetch-all status=200 duration=1ms
2026-09-15 15:51:31.710 DEBUG 14108 --- [520bbf3f] [userId=2] [0.0-8080-exec-4] c.b.d.security.JwtAuthenticationFilter   : Authenticated user ID [2] with role(s) [[ROLE_SUPER_ADMIN]] for URI [/api/dealspot/stores/fetch-all-stores]
2026-09-15 15:51:31.714 DEBUG 14108 --- [a74c9d9e] [userId=2] [.0-8080-exec-10] c.b.d.security.JwtAuthenticationFilter   : Authenticated user ID [2] with role(s) [[ROLE_SUPER_ADMIN]] for URI [/api/dealspot/cities/fetch-all]
2026-09-15 15:51:31.714 DEBUG 14108 --- [72e748a4] [userId=2] [0.0-8080-exec-5] c.b.d.security.JwtAuthenticationFilter   : Authenticated user ID [2] with role(s) [[ROLE_SUPER_ADMIN]] for URI [/api/dealspot/categories/fetch-categories]
2026-09-15 15:51:31.723  INFO 14108 --- [72e748a4] [userId=2] [0.0-8080-exec-5] c.b.d.config.RequestLoggingFilter        : method=GET uri=/api/dealspot/categories/fetch-categories status=200 duration=24ms
2026-09-15 15:51:31.731  INFO 14108 --- [a74c9d9e] [userId=2] [.0-8080-exec-10] c.b.d.config.RequestLoggingFilter        : method=GET uri=/api/dealspot/cities/fetch-all status=200 duration=31ms
2026-09-15 15:51:31.743  INFO 14108 --- [520bbf3f] [userId=2] [0.0-8080-exec-4] c.b.d.config.RequestLoggingFilter        : method=GET uri=/api/dealspot/stores/fetch-all-stores status=200 duration=46ms
2026-09-15 15:51:34.015 DEBUG 14108 --- [8f2da569] [userId=2] [0.0-8080-exec-9] c.b.d.security.JwtAuthenticationFilter   : Authenticated user ID [2] with role(s) [[ROLE_SUPER_ADMIN]] for URI [/api/dealspot/notifications/my]
2026-09-15 15:51:34.028 DEBUG 14108 --- [077e0b78] [userId=2] [0.0-8080-exec-7] c.b.d.security.JwtAuthenticationFilter   : Authenticated user ID [2] with role(s) [[ROLE_SUPER_ADMIN]] for URI [/api/dealspot/notifications/unread-count]
2026-09-15 15:51:34.039  INFO 14108 --- [b668aa34] [userId=anonymous] [0.0-8080-exec-2] c.b.d.config.RequestLoggingFilter        : method=OPTIONS uri=/api/dealspot/stores/fetch-store/1 status=200 duration=4ms
2026-09-15 15:51:34.040  INFO 14108 --- [5ec6ad51] [userId=anonymous] [0.0-8080-exec-6] c.b.d.config.RequestLoggingFilter        : method=OPTIONS uri=/api/dealspot/store-branches/store/1/branches status=200 duration=2ms
2026-09-15 15:51:34.041  INFO 14108 --- [8f2da569] [userId=2] [0.0-8080-exec-9] c.b.d.config.RequestLoggingFilter        : method=GET uri=/api/dealspot/notifications/my?page=0&size=5 status=200 duration=36ms
2026-09-15 15:51:34.052  INFO 14108 --- [077e0b78] [userId=2] [0.0-8080-exec-7] c.b.d.config.RequestLoggingFilter        : method=GET uri=/api/dealspot/notifications/unread-count status=200 duration=47ms
2026-09-15 15:51:34.054 DEBUG 14108 --- [46a12102] [userId=2] [0.0-8080-exec-8] c.b.d.security.JwtAuthenticationFilter   : Authenticated user ID [2] with role(s) [[ROLE_SUPER_ADMIN]] for URI [/api/dealspot/cities/fetch-all]
2026-09-15 15:51:34.055 DEBUG 14108 --- [a05c150a] [userId=2] [0.0-8080-exec-1] c.b.d.security.JwtAuthenticationFilter   : Authenticated user ID [2] with role(s) [[ROLE_SUPER_ADMIN]] for URI [/api/dealspot/stores/fetch-store/1]
2026-09-15 15:51:34.060 DEBUG 14108 --- [522c9d69] [userId=2] [0.0-8080-exec-3] c.b.d.security.JwtAuthenticationFilter   : Authenticated user ID [2] with role(s) [[ROLE_SUPER_ADMIN]] for URI [/api/dealspot/store-branches/store/1/branches]
2026-09-15 15:51:34.063  INFO 14108 --- [46a12102] [userId=2] [0.0-8080-exec-8] c.b.d.config.RequestLoggingFilter        : method=GET uri=/api/dealspot/cities/fetch-all status=200 duration=23ms
2026-09-15 15:51:34.069  INFO 14108 --- [a05c150a] [userId=2] [0.0-8080-exec-1] c.b.d.config.RequestLoggingFilter        : method=GET uri=/api/dealspot/stores/fetch-store/1 status=200 duration=26ms
2026-09-15 15:51:34.075  INFO 14108 --- [522c9d69] [userId=2] [0.0-8080-exec-3] c.b.d.config.RequestLoggingFilter        : method=GET uri=/api/dealspot/store-branches/store/1/branches status=200 duration=30ms
2026-09-15 15:51:41.076  INFO 14108 --- [b3117594] [userId=anonymous] [0.0-8080-exec-5] c.b.d.config.RequestLoggingFilter        : method=OPTIONS uri=/api/dealspot/brands/fetch-brands status=200 duration=1ms
2026-09-15 15:51:41.078  INFO 14108 --- [0951e0e1] [userId=anonymous] [.0-8080-exec-10] c.b.d.config.RequestLoggingFilter        : method=OPTIONS uri=/api/dealspot/brands/search?page=0&size=20 status=200 duration=0ms
2026-09-15 15:51:41.094 DEBUG 14108 --- [d087a5c8] [userId=2] [0.0-8080-exec-6] c.b.d.security.JwtAuthenticationFilter   : Authenticated user ID [2] with role(s) [[ROLE_SUPER_ADMIN]] for URI [/api/dealspot/brands/search]
2026-09-15 15:51:41.094 DEBUG 14108 --- [a851d208] [userId=2] [0.0-8080-exec-2] c.b.d.security.JwtAuthenticationFilter   : Authenticated user ID [2] with role(s) [[ROLE_SUPER_ADMIN]] for URI [/api/dealspot/brands/fetch-brands]
2026-09-15 15:51:41.097 DEBUG 14108 --- [9050a0bd] [userId=2] [0.0-8080-exec-4] c.b.d.security.JwtAuthenticationFilter   : Authenticated user ID [2] with role(s) [[ROLE_SUPER_ADMIN]] for URI [/api/dealspot/categories/fetch-categories]
2026-09-15 15:51:41.105  INFO 14108 --- [9050a0bd] [userId=2] [0.0-8080-exec-4] c.b.d.config.RequestLoggingFilter        : method=GET uri=/api/dealspot/categories/fetch-categories status=200 duration=24ms
2026-09-15 15:51:41.167  INFO 14108 --- [d087a5c8] [userId=2] [0.0-8080-exec-6] c.b.d.config.RequestLoggingFilter        : method=GET uri=/api/dealspot/brands/search?page=0&size=20 status=200 duration=86ms
2026-09-15 15:51:43.112  INFO 14108 --- [a851d208] [userId=2] [0.0-8080-exec-2] c.b.d.config.RequestLoggingFilter        : method=GET uri=/api/dealspot/brands/fetch-brands status=200 duration=2031ms
2026-09-15 15:51:52.646  INFO 14108 --- [3c4f4ca9] [userId=anonymous] [0.0-8080-exec-9] c.b.d.config.RequestLoggingFilter        : method=OPTIONS uri=/api/dealspot/brands/search?page=0&size=20&q=t status=200 duration=1ms
2026-09-15 15:51:52.658 DEBUG 14108 --- [af8ae515] [userId=2] [0.0-8080-exec-7] c.b.d.security.JwtAuthenticationFilter   : Authenticated user ID [2] with role(s) [[ROLE_SUPER_ADMIN]] for URI [/api/dealspot/brands/search]
2026-09-15 15:51:52.718  INFO 14108 --- [af8ae515] [userId=2] [0.0-8080-exec-7] c.b.d.config.RequestLoggingFilter        : method=GET uri=/api/dealspot/brands/search?page=0&size=20&q=t status=200 duration=71ms
2026-09-15 15:51:53.103  INFO 14108 --- [b75edf3e] [userId=anonymous] [0.0-8080-exec-8] c.b.d.config.RequestLoggingFilter        : method=OPTIONS uri=/api/dealspot/brands/search?page=0&size=20&q=to status=200 duration=1ms
2026-09-15 15:51:53.112 DEBUG 14108 --- [d1ae6b02] [userId=2] [0.0-8080-exec-1] c.b.d.security.JwtAuthenticationFilter   : Authenticated user ID [2] with role(s) [[ROLE_SUPER_ADMIN]] for URI [/api/dealspot/brands/search]
2026-09-15 15:51:53.152  INFO 14108 --- [d1ae6b02] [userId=2] [0.0-8080-exec-1] c.b.d.config.RequestLoggingFilter        : method=GET uri=/api/dealspot/brands/search?page=0&size=20&q=to status=200 duration=48ms
2026-09-15 15:51:53.530  INFO 14108 --- [0144c1d8] [userId=anonymous] [0.0-8080-exec-3] c.b.d.config.RequestLoggingFilter        : method=OPTIONS uri=/api/dealspot/brands/search?page=0&size=20&q=tom status=200 duration=0ms
2026-09-15 15:51:53.551 DEBUG 14108 --- [c5cdc124] [userId=2] [0.0-8080-exec-5] c.b.d.security.JwtAuthenticationFilter   : Authenticated user ID [2] with role(s) [[ROLE_SUPER_ADMIN]] for URI [/api/dealspot/brands/search]
2026-09-15 15:51:53.563  INFO 14108 --- [c5cdc124] [userId=2] [0.0-8080-exec-5] c.b.d.config.RequestLoggingFilter        : method=GET uri=/api/dealspot/brands/search?page=0&size=20&q=tom status=200 duration=30ms
2026-09-15 15:51:55.346 DEBUG 14108 --- [46023e14] [userId=2] [.0-8080-exec-10] c.b.d.security.JwtAuthenticationFilter   : Authenticated user ID [2] with role(s) [[ROLE_SUPER_ADMIN]] for URI [/api/dealspot/brands/search]
2026-09-15 15:51:55.347 DEBUG 14108 --- [ece9df1c] [userId=2] [0.0-8080-exec-4] c.b.d.security.JwtAuthenticationFilter   : Authenticated user ID [2] with role(s) [[ROLE_SUPER_ADMIN]] for URI [/api/dealspot/categories/fetch-categories]
2026-09-15 15:51:55.347 DEBUG 14108 --- [284cfc9d] [userId=2] [0.0-8080-exec-6] c.b.d.security.JwtAuthenticationFilter   : Authenticated user ID [2] with role(s) [[ROLE_SUPER_ADMIN]] for URI [/api/dealspot/products/paged]
2026-09-15 15:51:55.354  INFO 14108 --- [ece9df1c] [userId=2] [0.0-8080-exec-4] c.b.d.config.RequestLoggingFilter        : method=GET uri=/api/dealspot/categories/fetch-categories status=200 duration=21ms
2026-09-15 15:51:55.454  INFO 14108 --- [284cfc9d] [userId=2] [0.0-8080-exec-6] c.b.d.config.RequestLoggingFilter        : method=GET uri=/api/dealspot/products/paged?page=0&size=20&sortBy=createdAt&direction=desc status=200 duration=120ms
2026-09-15 15:51:55.460  INFO 14108 --- [46023e14] [userId=2] [.0-8080-exec-10] c.b.d.config.RequestLoggingFilter        : method=GET uri=/api/dealspot/brands/search?page=0&size=50 status=200 duration=127ms
2026-09-15 15:51:57.417  INFO 14108 --- [547216b2] [userId=anonymous] [0.0-8080-exec-2] c.b.d.config.RequestLoggingFilter        : method=OPTIONS uri=/api/dealspot/products/paged?page=0&size=20&sortBy=createdAt&direction=desc&search=t status=200 duration=0ms
2026-09-15 15:51:57.418  INFO 14108 --- [ca9eed2f] [userId=anonymous] [0.0-8080-exec-9] c.b.d.config.RequestLoggingFilter        : method=OPTIONS uri=/api/dealspot/products/paged?page=0&size=6&sortBy=nameEn&direction=asc&search=t status=200 duration=1ms
2026-09-15 15:51:57.441 DEBUG 14108 --- [a5ea26c7] [userId=2] [0.0-8080-exec-8] c.b.d.security.JwtAuthenticationFilter   : Authenticated user ID [2] with role(s) [[ROLE_SUPER_ADMIN]] for URI [/api/dealspot/products/paged]
2026-09-15 15:51:57.441 DEBUG 14108 --- [af822474] [userId=2] [0.0-8080-exec-7] c.b.d.security.JwtAuthenticationFilter   : Authenticated user ID [2] with role(s) [[ROLE_SUPER_ADMIN]] for URI [/api/dealspot/products/paged]
2026-09-15 15:51:57.510  INFO 14108 --- [a5ea26c7] [userId=2] [0.0-8080-exec-8] c.b.d.config.RequestLoggingFilter        : method=GET uri=/api/dealspot/products/paged?page=0&size=6&sortBy=nameEn&direction=asc&search=t status=200 duration=89ms
2026-09-15 15:51:57.594  INFO 14108 --- [af822474] [userId=2] [0.0-8080-exec-7] c.b.d.config.RequestLoggingFilter        : method=GET uri=/api/dealspot/products/paged?page=0&size=20&sortBy=createdAt&direction=desc&search=t status=200 duration=174ms
2026-09-15 15:51:58.046  INFO 14108 --- [ae0d7a06] [userId=anonymous] [0.0-8080-exec-1] c.b.d.config.RequestLoggingFilter        : method=OPTIONS uri=/api/dealspot/products/paged?page=0&size=20&sortBy=createdAt&direction=desc&search=to status=200 duration=0ms
2026-09-15 15:51:58.046  INFO 14108 --- [2eefb0da] [userId=anonymous] [0.0-8080-exec-3] c.b.d.config.RequestLoggingFilter        : method=OPTIONS uri=/api/dealspot/products/paged?page=0&size=6&sortBy=nameEn&direction=asc&search=to status=200 duration=0ms
2026-09-15 15:51:58.056 DEBUG 14108 --- [f189c78a] [userId=2] [0.0-8080-exec-5] c.b.d.security.JwtAuthenticationFilter   : Authenticated user ID [2] with role(s) [[ROLE_SUPER_ADMIN]] for URI [/api/dealspot/products/paged]
2026-09-15 15:51:58.057 DEBUG 14108 --- [74de8d70] [userId=2] [0.0-8080-exec-4] c.b.d.security.JwtAuthenticationFilter   : Authenticated user ID [2] with role(s) [[ROLE_SUPER_ADMIN]] for URI [/api/dealspot/products/paged]
2026-09-15 15:51:58.127  INFO 14108 --- [74de8d70] [userId=2] [0.0-8080-exec-4] c.b.d.config.RequestLoggingFilter        : method=GET uri=/api/dealspot/products/paged?page=0&size=6&sortBy=nameEn&direction=asc&search=to status=200 duration=78ms
2026-09-15 15:51:58.241  INFO 14108 --- [f189c78a] [userId=2] [0.0-8080-exec-5] c.b.d.config.RequestLoggingFilter        : method=GET uri=/api/dealspot/products/paged?page=0&size=20&sortBy=createdAt&direction=desc&search=to status=200 duration=192ms
2026-09-15 15:51:58.333  INFO 14108 --- [1fc2580b] [userId=anonymous] [0.0-8080-exec-6] c.b.d.config.RequestLoggingFilter        : method=OPTIONS uri=/api/dealspot/products/paged?page=0&size=20&sortBy=createdAt&direction=desc&search=tom status=200 duration=1ms
2026-09-15 15:51:58.333  INFO 14108 --- [41870fdf] [userId=anonymous] [.0-8080-exec-10] c.b.d.config.RequestLoggingFilter        : method=OPTIONS uri=/api/dealspot/products/paged?page=0&size=6&sortBy=nameEn&direction=asc&search=tom status=200 duration=1ms
2026-09-15 15:51:58.350 DEBUG 14108 --- [94f8a5d0] [userId=2] [0.0-8080-exec-2] c.b.d.security.JwtAuthenticationFilter   : Authenticated user ID [2] with role(s) [[ROLE_SUPER_ADMIN]] for URI [/api/dealspot/products/paged]
2026-09-15 15:51:58.350 DEBUG 14108 --- [96e70404] [userId=2] [0.0-8080-exec-9] c.b.d.security.JwtAuthenticationFilter   : Authenticated user ID [2] with role(s) [[ROLE_SUPER_ADMIN]] for URI [/api/dealspot/products/paged]
2026-09-15 15:51:58.500  INFO 14108 --- [94f8a5d0] [userId=2] [0.0-8080-exec-2] c.b.d.config.RequestLoggingFilter        : method=GET uri=/api/dealspot/products/paged?page=0&size=6&sortBy=nameEn&direction=asc&search=tom status=200 duration=165ms
2026-09-15 15:51:58.638  INFO 14108 --- [96e70404] [userId=2] [0.0-8080-exec-9] c.b.d.config.RequestLoggingFilter        : method=GET uri=/api/dealspot/products/paged?page=0&size=20&sortBy=createdAt&direction=desc&search=tom status=200 duration=303ms
2026-09-15 15:52:01.307 DEBUG 14108 --- [78c39cc7] [userId=2] [0.0-8080-exec-8] c.b.d.security.JwtAuthenticationFilter   : Authenticated user ID [2] with role(s) [[ROLE_SUPER_ADMIN]] for URI [/api/dealspot/products/paged]
2026-09-15 15:52:01.393  INFO 14108 --- [78c39cc7] [userId=2] [0.0-8080-exec-8] c.b.d.config.RequestLoggingFilter        : method=GET uri=/api/dealspot/products/paged?page=0&size=20&sortBy=createdAt&direction=desc status=200 duration=94ms
2026-09-15 15:52:07.726  INFO 14108 --- [36c15bd7] [userId=anonymous] [0.0-8080-exec-7] c.b.d.config.RequestLoggingFilter        : method=OPTIONS uri=/api/dealspot/products/paged?page=0&size=20&sortBy=createdAt&direction=desc&categoryId=39 status=200 duration=1ms
2026-09-15 15:52:07.739 DEBUG 14108 --- [2bbeb0bc] [userId=2] [0.0-8080-exec-1] c.b.d.security.JwtAuthenticationFilter   : Authenticated user ID [2] with role(s) [[ROLE_SUPER_ADMIN]] for URI [/api/dealspot/products/paged]
2026-09-15 15:52:07.829  INFO 14108 --- [2bbeb0bc] [userId=2] [0.0-8080-exec-1] c.b.d.config.RequestLoggingFilter        : method=GET uri=/api/dealspot/products/paged?page=0&size=20&sortBy=createdAt&direction=desc&categoryId=39 status=200 duration=101ms
2026-09-15 15:52:11.137  INFO 14108 --- [966de690] [userId=anonymous] [0.0-8080-exec-3] c.b.d.config.RequestLoggingFilter        : method=OPTIONS uri=/api/dealspot/products/paged?page=0&size=20&sortBy=createdAt&direction=desc&categoryId=45 status=200 duration=1ms
2026-09-15 15:52:11.147 DEBUG 14108 --- [561960f9] [userId=2] [0.0-8080-exec-4] c.b.d.security.JwtAuthenticationFilter   : Authenticated user ID [2] with role(s) [[ROLE_SUPER_ADMIN]] for URI [/api/dealspot/products/paged]
2026-09-15 15:52:11.221  INFO 14108 --- [561960f9] [userId=2] [0.0-8080-exec-4] c.b.d.config.RequestLoggingFilter        : method=GET uri=/api/dealspot/products/paged?page=0&size=20&sortBy=createdAt&direction=desc&categoryId=45 status=200 duration=82ms
2026-09-15 15:52:13.664 DEBUG 14108 --- [30a2c9b7] [userId=2] [0.0-8080-exec-5] c.b.d.security.JwtAuthenticationFilter   : Authenticated user ID [2] with role(s) [[ROLE_SUPER_ADMIN]] for URI [/api/dealspot/notifications/unread-count]
2026-09-15 15:52:13.667 DEBUG 14108 --- [af32d042] [userId=2] [0.0-8080-exec-6] c.b.d.security.JwtAuthenticationFilter   : Authenticated user ID [2] with role(s) [[ROLE_SUPER_ADMIN]] for URI [/api/dealspot/notifications/my]
2026-09-15 15:52:13.671  INFO 14108 --- [30a2c9b7] [userId=2] [0.0-8080-exec-5] c.b.d.config.RequestLoggingFilter        : method=GET uri=/api/dealspot/notifications/unread-count status=200 duration=19ms
2026-09-15 15:52:13.683  INFO 14108 --- [0ad6afbb] [userId=anonymous] [.0-8080-exec-10] c.b.d.config.RequestLoggingFilter        : method=OPTIONS uri=/api/dealspot/brands/search?page=0&size=100 status=200 duration=1ms
2026-09-15 15:52:13.685  INFO 14108 --- [217011b5] [userId=anonymous] [0.0-8080-exec-9] c.b.d.config.RequestLoggingFilter        : method=OPTIONS uri=/api/dealspot/products/get-product-details/1972 status=200 duration=2ms
2026-09-15 15:52:13.685  INFO 14108 --- [f249eb62] [userId=anonymous] [0.0-8080-exec-2] c.b.d.config.RequestLoggingFilter        : method=OPTIONS uri=/api/dealspot/products/fetch-product/1972 status=200 duration=2ms
2026-09-15 15:52:13.706 DEBUG 14108 --- [7e15af9f] [userId=2] [0.0-8080-exec-1] c.b.d.security.JwtAuthenticationFilter   : Authenticated user ID [2] with role(s) [[ROLE_SUPER_ADMIN]] for URI [/api/dealspot/products/get-product-details/1972]
2026-09-15 15:52:13.712  INFO 14108 --- [7e15af9f] [userId=2] [0.0-8080-exec-1] c.b.d.config.RequestLoggingFilter        : method=GET uri=/api/dealspot/products/get-product-details/1972 status=200 duration=19ms
2026-09-15 15:52:13.712 DEBUG 14108 --- [833df202] [userId=2] [0.0-8080-exec-3] c.b.d.security.JwtAuthenticationFilter   : Authenticated user ID [2] with role(s) [[ROLE_SUPER_ADMIN]] for URI [/api/dealspot/products/fetch-product/1972]
2026-09-15 15:52:13.712 DEBUG 14108 --- [6aba5189] [userId=2] [0.0-8080-exec-8] c.b.d.security.JwtAuthenticationFilter   : Authenticated user ID [2] with role(s) [[ROLE_SUPER_ADMIN]] for URI [/api/dealspot/categories/fetch-categories]
2026-09-15 15:52:13.722 DEBUG 14108 --- [907de9f4] [userId=2] [0.0-8080-exec-7] c.b.d.security.JwtAuthenticationFilter   : Authenticated user ID [2] with role(s) [[ROLE_SUPER_ADMIN]] for URI [/api/dealspot/brands/search]
2026-09-15 15:52:13.722  INFO 14108 --- [6aba5189] [userId=2] [0.0-8080-exec-8] c.b.d.config.RequestLoggingFilter        : method=GET uri=/api/dealspot/categories/fetch-categories status=200 duration=38ms
2026-09-15 15:52:13.723  INFO 14108 --- [af32d042] [userId=2] [0.0-8080-exec-6] c.b.d.config.RequestLoggingFilter        : method=GET uri=/api/dealspot/notifications/my?page=0&size=5 status=200 duration=70ms
2026-09-15 15:52:13.730  INFO 14108 --- [833df202] [userId=2] [0.0-8080-exec-3] c.b.d.config.RequestLoggingFilter        : method=GET uri=/api/dealspot/products/fetch-product/1972 status=200 duration=30ms
2026-09-15 15:52:13.942  INFO 14108 --- [907de9f4] [userId=2] [0.0-8080-exec-7] c.b.d.config.RequestLoggingFilter        : method=GET uri=/api/dealspot/brands/search?page=0&size=100 status=200 duration=249ms
2026-09-15 15:52:15.207 DEBUG 14108 --- [38e88ab0] [userId=2] [0.0-8080-exec-5] c.b.d.security.JwtAuthenticationFilter   : Authenticated user ID [2] with role(s) [[ROLE_SUPER_ADMIN]] for URI [/api/dealspot/brands/search]
2026-09-15 15:52:15.207 DEBUG 14108 --- [6454b1a6] [userId=2] [0.0-8080-exec-4] c.b.d.security.JwtAuthenticationFilter   : Authenticated user ID [2] with role(s) [[ROLE_SUPER_ADMIN]] for URI [/api/dealspot/categories/fetch-categories]
2026-09-15 15:52:15.214  INFO 14108 --- [6454b1a6] [userId=2] [0.0-8080-exec-4] c.b.d.config.RequestLoggingFilter        : method=GET uri=/api/dealspot/categories/fetch-categories status=200 duration=16ms
2026-09-15 15:52:15.371  INFO 14108 --- [38e88ab0] [userId=2] [0.0-8080-exec-5] c.b.d.config.RequestLoggingFilter        : method=GET uri=/api/dealspot/brands/search?page=0&size=100 status=200 duration=173ms
2026-09-15 15:52:19.501 DEBUG 14108 --- [ace5e88b] [userId=2] [0.0-8080-exec-9] c.b.d.security.JwtAuthenticationFilter   : Authenticated user ID [2] with role(s) [[ROLE_SUPER_ADMIN]] for URI [/api/dealspot/notifications/my]
2026-09-15 15:52:19.501 DEBUG 14108 --- [bae242ba] [userId=2] [.0-8080-exec-10] c.b.d.security.JwtAuthenticationFilter   : Authenticated user ID [2] with role(s) [[ROLE_SUPER_ADMIN]] for URI [/api/dealspot/notifications/unread-count]
2026-09-15 15:52:19.510  INFO 14108 --- [bae242ba] [userId=2] [.0-8080-exec-10] c.b.d.config.RequestLoggingFilter        : method=GET uri=/api/dealspot/notifications/unread-count status=200 duration=18ms
2026-09-15 15:52:19.523  INFO 14108 --- [ace5e88b] [userId=2] [0.0-8080-exec-9] c.b.d.config.RequestLoggingFilter        : method=GET uri=/api/dealspot/notifications/my?page=0&size=5 status=200 duration=30ms
2026-09-15 15:52:19.565 DEBUG 14108 --- [a4aab5e1] [userId=2] [0.0-8080-exec-2] c.b.d.security.JwtAuthenticationFilter   : Authenticated user ID [2] with role(s) [[ROLE_SUPER_ADMIN]] for URI [/api/dealspot/admin/audit-logs]
2026-09-15 15:52:19.583  INFO 14108 --- [a4aab5e1] [userId=2] [0.0-8080-exec-2] c.b.d.config.RequestLoggingFilter        : method=GET uri=/api/dealspot/admin/audit-logs?page=0&size=20 status=200 duration=27ms
